[Tue, 05 Mar 2024 20:38:39 +0000] [/wp-content/cache/minify/a2afd.js] [https://www.erminevo.it/] wp-content/themes/genesis/lib/js/menu/responsive-menus.min.js
[Tue, 05 Mar 2024 20:38:40 +0000] [/wp-content/cache/minify/5839d.js] [https://www.erminevo.it/] wp-includes/js/dist/vendor/wp-polyfill-inert.min.js
wp-includes/js/dist/vendor/regenerator-runtime.min.js
wp-includes/js/dist/vendor/wp-polyfill.min.js
[Tue, 05 Mar 2024 20:38:41 +0000] [/wp-content/cache/minify/818c0.js] [https://www.erminevo.it/] wp-includes/js/jquery/jquery.min.js
wp-includes/js/jquery/jquery-migrate.min.js
[Tue, 05 Mar 2024 20:38:41 +0000] [/wp-content/cache/minify/9ef10.js] [https://www.erminevo.it/] wp-content/plugins/page-scroll-to-id/js/page-scroll-to-id.min.js
wp-includes/js/hoverIntent.min.js
wp-content/themes/genesis/lib/js/menu/superfish.min.js
wp-content/themes/genesis/lib/js/menu/superfish.args.min.js
wp-content/themes/genesis/lib/js/skip-links.min.js
wp-content/themes/ErmiTheme/js/flickity.pkgd.min.js
[Tue, 05 Mar 2024 20:38:41 +0000] [/wp-content/cache/minify/b68ea.js] [https://www.erminevo.it/] wp-content/plugins/contact-form-7/includes/js/index.js
[Tue, 05 Mar 2024 20:38:41 +0000] [/wp-content/cache/minify/1f540.js] [https://www.erminevo.it/] wp-content/plugins/contact-form-7/includes/swv/js/index.js
[Tue, 05 Mar 2024 20:38:41 +0000] [/wp-content/cache/minify/ffd7d.js] [https://www.erminevo.it/] wp-content/plugins/cookie-law-info/legacy/public/js/cookie-law-info-public.js
wp-content/plugins/ermispettacoli/public/js/ermispettacoli-public.js
[Tue, 05 Mar 2024 20:38:41 +0000] [/wp-content/cache/minify/e8954.js] [https://www.erminevo.it/] wp-content/plugins/contact-form-7/modules/recaptcha/index.js
wp-content/plugins/wp-featherlight/js/wpFeatherlight.pkgd.min.js
[Tue, 05 Mar 2024 20:38:57 +0000] [/wp-content/cache/minify/f6500.css] [https://www.erminevo.it/] wp-content/themes/ErmiTheme/style.css
[Tue, 05 Mar 2024 20:38:58 +0000] [/wp-content/cache/minify/300ec.css] [https://www.erminevo.it/] wp-includes/css/dashicons.min.css
[Tue, 05 Mar 2024 20:38:58 +0000] [/wp-content/cache/minify/4c431.css] [https://www.erminevo.it/] wp-content/plugins/contact-form-7/includes/css/styles.css
[Tue, 05 Mar 2024 20:38:58 +0000] [/wp-content/cache/minify/a5ff7.css] [https://www.erminevo.it/] wp-includes/css/dist/block-library/style.min.css
[Tue, 05 Mar 2024 20:38:58 +0000] [/wp-content/cache/minify/4e0b7.css] [https://www.erminevo.it/] wp-content/plugins/ermispettacoli/public/css/ermispettacoli-public.css
[Tue, 05 Mar 2024 20:38:58 +0000] [/wp-content/cache/minify/3888a.css] [https://www.erminevo.it/] wp-content/plugins/cookie-law-info/legacy/public/css/cookie-law-info-public.css
[Tue, 05 Mar 2024 20:38:58 +0000] [/wp-content/cache/minify/fdef4.css] [https://www.erminevo.it/] wp-content/plugins/cookie-law-info/legacy/public/css/cookie-law-info-gdpr.css
[Tue, 05 Mar 2024 20:38:58 +0000] [/wp-content/cache/minify/1d685.css] [https://www.erminevo.it/] wp-content/themes/ErmiTheme/css/flickity.min.css
[Tue, 05 Mar 2024 20:38:58 +0000] [/wp-content/cache/minify/15a18.css] [https://www.erminevo.it/] wp-content/themes/ErmiTheme/css/hamburgers.min.css
[Tue, 05 Mar 2024 20:38:58 +0000] [/wp-content/cache/minify/d085d.css] [https://www.erminevo.it/] wp-content/plugins/wp-featherlight/css/wp-featherlight.min.css
[Tue, 05 Mar 2024 20:38:58 +0000] [/wp-content/cache/minify/69e6a.css] [https://www.erminevo.it/] wp-content/themes/ErmiTheme/lib/gutenberg/front-end.css
[Tue, 05 Mar 2024 20:53:45 +0000] [/wp-content/cache/minify/fdef4.css] [https://www.erminevo.it/] wp-content/plugins/cookie-law-info/legacy/public/css/cookie-law-info-gdpr.css
[Tue, 05 Mar 2024 20:53:45 +0000] [/wp-content/cache/minify/818c0.js] [https://www.erminevo.it/] wp-includes/js/jquery/jquery.min.js
wp-includes/js/jquery/jquery-migrate.min.js
[Tue, 05 Mar 2024 20:53:45 +0000] [/wp-content/cache/minify/ffd7d.js] [https://www.erminevo.it/] wp-content/plugins/cookie-law-info/legacy/public/js/cookie-law-info-public.js
wp-content/plugins/ermispettacoli/public/js/ermispettacoli-public.js
[Tue, 05 Mar 2024 20:53:46 +0000] [/wp-content/cache/minify/a5ff7.css] [https://www.erminevo.it/] wp-includes/css/dist/block-library/style.min.css
[Tue, 05 Mar 2024 20:53:46 +0000] [/wp-content/cache/minify/3888a.css] [https://www.erminevo.it/] wp-content/plugins/cookie-law-info/legacy/public/css/cookie-law-info-public.css
[Tue, 05 Mar 2024 20:53:47 +0000] [/wp-content/cache/minify/1f540.js] [https://www.erminevo.it/] wp-content/plugins/contact-form-7/includes/swv/js/index.js
[Tue, 05 Mar 2024 20:53:47 +0000] [/wp-content/cache/minify/b68ea.js] [https://www.erminevo.it/] wp-content/plugins/contact-form-7/includes/js/index.js
[Tue, 05 Mar 2024 20:53:47 +0000] [/wp-content/cache/minify/9ef10.js] [https://www.erminevo.it/] wp-content/plugins/page-scroll-to-id/js/page-scroll-to-id.min.js
wp-includes/js/hoverIntent.min.js
wp-content/themes/genesis/lib/js/menu/superfish.min.js
wp-content/themes/genesis/lib/js/menu/superfish.args.min.js
wp-content/themes/genesis/lib/js/skip-links.min.js
wp-content/themes/ErmiTheme/js/flickity.pkgd.min.js
[Tue, 05 Mar 2024 20:53:48 +0000] [/wp-content/cache/minify/d085d.css] [https://www.erminevo.it/] wp-content/plugins/wp-featherlight/css/wp-featherlight.min.css
[Tue, 05 Mar 2024 20:53:48 +0000] [/wp-content/cache/minify/a2afd.js] [https://www.erminevo.it/] wp-content/themes/genesis/lib/js/menu/responsive-menus.min.js
[Tue, 05 Mar 2024 20:53:49 +0000] [/wp-content/cache/minify/1d685.css] [https://www.erminevo.it/] wp-content/themes/ErmiTheme/css/flickity.min.css
[Tue, 05 Mar 2024 20:53:49 +0000] [/wp-content/cache/minify/5839d.js] [https://www.erminevo.it/] wp-includes/js/dist/vendor/wp-polyfill-inert.min.js
wp-includes/js/dist/vendor/regenerator-runtime.min.js
wp-includes/js/dist/vendor/wp-polyfill.min.js
[Tue, 05 Mar 2024 20:53:49 +0000] [/wp-content/cache/minify/4c431.css] [https://www.erminevo.it/] wp-content/plugins/contact-form-7/includes/css/styles.css
[Tue, 05 Mar 2024 20:53:49 +0000] [/wp-content/cache/minify/f6500.css] [https://www.erminevo.it/] wp-content/themes/ErmiTheme/style.css
[Tue, 05 Mar 2024 20:53:49 +0000] [/wp-content/cache/minify/4e0b7.css] [https://www.erminevo.it/] wp-content/plugins/ermispettacoli/public/css/ermispettacoli-public.css
[Tue, 05 Mar 2024 20:53:49 +0000] [/wp-content/cache/minify/15a18.css] [https://www.erminevo.it/] wp-content/themes/ErmiTheme/css/hamburgers.min.css
[Tue, 05 Mar 2024 20:53:49 +0000] [/wp-content/cache/minify/69e6a.css] [https://www.erminevo.it/] wp-content/themes/ErmiTheme/lib/gutenberg/front-end.css
[Tue, 05 Mar 2024 20:53:49 +0000] [/wp-content/cache/minify/300ec.css] [https://www.erminevo.it/] wp-includes/css/dashicons.min.css
[Tue, 05 Mar 2024 20:53:50 +0000] [/wp-content/cache/minify/e8954.js] [https://www.erminevo.it/] wp-content/plugins/contact-form-7/modules/recaptcha/index.js
wp-content/plugins/wp-featherlight/js/wpFeatherlight.pkgd.min.js
[Fri, 08 Mar 2024 00:18:01 +0000] [/wp-content/cache/minify/3888a.css] [-] wp-content/plugins/cookie-law-info/legacy/public/css/cookie-law-info-public.css
[Fri, 08 Mar 2024 00:18:02 +0000] [/wp-content/cache/minify/d085d.css] [-] wp-content/plugins/wp-featherlight/css/wp-featherlight.min.css
[Fri, 08 Mar 2024 00:18:11 +0000] [/wp-content/cache/minify/1f540.js] [-] wp-content/plugins/contact-form-7/includes/swv/js/index.js
[Fri, 08 Mar 2024 00:18:11 +0000] [/wp-content/cache/minify/300ec.css] [-] wp-includes/css/dashicons.min.css
[Fri, 08 Mar 2024 00:18:12 +0000] [/wp-content/cache/minify/4c431.css] [-] wp-content/plugins/contact-form-7/includes/css/styles.css
[Fri, 08 Mar 2024 00:18:12 +0000] [/wp-content/cache/minify/5839d.js] [-] wp-includes/js/dist/vendor/wp-polyfill-inert.min.js
wp-includes/js/dist/vendor/regenerator-runtime.min.js
wp-includes/js/dist/vendor/wp-polyfill.min.js
[Fri, 08 Mar 2024 00:18:12 +0000] [/wp-content/cache/minify/69e6a.css] [-] wp-content/themes/ErmiTheme/lib/gutenberg/front-end.css
[Fri, 08 Mar 2024 00:18:13 +0000] [/wp-content/cache/minify/9ef10.js] [-] wp-content/plugins/page-scroll-to-id/js/page-scroll-to-id.min.js
wp-includes/js/hoverIntent.min.js
wp-content/themes/genesis/lib/js/menu/superfish.min.js
wp-content/themes/genesis/lib/js/menu/superfish.args.min.js
wp-content/themes/genesis/lib/js/skip-links.min.js
wp-content/themes/ErmiTheme/js/flickity.pkgd.min.js
[Fri, 08 Mar 2024 00:18:13 +0000] [/wp-content/cache/minify/a2afd.js] [-] wp-content/themes/genesis/lib/js/menu/responsive-menus.min.js
[Fri, 08 Mar 2024 00:18:14 +0000] [/wp-content/cache/minify/b68ea.js] [-] wp-content/plugins/contact-form-7/includes/js/index.js
[Fri, 08 Mar 2024 00:18:14 +0000] [/wp-content/cache/minify/e8954.js] [-] wp-content/plugins/contact-form-7/modules/recaptcha/index.js
wp-content/plugins/wp-featherlight/js/wpFeatherlight.pkgd.min.js
[Fri, 08 Mar 2024 00:18:14 +0000] [/wp-content/cache/minify/ffd7d.js] [-] wp-content/plugins/cookie-law-info/legacy/public/js/cookie-law-info-public.js
wp-content/plugins/ermispettacoli/public/js/ermispettacoli-public.js
[Fri, 08 Mar 2024 00:34:21 +0000] [/wp-content/cache/minify/a5ff7.css] [-] wp-includes/css/dist/block-library/style.min.css
[Fri, 08 Mar 2024 00:34:22 +0000] [/wp-content/cache/minify/fdef4.css] [-] wp-content/plugins/cookie-law-info/legacy/public/css/cookie-law-info-gdpr.css
[Fri, 08 Mar 2024 00:34:23 +0000] [/wp-content/cache/minify/1d685.css] [-] wp-content/themes/ErmiTheme/css/flickity.min.css
[Fri, 08 Mar 2024 00:34:23 +0000] [/wp-content/cache/minify/4e0b7.css] [-] wp-content/plugins/ermispettacoli/public/css/ermispettacoli-public.css
[Fri, 08 Mar 2024 00:34:23 +0000] [/wp-content/cache/minify/f6500.css] [-] wp-content/themes/ErmiTheme/style.css
[Fri, 08 Mar 2024 00:34:23 +0000] [/wp-content/cache/minify/15a18.css] [-] wp-content/themes/ErmiTheme/css/hamburgers.min.css
[Fri, 08 Mar 2024 03:55:14 +0000] [/wp-content/cache/minify/1d685.css] [https://www.erminevo.it/] wp-content/themes/ErmiTheme/css/flickity.min.css
[Fri, 08 Mar 2024 03:55:24 +0000] [/wp-content/cache/minify/a5ff7.css] [https://www.erminevo.it/] wp-includes/css/dist/block-library/style.min.css
[Fri, 08 Mar 2024 18:09:03 +0000] [/wp-content/cache/minify/f6500.css] [-] wp-content/themes/ErmiTheme/style.css
[Fri, 08 Mar 2024 18:09:03 +0000] [/wp-content/cache/minify/fdef4.css] [-] wp-content/plugins/cookie-law-info/legacy/public/css/cookie-law-info-gdpr.css
[Fri, 08 Mar 2024 18:09:03 +0000] [/wp-content/cache/minify/15a18.css] [https://www.erminevo.it/] wp-content/themes/ErmiTheme/css/hamburgers.min.css
[Fri, 08 Mar 2024 18:09:03 +0000] [/wp-content/cache/minify/818c0.js] [https://www.erminevo.it/] wp-includes/js/jquery/jquery.min.js
wp-includes/js/jquery/jquery-migrate.min.js
[Fri, 08 Mar 2024 18:09:04 +0000] [/wp-content/cache/minify/4e0b7.css] [-] wp-content/plugins/ermispettacoli/public/css/ermispettacoli-public.css
[Sat, 09 Mar 2024 18:21:26 +0000] [/wp-content/cache/minify/4c431.css] [https://www.erminevo.it/] wp-content/plugins/contact-form-7/includes/css/styles.css
[Sat, 09 Mar 2024 18:21:27 +0000] [/wp-content/cache/minify/a5ff7.css] [https://www.erminevo.it/] wp-includes/css/dist/block-library/style.min.css
[Sat, 09 Mar 2024 18:21:28 +0000] [/wp-content/cache/minify/3888a.css] [https://www.erminevo.it/] wp-content/plugins/cookie-law-info/legacy/public/css/cookie-law-info-public.css
[Sat, 09 Mar 2024 18:21:29 +0000] [/wp-content/cache/minify/a2afd.js] [https://www.erminevo.it/] wp-content/themes/genesis/lib/js/menu/responsive-menus.min.js
[Sat, 09 Mar 2024 18:21:30 +0000] [/wp-content/cache/minify/1d685.css] [https://www.erminevo.it/] wp-content/themes/ErmiTheme/css/flickity.min.css
[Sat, 09 Mar 2024 18:21:30 +0000] [/wp-content/cache/minify/e8954.js] [https://www.erminevo.it/] wp-content/plugins/contact-form-7/modules/recaptcha/index.js
wp-content/plugins/wp-featherlight/js/wpFeatherlight.pkgd.min.js
[Sat, 09 Mar 2024 18:21:30 +0000] [/wp-content/cache/minify/69e6a.css] [https://www.erminevo.it/] wp-content/themes/ErmiTheme/lib/gutenberg/front-end.css
[Sat, 09 Mar 2024 18:21:30 +0000] [/wp-content/cache/minify/ffd7d.js] [https://www.erminevo.it/] wp-content/plugins/cookie-law-info/legacy/public/js/cookie-law-info-public.js
wp-content/plugins/ermispettacoli/public/js/ermispettacoli-public.js
[Sat, 09 Mar 2024 18:21:30 +0000] [/wp-content/cache/minify/1f540.js] [https://www.erminevo.it/] wp-content/plugins/contact-form-7/includes/swv/js/index.js
[Sat, 09 Mar 2024 18:21:30 +0000] [/wp-content/cache/minify/b68ea.js] [https://www.erminevo.it/] wp-content/plugins/contact-form-7/includes/js/index.js
[Sat, 09 Mar 2024 18:21:30 +0000] [/wp-content/cache/minify/300ec.css] [https://www.erminevo.it/] wp-includes/css/dashicons.min.css
[Sat, 09 Mar 2024 18:21:30 +0000] [/wp-content/cache/minify/d085d.css] [https://www.erminevo.it/] wp-content/plugins/wp-featherlight/css/wp-featherlight.min.css
[Sat, 09 Mar 2024 18:21:31 +0000] [/wp-content/cache/minify/9ef10.js] [https://www.erminevo.it/] wp-content/plugins/page-scroll-to-id/js/page-scroll-to-id.min.js
wp-includes/js/hoverIntent.min.js
wp-content/themes/genesis/lib/js/menu/superfish.min.js
wp-content/themes/genesis/lib/js/menu/superfish.args.min.js
wp-content/themes/genesis/lib/js/skip-links.min.js
wp-content/themes/ErmiTheme/js/flickity.pkgd.min.js
[Sat, 09 Mar 2024 18:21:31 +0000] [/wp-content/cache/minify/5839d.js] [https://www.erminevo.it/] wp-includes/js/dist/vendor/wp-polyfill-inert.min.js
wp-includes/js/dist/vendor/regenerator-runtime.min.js
wp-includes/js/dist/vendor/wp-polyfill.min.js
[Sun, 10 Mar 2024 17:29:26 +0000] [/wp-content/cache/minify/f6500.css] [https://www.erminevo.it/] wp-content/themes/ErmiTheme/style.css
[Sun, 10 Mar 2024 17:29:28 +0000] [/wp-content/cache/minify/818c0.js] [https://www.erminevo.it/] wp-includes/js/jquery/jquery.min.js
wp-includes/js/jquery/jquery-migrate.min.js
[Mon, 11 Mar 2024 06:32:54 +0000] [/wp-content/cache/minify/fdef4.css] [https://www.erminevo.it/] wp-content/plugins/cookie-law-info/legacy/public/css/cookie-law-info-gdpr.css
[Mon, 11 Mar 2024 06:32:54 +0000] [/wp-content/cache/minify/15a18.css] [https://www.erminevo.it/] wp-content/themes/ErmiTheme/css/hamburgers.min.css
[Tue, 12 Mar 2024 10:10:11 +0000] [/wp-content/cache/minify/1f540.js] [-] wp-content/plugins/contact-form-7/includes/swv/js/index.js
[Tue, 12 Mar 2024 10:10:11 +0000] [/wp-content/cache/minify/5839d.js] [-] wp-includes/js/dist/vendor/wp-polyfill-inert.min.js
wp-includes/js/dist/vendor/regenerator-runtime.min.js
wp-includes/js/dist/vendor/wp-polyfill.min.js
[Tue, 12 Mar 2024 10:10:12 +0000] [/wp-content/cache/minify/a2afd.js] [-] wp-content/themes/genesis/lib/js/menu/responsive-menus.min.js
[Tue, 12 Mar 2024 10:10:14 +0000] [/wp-content/cache/minify/9ef10.js] [-] wp-content/plugins/page-scroll-to-id/js/page-scroll-to-id.min.js
wp-includes/js/hoverIntent.min.js
wp-content/themes/genesis/lib/js/menu/superfish.min.js
wp-content/themes/genesis/lib/js/menu/superfish.args.min.js
wp-content/themes/genesis/lib/js/skip-links.min.js
wp-content/themes/ErmiTheme/js/flickity.pkgd.min.js
[Tue, 12 Mar 2024 10:10:15 +0000] [/wp-content/cache/minify/e8954.js] [-] wp-content/plugins/contact-form-7/modules/recaptcha/index.js
wp-content/plugins/wp-featherlight/js/wpFeatherlight.pkgd.min.js
[Tue, 12 Mar 2024 10:10:16 +0000] [/wp-content/cache/minify/ffd7d.js] [-] wp-content/plugins/cookie-law-info/legacy/public/js/cookie-law-info-public.js
wp-content/plugins/ermispettacoli/public/js/ermispettacoli-public.js
[Tue, 12 Mar 2024 10:10:17 +0000] [/wp-content/cache/minify/b68ea.js] [-] wp-content/plugins/contact-form-7/includes/js/index.js
[Thu, 14 Mar 2024 07:49:22 +0000] [/wp-content/cache/minify/818c0.js] [https://www.erminevo.it/corpo-musicale-s-apollonio/] wp-includes/js/jquery/jquery.min.js
wp-includes/js/jquery/jquery-migrate.min.js
[Thu, 14 Mar 2024 10:11:18 +0000] [/wp-content/cache/minify/3888a.css] [https://www.erminevo.it/corpo-musicale-s-apollonio/] wp-content/plugins/cookie-law-info/legacy/public/css/cookie-law-info-public.css
[Thu, 14 Mar 2024 10:11:20 +0000] [/wp-content/cache/minify/4e0b7.css] [https://www.erminevo.it/corpo-musicale-s-apollonio/] wp-content/plugins/ermispettacoli/public/css/ermispettacoli-public.css
[Thu, 14 Mar 2024 10:11:23 +0000] [/wp-content/cache/minify/4c431.css] [https://www.erminevo.it/corpo-musicale-s-apollonio/] wp-content/plugins/contact-form-7/includes/css/styles.css
[Thu, 14 Mar 2024 10:11:24 +0000] [/wp-content/cache/minify/fdef4.css] [https://www.erminevo.it/corpo-musicale-s-apollonio/] wp-content/plugins/cookie-law-info/legacy/public/css/cookie-law-info-gdpr.css
[Thu, 14 Mar 2024 10:11:24 +0000] [/wp-content/cache/minify/300ec.css] [https://www.erminevo.it/corpo-musicale-s-apollonio/] wp-includes/css/dashicons.min.css
[Thu, 14 Mar 2024 10:11:26 +0000] [/wp-content/cache/minify/1f540.js] [https://www.erminevo.it/corpo-musicale-s-apollonio/] wp-content/plugins/contact-form-7/includes/swv/js/index.js
[Thu, 14 Mar 2024 10:11:27 +0000] [/wp-content/cache/minify/15a18.css] [https://www.erminevo.it/corpo-musicale-s-apollonio/] wp-content/themes/ErmiTheme/css/hamburgers.min.css
[Thu, 14 Mar 2024 20:43:53 +0000] [/wp-content/cache/minify/9ef10.js] [https://www.erminevo.it/] wp-content/plugins/page-scroll-to-id/js/page-scroll-to-id.min.js
wp-includes/js/hoverIntent.min.js
wp-content/themes/genesis/lib/js/menu/superfish.min.js
wp-content/themes/genesis/lib/js/menu/superfish.args.min.js
wp-content/themes/genesis/lib/js/skip-links.min.js
wp-content/themes/ErmiTheme/js/flickity.pkgd.min.js
[Thu, 14 Mar 2024 21:57:25 +0000] [/wp-content/cache/minify/f6500.css] [https://www.erminevo.it/tag/sempresulpezzo/] wp-content/themes/ErmiTheme/style.css
[Thu, 14 Mar 2024 21:57:26 +0000] [/wp-content/cache/minify/a5ff7.css] [https://www.erminevo.it/tag/sempresulpezzo/] wp-includes/css/dist/block-library/style.min.css
[Thu, 14 Mar 2024 21:57:27 +0000] [/wp-content/cache/minify/1d685.css] [https://www.erminevo.it/tag/sempresulpezzo/] wp-content/themes/ErmiTheme/css/flickity.min.css
[Thu, 14 Mar 2024 21:57:28 +0000] [/wp-content/cache/minify/69e6a.css] [https://www.erminevo.it/tag/sempresulpezzo/] wp-content/themes/ErmiTheme/lib/gutenberg/front-end.css
[Thu, 14 Mar 2024 21:57:29 +0000] [/wp-content/cache/minify/d085d.css] [https://www.erminevo.it/tag/sempresulpezzo/] wp-content/plugins/wp-featherlight/css/wp-featherlight.min.css
[Thu, 14 Mar 2024 21:57:30 +0000] [/wp-content/cache/minify/ffd7d.js] [https://www.erminevo.it/tag/sempresulpezzo/] wp-content/plugins/cookie-law-info/legacy/public/js/cookie-law-info-public.js
wp-content/plugins/ermispettacoli/public/js/ermispettacoli-public.js
[Thu, 14 Mar 2024 21:57:31 +0000] [/wp-content/cache/minify/b68ea.js] [https://www.erminevo.it/tag/sempresulpezzo/] wp-content/plugins/contact-form-7/includes/js/index.js
[Thu, 14 Mar 2024 21:57:32 +0000] [/wp-content/cache/minify/a2afd.js] [https://www.erminevo.it/tag/sempresulpezzo/] wp-content/themes/genesis/lib/js/menu/responsive-menus.min.js
[Thu, 14 Mar 2024 21:57:32 +0000] [/wp-content/cache/minify/5839d.js] [https://www.erminevo.it/tag/sempresulpezzo/] wp-includes/js/dist/vendor/wp-polyfill-inert.min.js
wp-includes/js/dist/vendor/regenerator-runtime.min.js
wp-includes/js/dist/vendor/wp-polyfill.min.js
[Thu, 14 Mar 2024 21:57:33 +0000] [/wp-content/cache/minify/e8954.js] [https://www.erminevo.it/tag/sempresulpezzo/] wp-content/plugins/contact-form-7/modules/recaptcha/index.js
wp-content/plugins/wp-featherlight/js/wpFeatherlight.pkgd.min.js
[Fri, 15 Mar 2024 10:04:24 +0000] [/wp-content/cache/minify/69faf.js] [https://www.erminevo.it/rientro-dalle-vacanze-con-restile/] wp-includes/js/comment-reply.min.js
[Sat, 16 Mar 2024 01:04:37 +0000] [/wp-content/cache/minify/1f540.js] [-] wp-content/plugins/contact-form-7/includes/swv/js/index.js
[Sat, 16 Mar 2024 01:04:37 +0000] [/wp-content/cache/minify/300ec.css] [-] wp-includes/css/dashicons.min.css
[Sat, 16 Mar 2024 01:04:38 +0000] [/wp-content/cache/minify/4c431.css] [-] wp-content/plugins/contact-form-7/includes/css/styles.css
[Sat, 16 Mar 2024 01:04:40 +0000] [/wp-content/cache/minify/3888a.css] [-] wp-content/plugins/cookie-law-info/legacy/public/css/cookie-law-info-public.css
[Sat, 16 Mar 2024 01:04:50 +0000] [/wp-content/cache/minify/15a18.css] [-] wp-content/themes/ErmiTheme/css/hamburgers.min.css
[Sat, 16 Mar 2024 01:04:51 +0000] [/wp-content/cache/minify/4e0b7.css] [-] wp-content/plugins/ermispettacoli/public/css/ermispettacoli-public.css
[Sat, 16 Mar 2024 01:04:51 +0000] [/wp-content/cache/minify/818c0.js] [-] wp-includes/js/jquery/jquery.min.js
wp-includes/js/jquery/jquery-migrate.min.js
[Sat, 16 Mar 2024 01:04:52 +0000] [/wp-content/cache/minify/fdef4.css] [-] wp-content/plugins/cookie-law-info/legacy/public/css/cookie-law-info-gdpr.css
[Sat, 16 Mar 2024 19:10:41 +0000] [/wp-content/cache/minify/f6500.css] [https://www.erminevo.it/] wp-content/themes/ErmiTheme/style.css
[Sat, 16 Mar 2024 19:10:42 +0000] [/wp-content/cache/minify/a5ff7.css] [https://www.erminevo.it/] wp-includes/css/dist/block-library/style.min.css
[Sat, 16 Mar 2024 19:10:44 +0000] [/wp-content/cache/minify/1d685.css] [https://www.erminevo.it/] wp-content/themes/ErmiTheme/css/flickity.min.css
[Sat, 16 Mar 2024 19:10:44 +0000] [/wp-content/cache/minify/ffd7d.js] [https://www.erminevo.it/] wp-content/plugins/cookie-law-info/legacy/public/js/cookie-law-info-public.js
wp-content/plugins/ermispettacoli/public/js/ermispettacoli-public.js
[Sat, 16 Mar 2024 19:10:44 +0000] [/wp-content/cache/minify/69e6a.css] [https://www.erminevo.it/] wp-content/themes/ErmiTheme/lib/gutenberg/front-end.css
[Sat, 16 Mar 2024 19:10:44 +0000] [/wp-content/cache/minify/d085d.css] [https://www.erminevo.it/] wp-content/plugins/wp-featherlight/css/wp-featherlight.min.css
[Sat, 16 Mar 2024 19:10:45 +0000] [/wp-content/cache/minify/b68ea.js] [https://www.erminevo.it/] wp-content/plugins/contact-form-7/includes/js/index.js
[Sat, 16 Mar 2024 19:10:45 +0000] [/wp-content/cache/minify/a2afd.js] [https://www.erminevo.it/] wp-content/themes/genesis/lib/js/menu/responsive-menus.min.js
[Sat, 16 Mar 2024 19:10:45 +0000] [/wp-content/cache/minify/e8954.js] [https://www.erminevo.it/] wp-content/plugins/contact-form-7/modules/recaptcha/index.js
wp-content/plugins/wp-featherlight/js/wpFeatherlight.pkgd.min.js
[Sat, 16 Mar 2024 19:10:45 +0000] [/wp-content/cache/minify/9ef10.js] [https://www.erminevo.it/] wp-content/plugins/page-scroll-to-id/js/page-scroll-to-id.min.js
wp-includes/js/hoverIntent.min.js
wp-content/themes/genesis/lib/js/menu/superfish.min.js
wp-content/themes/genesis/lib/js/menu/superfish.args.min.js
wp-content/themes/genesis/lib/js/skip-links.min.js
wp-content/themes/ErmiTheme/js/flickity.pkgd.min.js
[Sat, 16 Mar 2024 19:10:45 +0000] [/wp-content/cache/minify/5839d.js] [https://www.erminevo.it/] wp-includes/js/dist/vendor/wp-polyfill-inert.min.js
wp-includes/js/dist/vendor/regenerator-runtime.min.js
wp-includes/js/dist/vendor/wp-polyfill.min.js
[Sun, 17 Mar 2024 20:47:06 +0000] [/wp-content/cache/minify/4e0b7.css] [https://www.erminevo.it/tag/beyond-therapy/] wp-content/plugins/ermispettacoli/public/css/ermispettacoli-public.css
[Sun, 17 Mar 2024 20:47:07 +0000] [/wp-content/cache/minify/3888a.css] [https://www.erminevo.it/tag/beyond-therapy/] wp-content/plugins/cookie-law-info/legacy/public/css/cookie-law-info-public.css
[Sun, 17 Mar 2024 20:47:07 +0000] [/wp-content/cache/minify/4c431.css] [https://www.erminevo.it/tag/beyond-therapy/] wp-content/plugins/contact-form-7/includes/css/styles.css
[Sun, 17 Mar 2024 20:47:08 +0000] [/wp-content/cache/minify/15a18.css] [https://www.erminevo.it/tag/beyond-therapy/] wp-content/themes/ErmiTheme/css/hamburgers.min.css
[Sun, 17 Mar 2024 20:47:09 +0000] [/wp-content/cache/minify/300ec.css] [https://www.erminevo.it/tag/beyond-therapy/] wp-includes/css/dashicons.min.css
[Sun, 17 Mar 2024 20:47:09 +0000] [/wp-content/cache/minify/fdef4.css] [https://www.erminevo.it/tag/beyond-therapy/] wp-content/plugins/cookie-law-info/legacy/public/css/cookie-law-info-gdpr.css
[Sun, 17 Mar 2024 20:47:10 +0000] [/wp-content/cache/minify/818c0.js] [https://www.erminevo.it/tag/beyond-therapy/] wp-includes/js/jquery/jquery.min.js
wp-includes/js/jquery/jquery-migrate.min.js
[Sun, 17 Mar 2024 20:47:11 +0000] [/wp-content/cache/minify/1f540.js] [https://www.erminevo.it/tag/beyond-therapy/] wp-content/plugins/contact-form-7/includes/swv/js/index.js
[Wed, 20 Mar 2024 03:27:27 +0000] [/wp-content/cache/minify/f6500.css] [https://www.erminevo.it/tag/teatroepassione/] wp-content/themes/ErmiTheme/style.css
[Wed, 20 Mar 2024 03:27:27 +0000] [/wp-content/cache/minify/3888a.css] [https://www.erminevo.it/tag/teatroepassione/] wp-content/plugins/cookie-law-info/legacy/public/css/cookie-law-info-public.css
[Wed, 20 Mar 2024 03:27:28 +0000] [/wp-content/cache/minify/4c431.css] [https://www.erminevo.it/tag/teatroepassione/] wp-content/plugins/contact-form-7/includes/css/styles.css
[Wed, 20 Mar 2024 03:27:28 +0000] [/wp-content/cache/minify/a5ff7.css] [https://www.erminevo.it/tag/teatroepassione/] wp-includes/css/dist/block-library/style.min.css
[Wed, 20 Mar 2024 03:27:29 +0000] [/wp-content/cache/minify/fdef4.css] [https://www.erminevo.it/tag/teatroepassione/] wp-content/plugins/cookie-law-info/legacy/public/css/cookie-law-info-gdpr.css
[Wed, 20 Mar 2024 03:27:29 +0000] [/wp-content/cache/minify/300ec.css] [https://www.erminevo.it/tag/teatroepassione/] wp-includes/css/dashicons.min.css
[Wed, 20 Mar 2024 03:27:29 +0000] [/wp-content/cache/minify/4e0b7.css] [https://www.erminevo.it/tag/teatroepassione/] wp-content/plugins/ermispettacoli/public/css/ermispettacoli-public.css
[Wed, 20 Mar 2024 03:27:29 +0000] [/wp-content/cache/minify/1d685.css] [https://www.erminevo.it/tag/teatroepassione/] wp-content/themes/ErmiTheme/css/flickity.min.css
[Wed, 20 Mar 2024 03:27:30 +0000] [/wp-content/cache/minify/15a18.css] [https://www.erminevo.it/tag/teatroepassione/] wp-content/themes/ErmiTheme/css/hamburgers.min.css
[Wed, 20 Mar 2024 03:27:30 +0000] [/wp-content/cache/minify/69e6a.css] [https://www.erminevo.it/tag/teatroepassione/] wp-content/themes/ErmiTheme/lib/gutenberg/front-end.css
[Wed, 20 Mar 2024 03:27:31 +0000] [/wp-content/cache/minify/818c0.js] [https://www.erminevo.it/tag/teatroepassione/] wp-includes/js/jquery/jquery.min.js
wp-includes/js/jquery/jquery-migrate.min.js
[Wed, 20 Mar 2024 03:27:31 +0000] [/wp-content/cache/minify/ffd7d.js] [https://www.erminevo.it/tag/teatroepassione/] wp-content/plugins/cookie-law-info/legacy/public/js/cookie-law-info-public.js
wp-content/plugins/ermispettacoli/public/js/ermispettacoli-public.js
[Wed, 20 Mar 2024 03:27:32 +0000] [/wp-content/cache/minify/1f540.js] [https://www.erminevo.it/tag/teatroepassione/] wp-content/plugins/contact-form-7/includes/swv/js/index.js
[Wed, 20 Mar 2024 03:27:32 +0000] [/wp-content/cache/minify/b68ea.js] [https://www.erminevo.it/tag/teatroepassione/] wp-content/plugins/contact-form-7/includes/js/index.js
[Wed, 20 Mar 2024 03:27:33 +0000] [/wp-content/cache/minify/9ef10.js] [https://www.erminevo.it/tag/teatroepassione/] wp-content/plugins/page-scroll-to-id/js/page-scroll-to-id.min.js
wp-includes/js/hoverIntent.min.js
wp-content/themes/genesis/lib/js/menu/superfish.min.js
wp-content/themes/genesis/lib/js/menu/superfish.args.min.js
wp-content/themes/genesis/lib/js/skip-links.min.js
wp-content/themes/ErmiTheme/js/flickity.pkgd.min.js
[Wed, 20 Mar 2024 03:27:33 +0000] [/wp-content/cache/minify/a2afd.js] [https://www.erminevo.it/tag/teatroepassione/] wp-content/themes/genesis/lib/js/menu/responsive-menus.min.js
[Wed, 20 Mar 2024 03:27:34 +0000] [/wp-content/cache/minify/5839d.js] [https://www.erminevo.it/tag/teatroepassione/] wp-includes/js/dist/vendor/wp-polyfill-inert.min.js
wp-includes/js/dist/vendor/regenerator-runtime.min.js
wp-includes/js/dist/vendor/wp-polyfill.min.js
[Wed, 20 Mar 2024 03:27:39 +0000] [/wp-content/cache/minify/d085d.css] [https://www.erminevo.it/tag/teatroepassione/] wp-content/plugins/wp-featherlight/css/wp-featherlight.min.css
[Wed, 20 Mar 2024 03:27:42 +0000] [/wp-content/cache/minify/e8954.js] [https://www.erminevo.it/tag/teatroepassione/] wp-content/plugins/contact-form-7/modules/recaptcha/index.js
wp-content/plugins/wp-featherlight/js/wpFeatherlight.pkgd.min.js
[Fri, 22 Mar 2024 09:19:36 +0000] [/wp-content/cache/minify/a5ff7.css] [https://www.erminevo.it/] wp-includes/css/dist/block-library/style.min.css
[Fri, 22 Mar 2024 09:19:37 +0000] [/wp-content/cache/minify/fdef4.css] [https://www.erminevo.it/] wp-content/plugins/cookie-law-info/legacy/public/css/cookie-law-info-gdpr.css
[Fri, 22 Mar 2024 09:19:37 +0000] [/wp-content/cache/minify/f6500.css] [https://www.erminevo.it/] wp-content/themes/ErmiTheme/style.css
[Fri, 22 Mar 2024 09:19:38 +0000] [/wp-content/cache/minify/818c0.js] [https://www.erminevo.it/] wp-includes/js/jquery/jquery.min.js
wp-includes/js/jquery/jquery-migrate.min.js
[Fri, 22 Mar 2024 09:19:38 +0000] [/wp-content/cache/minify/1d685.css] [https://www.erminevo.it/] wp-content/themes/ErmiTheme/css/flickity.min.css
[Fri, 22 Mar 2024 09:19:39 +0000] [/wp-content/cache/minify/ffd7d.js] [https://www.erminevo.it/] wp-content/plugins/cookie-law-info/legacy/public/js/cookie-law-info-public.js
wp-content/plugins/ermispettacoli/public/js/ermispettacoli-public.js
[Fri, 22 Mar 2024 09:19:39 +0000] [/wp-content/cache/minify/1f540.js] [https://www.erminevo.it/] wp-content/plugins/contact-form-7/includes/swv/js/index.js
[Fri, 22 Mar 2024 09:19:40 +0000] [/wp-content/cache/minify/15a18.css] [https://www.erminevo.it/] wp-content/themes/ErmiTheme/css/hamburgers.min.css
[Fri, 22 Mar 2024 09:19:40 +0000] [/wp-content/cache/minify/4c431.css] [https://www.erminevo.it/] wp-content/plugins/contact-form-7/includes/css/styles.css
[Fri, 22 Mar 2024 09:19:40 +0000] [/wp-content/cache/minify/3888a.css] [https://www.erminevo.it/] wp-content/plugins/cookie-law-info/legacy/public/css/cookie-law-info-public.css
[Fri, 22 Mar 2024 09:19:40 +0000] [/wp-content/cache/minify/d085d.css] [https://www.erminevo.it/] wp-content/plugins/wp-featherlight/css/wp-featherlight.min.css
[Fri, 22 Mar 2024 09:19:40 +0000] [/wp-content/cache/minify/300ec.css] [https://www.erminevo.it/] wp-includes/css/dashicons.min.css
[Fri, 22 Mar 2024 09:19:40 +0000] [/wp-content/cache/minify/4e0b7.css] [https://www.erminevo.it/] wp-content/plugins/ermispettacoli/public/css/ermispettacoli-public.css
[Fri, 22 Mar 2024 09:19:40 +0000] [/wp-content/cache/minify/69e6a.css] [https://www.erminevo.it/] wp-content/themes/ErmiTheme/lib/gutenberg/front-end.css
[Fri, 22 Mar 2024 09:19:41 +0000] [/wp-content/cache/minify/b68ea.js] [https://www.erminevo.it/] wp-content/plugins/contact-form-7/includes/js/index.js
[Fri, 22 Mar 2024 09:19:41 +0000] [/wp-content/cache/minify/9ef10.js] [https://www.erminevo.it/] wp-content/plugins/page-scroll-to-id/js/page-scroll-to-id.min.js
wp-includes/js/hoverIntent.min.js
wp-content/themes/genesis/lib/js/menu/superfish.min.js
wp-content/themes/genesis/lib/js/menu/superfish.args.min.js
wp-content/themes/genesis/lib/js/skip-links.min.js
wp-content/themes/ErmiTheme/js/flickity.pkgd.min.js
[Fri, 22 Mar 2024 09:19:41 +0000] [/wp-content/cache/minify/a2afd.js] [https://www.erminevo.it/] wp-content/themes/genesis/lib/js/menu/responsive-menus.min.js
[Fri, 22 Mar 2024 09:19:41 +0000] [/wp-content/cache/minify/5839d.js] [https://www.erminevo.it/] wp-includes/js/dist/vendor/wp-polyfill-inert.min.js
wp-includes/js/dist/vendor/regenerator-runtime.min.js
wp-includes/js/dist/vendor/wp-polyfill.min.js
[Fri, 22 Mar 2024 09:19:41 +0000] [/wp-content/cache/minify/e8954.js] [https://www.erminevo.it/] wp-content/plugins/contact-form-7/modules/recaptcha/index.js
wp-content/plugins/wp-featherlight/js/wpFeatherlight.pkgd.min.js
[Sun, 24 Mar 2024 01:02:14 +0000] [/wp-content/cache/minify/3888a.css] [-] wp-content/plugins/cookie-law-info/legacy/public/css/cookie-law-info-public.css
[Sun, 24 Mar 2024 01:02:14 +0000] [/wp-content/cache/minify/d085d.css] [-] wp-content/plugins/wp-featherlight/css/wp-featherlight.min.css
[Sun, 24 Mar 2024 01:02:18 +0000] [/wp-content/cache/minify/1f540.js] [-] wp-content/plugins/contact-form-7/includes/swv/js/index.js
[Sun, 24 Mar 2024 01:02:19 +0000] [/wp-content/cache/minify/300ec.css] [-] wp-includes/css/dashicons.min.css
[Sun, 24 Mar 2024 01:02:19 +0000] [/wp-content/cache/minify/4c431.css] [-] wp-content/plugins/contact-form-7/includes/css/styles.css
[Sun, 24 Mar 2024 01:02:20 +0000] [/wp-content/cache/minify/5839d.js] [-] wp-includes/js/dist/vendor/wp-polyfill-inert.min.js
wp-includes/js/dist/vendor/regenerator-runtime.min.js
wp-includes/js/dist/vendor/wp-polyfill.min.js
[Sun, 24 Mar 2024 01:02:20 +0000] [/wp-content/cache/minify/69e6a.css] [-] wp-content/themes/ErmiTheme/lib/gutenberg/front-end.css
[Sun, 24 Mar 2024 01:02:20 +0000] [/wp-content/cache/minify/a2afd.js] [-] wp-content/themes/genesis/lib/js/menu/responsive-menus.min.js
[Sun, 24 Mar 2024 01:02:21 +0000] [/wp-content/cache/minify/9ef10.js] [-] wp-content/plugins/page-scroll-to-id/js/page-scroll-to-id.min.js
wp-includes/js/hoverIntent.min.js
wp-content/themes/genesis/lib/js/menu/superfish.min.js
wp-content/themes/genesis/lib/js/menu/superfish.args.min.js
wp-content/themes/genesis/lib/js/skip-links.min.js
wp-content/themes/ErmiTheme/js/flickity.pkgd.min.js
[Sun, 24 Mar 2024 01:02:21 +0000] [/wp-content/cache/minify/b68ea.js] [-] wp-content/plugins/contact-form-7/includes/js/index.js
[Sun, 24 Mar 2024 01:02:21 +0000] [/wp-content/cache/minify/e8954.js] [-] wp-content/plugins/contact-form-7/modules/recaptcha/index.js
wp-content/plugins/wp-featherlight/js/wpFeatherlight.pkgd.min.js
[Sun, 24 Mar 2024 01:02:22 +0000] [/wp-content/cache/minify/ffd7d.js] [-] wp-content/plugins/cookie-law-info/legacy/public/js/cookie-law-info-public.js
wp-content/plugins/ermispettacoli/public/js/ermispettacoli-public.js
[Sun, 24 Mar 2024 01:02:33 +0000] [/wp-content/cache/minify/15a18.css] [-] wp-content/themes/ErmiTheme/css/hamburgers.min.css
[Sun, 24 Mar 2024 01:02:33 +0000] [/wp-content/cache/minify/1d685.css] [-] wp-content/themes/ErmiTheme/css/flickity.min.css
[Sun, 24 Mar 2024 01:02:33 +0000] [/wp-content/cache/minify/4e0b7.css] [-] wp-content/plugins/ermispettacoli/public/css/ermispettacoli-public.css
[Sun, 24 Mar 2024 01:02:33 +0000] [/wp-content/cache/minify/818c0.js] [-] wp-includes/js/jquery/jquery.min.js
wp-includes/js/jquery/jquery-migrate.min.js
[Sun, 24 Mar 2024 01:02:34 +0000] [/wp-content/cache/minify/a5ff7.css] [-] wp-includes/css/dist/block-library/style.min.css
[Sun, 24 Mar 2024 01:02:34 +0000] [/wp-content/cache/minify/f6500.css] [-] wp-content/themes/ErmiTheme/style.css
[Sun, 24 Mar 2024 01:02:35 +0000] [/wp-content/cache/minify/fdef4.css] [-] wp-content/plugins/cookie-law-info/legacy/public/css/cookie-law-info-gdpr.css
[Mon, 25 Mar 2024 22:55:13 +0000] [/wp-content/cache/minify/a5ff7.css] [https://www.erminevo.it/] wp-includes/css/dist/block-library/style.min.css
[Mon, 25 Mar 2024 22:55:15 +0000] [/wp-content/cache/minify/4e0b7.css] [https://www.erminevo.it/] wp-content/plugins/ermispettacoli/public/css/ermispettacoli-public.css
[Mon, 25 Mar 2024 22:55:16 +0000] [/wp-content/cache/minify/ffd7d.js] [https://www.erminevo.it/] wp-content/plugins/cookie-law-info/legacy/public/js/cookie-law-info-public.js
wp-content/plugins/ermispettacoli/public/js/ermispettacoli-public.js
[Mon, 25 Mar 2024 22:55:17 +0000] [/wp-content/cache/minify/15a18.css] [https://www.erminevo.it/] wp-content/themes/ErmiTheme/css/hamburgers.min.css
[Mon, 25 Mar 2024 22:55:18 +0000] [/wp-content/cache/minify/69e6a.css] [https://www.erminevo.it/] wp-content/themes/ErmiTheme/lib/gutenberg/front-end.css
[Mon, 25 Mar 2024 22:55:18 +0000] [/wp-content/cache/minify/3888a.css] [https://www.erminevo.it/] wp-content/plugins/cookie-law-info/legacy/public/css/cookie-law-info-public.css
[Mon, 25 Mar 2024 22:55:18 +0000] [/wp-content/cache/minify/4c431.css] [https://www.erminevo.it/] wp-content/plugins/contact-form-7/includes/css/styles.css
[Mon, 25 Mar 2024 22:55:18 +0000] [/wp-content/cache/minify/f6500.css] [https://www.erminevo.it/] wp-content/themes/ErmiTheme/style.css
[Mon, 25 Mar 2024 22:55:18 +0000] [/wp-content/cache/minify/fdef4.css] [https://www.erminevo.it/] wp-content/plugins/cookie-law-info/legacy/public/css/cookie-law-info-gdpr.css
[Mon, 25 Mar 2024 22:55:18 +0000] [/wp-content/cache/minify/818c0.js] [https://www.erminevo.it/] wp-includes/js/jquery/jquery.min.js
wp-includes/js/jquery/jquery-migrate.min.js
[Mon, 25 Mar 2024 22:55:18 +0000] [/wp-content/cache/minify/300ec.css] [https://www.erminevo.it/] wp-includes/css/dashicons.min.css
[Mon, 25 Mar 2024 22:55:18 +0000] [/wp-content/cache/minify/1d685.css] [https://www.erminevo.it/] wp-content/themes/ErmiTheme/css/flickity.min.css
[Mon, 25 Mar 2024 22:55:19 +0000] [/wp-content/cache/minify/d085d.css] [https://www.erminevo.it/] wp-content/plugins/wp-featherlight/css/wp-featherlight.min.css
[Mon, 25 Mar 2024 22:55:19 +0000] [/wp-content/cache/minify/1f540.js] [https://www.erminevo.it/] wp-content/plugins/contact-form-7/includes/swv/js/index.js
[Mon, 25 Mar 2024 22:55:19 +0000] [/wp-content/cache/minify/b68ea.js] [https://www.erminevo.it/] wp-content/plugins/contact-form-7/includes/js/index.js
[Mon, 25 Mar 2024 22:55:19 +0000] [/wp-content/cache/minify/9ef10.js] [https://www.erminevo.it/] wp-content/plugins/page-scroll-to-id/js/page-scroll-to-id.min.js
wp-includes/js/hoverIntent.min.js
wp-content/themes/genesis/lib/js/menu/superfish.min.js
wp-content/themes/genesis/lib/js/menu/superfish.args.min.js
wp-content/themes/genesis/lib/js/skip-links.min.js
wp-content/themes/ErmiTheme/js/flickity.pkgd.min.js
[Mon, 25 Mar 2024 22:55:19 +0000] [/wp-content/cache/minify/e8954.js] [https://www.erminevo.it/] wp-content/plugins/contact-form-7/modules/recaptcha/index.js
wp-content/plugins/wp-featherlight/js/wpFeatherlight.pkgd.min.js
[Mon, 25 Mar 2024 22:55:19 +0000] [/wp-content/cache/minify/a2afd.js] [https://www.erminevo.it/] wp-content/themes/genesis/lib/js/menu/responsive-menus.min.js
[Mon, 25 Mar 2024 22:55:19 +0000] [/wp-content/cache/minify/5839d.js] [https://www.erminevo.it/] wp-includes/js/dist/vendor/wp-polyfill-inert.min.js
wp-includes/js/dist/vendor/regenerator-runtime.min.js
wp-includes/js/dist/vendor/wp-polyfill.min.js
[Wed, 27 Mar 2024 09:43:37 +0000] [/wp-content/cache/minify/20c5a.css] [https://www.erminevo.it/] wp-includes/css/admin-bar.min.css
[Wed, 27 Mar 2024 09:43:37 +0000] [/wp-content/cache/minify/26fb7.css] [https://www.erminevo.it/] wp-content/plugins/wp-mail-smtp/assets/css/admin-bar.min.css
[Wed, 27 Mar 2024 09:43:38 +0000] [/wp-content/cache/minify/4a6d5.js] [https://www.erminevo.it/] wp-includes/js/hoverintent-js.min.js
wp-includes/js/admin-bar.min.js
wp-content/plugins/contact-form-7/includes/swv/js/index.js
[Fri, 29 Mar 2024 07:24:34 +0000] [/wp-content/cache/minify/3888a.css] [-] wp-content/plugins/cookie-law-info/legacy/public/css/cookie-law-info-public.css
[Fri, 29 Mar 2024 07:24:34 +0000] [/wp-content/cache/minify/d085d.css] [-] wp-content/plugins/wp-featherlight/css/wp-featherlight.min.css
[Fri, 29 Mar 2024 07:24:43 +0000] [/wp-content/cache/minify/1f540.js] [-] wp-content/plugins/contact-form-7/includes/swv/js/index.js
[Fri, 29 Mar 2024 07:24:44 +0000] [/wp-content/cache/minify/300ec.css] [-] wp-includes/css/dashicons.min.css
[Fri, 29 Mar 2024 07:24:44 +0000] [/wp-content/cache/minify/4c431.css] [-] wp-content/plugins/contact-form-7/includes/css/styles.css
[Fri, 29 Mar 2024 07:24:44 +0000] [/wp-content/cache/minify/5839d.js] [-] wp-includes/js/dist/vendor/wp-polyfill-inert.min.js
wp-includes/js/dist/vendor/regenerator-runtime.min.js
wp-includes/js/dist/vendor/wp-polyfill.min.js
[Fri, 29 Mar 2024 07:24:45 +0000] [/wp-content/cache/minify/69e6a.css] [-] wp-content/themes/ErmiTheme/lib/gutenberg/front-end.css
[Fri, 29 Mar 2024 07:24:45 +0000] [/wp-content/cache/minify/9ef10.js] [-] wp-content/plugins/page-scroll-to-id/js/page-scroll-to-id.min.js
wp-includes/js/hoverIntent.min.js
wp-content/themes/genesis/lib/js/menu/superfish.min.js
wp-content/themes/genesis/lib/js/menu/superfish.args.min.js
wp-content/themes/genesis/lib/js/skip-links.min.js
wp-content/themes/ErmiTheme/js/flickity.pkgd.min.js
[Fri, 29 Mar 2024 07:24:46 +0000] [/wp-content/cache/minify/a2afd.js] [-] wp-content/themes/genesis/lib/js/menu/responsive-menus.min.js
[Fri, 29 Mar 2024 07:24:46 +0000] [/wp-content/cache/minify/b68ea.js] [-] wp-content/plugins/contact-form-7/includes/js/index.js
[Fri, 29 Mar 2024 07:24:46 +0000] [/wp-content/cache/minify/e8954.js] [-] wp-content/plugins/contact-form-7/modules/recaptcha/index.js
wp-content/plugins/wp-featherlight/js/wpFeatherlight.pkgd.min.js
[Fri, 29 Mar 2024 07:24:46 +0000] [/wp-content/cache/minify/ffd7d.js] [-] wp-content/plugins/cookie-law-info/legacy/public/js/cookie-law-info-public.js
wp-content/plugins/ermispettacoli/public/js/ermispettacoli-public.js
[Fri, 29 Mar 2024 07:27:03 +0000] [/wp-content/cache/minify/f6500.css] [-] wp-content/themes/ErmiTheme/style.css
[Fri, 29 Mar 2024 07:27:03 +0000] [/wp-content/cache/minify/fdef4.css] [-] wp-content/plugins/cookie-law-info/legacy/public/css/cookie-law-info-gdpr.css
[Fri, 29 Mar 2024 07:41:06 +0000] [/wp-content/cache/minify/a5ff7.css] [-] wp-includes/css/dist/block-library/style.min.css
[Fri, 29 Mar 2024 07:41:09 +0000] [/wp-content/cache/minify/1d685.css] [-] wp-content/themes/ErmiTheme/css/flickity.min.css
[Fri, 29 Mar 2024 07:41:09 +0000] [/wp-content/cache/minify/15a18.css] [-] wp-content/themes/ErmiTheme/css/hamburgers.min.css
[Fri, 29 Mar 2024 07:41:13 +0000] [/wp-content/cache/minify/4e0b7.css] [-] wp-content/plugins/ermispettacoli/public/css/ermispettacoli-public.css
[Fri, 29 Mar 2024 07:41:13 +0000] [/wp-content/cache/minify/818c0.js] [-] wp-includes/js/jquery/jquery.min.js
wp-includes/js/jquery/jquery-migrate.min.js
[Fri, 29 Mar 2024 10:14:50 +0000] [/wp-content/cache/minify/4e0b7.css] [https://www.erminevo.it/] wp-content/plugins/ermispettacoli/public/css/ermispettacoli-public.css
[Sat, 30 Mar 2024 09:21:26 +0000] [/wp-content/cache/minify/a5ff7.css] [https://www.erminevo.it/category/intervista/] wp-includes/css/dist/block-library/style.min.css
[Sat, 30 Mar 2024 09:21:28 +0000] [/wp-content/cache/minify/1d685.css] [https://www.erminevo.it/category/intervista/] wp-content/themes/ErmiTheme/css/flickity.min.css
[Sat, 30 Mar 2024 09:21:29 +0000] [/wp-content/cache/minify/15a18.css] [https://www.erminevo.it/category/intervista/] wp-content/themes/ErmiTheme/css/hamburgers.min.css
[Sat, 30 Mar 2024 09:21:30 +0000] [/wp-content/cache/minify/818c0.js] [https://www.erminevo.it/category/intervista/] wp-includes/js/jquery/jquery.min.js
wp-includes/js/jquery/jquery-migrate.min.js
[Sat, 30 Mar 2024 18:20:20 +0000] [/wp-content/cache/minify/300ec.css] [https://www.erminevo.it/] wp-includes/css/dashicons.min.css
[Sat, 30 Mar 2024 18:20:23 +0000] [/wp-content/cache/minify/9ef10.js] [https://www.erminevo.it/] wp-content/plugins/page-scroll-to-id/js/page-scroll-to-id.min.js
wp-includes/js/hoverIntent.min.js
wp-content/themes/genesis/lib/js/menu/superfish.min.js
wp-content/themes/genesis/lib/js/menu/superfish.args.min.js
wp-content/themes/genesis/lib/js/skip-links.min.js
wp-content/themes/ErmiTheme/js/flickity.pkgd.min.js
[Sat, 30 Mar 2024 18:20:24 +0000] [/wp-content/cache/minify/1f540.js] [https://www.erminevo.it/] wp-content/plugins/contact-form-7/includes/swv/js/index.js
[Sat, 30 Mar 2024 18:20:26 +0000] [/wp-content/cache/minify/69e6a.css] [https://www.erminevo.it/] wp-content/themes/ErmiTheme/lib/gutenberg/front-end.css
[Sat, 30 Mar 2024 18:20:28 +0000] [/wp-content/cache/minify/fdef4.css] [https://www.erminevo.it/] wp-content/plugins/cookie-law-info/legacy/public/css/cookie-law-info-gdpr.css
[Sat, 30 Mar 2024 18:20:34 +0000] [/wp-content/cache/minify/a2afd.js] [https://www.erminevo.it/] wp-content/themes/genesis/lib/js/menu/responsive-menus.min.js
[Sat, 30 Mar 2024 18:20:36 +0000] [/wp-content/cache/minify/5839d.js] [https://www.erminevo.it/] wp-includes/js/dist/vendor/wp-polyfill-inert.min.js
wp-includes/js/dist/vendor/regenerator-runtime.min.js
wp-includes/js/dist/vendor/wp-polyfill.min.js
[Sat, 30 Mar 2024 18:20:39 +0000] [/wp-content/cache/minify/e8954.js] [https://www.erminevo.it/] wp-content/plugins/contact-form-7/modules/recaptcha/index.js
wp-content/plugins/wp-featherlight/js/wpFeatherlight.pkgd.min.js
[Sun, 31 Mar 2024 15:01:54 +0000] [/wp-content/cache/minify/f6500.css] [https://www.erminevo.it/wp/v2/posts?_fields=author,id,excerpt,title,link] wp-content/themes/ErmiTheme/style.css
[Sun, 31 Mar 2024 15:01:55 +0000] [/wp-content/cache/minify/4c431.css] [https://www.erminevo.it/wp/v2/posts?_fields=author,id,excerpt,title,link] wp-content/plugins/contact-form-7/includes/css/styles.css
[Sun, 31 Mar 2024 15:01:57 +0000] [/wp-content/cache/minify/3888a.css] [https://www.erminevo.it/wp/v2/posts?_fields=author,id,excerpt,title,link] wp-content/plugins/cookie-law-info/legacy/public/css/cookie-law-info-public.css
[Sun, 31 Mar 2024 15:01:57 +0000] [/wp-content/cache/minify/4e0b7.css] [https://www.erminevo.it/wp/v2/posts?_fields=author,id,excerpt,title,link] wp-content/plugins/ermispettacoli/public/css/ermispettacoli-public.css
[Sun, 31 Mar 2024 15:01:58 +0000] [/wp-content/cache/minify/b68ea.js] [https://www.erminevo.it/wp/v2/posts?_fields=author,id,excerpt,title,link] wp-content/plugins/contact-form-7/includes/js/index.js
[Sun, 31 Mar 2024 15:01:58 +0000] [/wp-content/cache/minify/d085d.css] [https://www.erminevo.it/wp/v2/posts?_fields=author,id,excerpt,title,link] wp-content/plugins/wp-featherlight/css/wp-featherlight.min.css
[Sun, 31 Mar 2024 15:01:58 +0000] [/wp-content/cache/minify/ffd7d.js] [https://www.erminevo.it/wp/v2/posts?_fields=author,id,excerpt,title,link] wp-content/plugins/cookie-law-info/legacy/public/js/cookie-law-info-public.js
wp-content/plugins/ermispettacoli/public/js/ermispettacoli-public.js
[Sun, 31 Mar 2024 17:49:58 +0000] [/wp-content/cache/minify/1d685.css] [https://www.erminevo.it/] wp-content/themes/ErmiTheme/css/flickity.min.css
[Mon, 01 Apr 2024 00:59:20 +0000] [/wp-content/cache/minify/15a18.css] [-] wp-content/themes/ErmiTheme/css/hamburgers.min.css
[Mon, 01 Apr 2024 00:59:21 +0000] [/wp-content/cache/minify/818c0.js] [-] wp-includes/js/jquery/jquery.min.js
wp-includes/js/jquery/jquery-migrate.min.js
[Mon, 01 Apr 2024 00:59:22 +0000] [/wp-content/cache/minify/a5ff7.css] [-] wp-includes/css/dist/block-library/style.min.css
[Thu, 04 Apr 2024 11:55:50 +0000] [/wp-content/cache/minify/4e0b7.css] [https://www.erminevo.it/amici-degli-anziani/] wp-content/plugins/ermispettacoli/public/css/ermispettacoli-public.css
[Thu, 04 Apr 2024 11:55:54 +0000] [/wp-content/cache/minify/d085d.css] [https://www.erminevo.it/amici-degli-anziani/] wp-content/plugins/wp-featherlight/css/wp-featherlight.min.css
[Thu, 04 Apr 2024 11:55:58 +0000] [/wp-content/cache/minify/ffd7d.js] [https://www.erminevo.it/amici-degli-anziani/] wp-content/plugins/cookie-law-info/legacy/public/js/cookie-law-info-public.js
wp-content/plugins/ermispettacoli/public/js/ermispettacoli-public.js
[Thu, 04 Apr 2024 16:24:03 +0000] [/wp-content/cache/minify/a5ff7.css] [https://www.erminevo.it/] wp-includes/css/dist/block-library/style.min.css
[Thu, 04 Apr 2024 16:24:04 +0000] [/wp-content/cache/minify/fdef4.css] [https://www.erminevo.it/] wp-content/plugins/cookie-law-info/legacy/public/css/cookie-law-info-gdpr.css
[Thu, 04 Apr 2024 16:24:06 +0000] [/wp-content/cache/minify/b68ea.js] [https://www.erminevo.it/] wp-content/plugins/contact-form-7/includes/js/index.js
[Thu, 04 Apr 2024 16:24:07 +0000] [/wp-content/cache/minify/15a18.css] [https://www.erminevo.it/] wp-content/themes/ErmiTheme/css/hamburgers.min.css
[Thu, 04 Apr 2024 16:24:08 +0000] [/wp-content/cache/minify/3888a.css] [https://www.erminevo.it/] wp-content/plugins/cookie-law-info/legacy/public/css/cookie-law-info-public.css
[Thu, 04 Apr 2024 16:24:08 +0000] [/wp-content/cache/minify/818c0.js] [https://www.erminevo.it/] wp-includes/js/jquery/jquery.min.js
wp-includes/js/jquery/jquery-migrate.min.js
[Thu, 04 Apr 2024 16:24:08 +0000] [/wp-content/cache/minify/1d685.css] [https://www.erminevo.it/] wp-content/themes/ErmiTheme/css/flickity.min.css
[Thu, 04 Apr 2024 16:24:08 +0000] [/wp-content/cache/minify/4c431.css] [https://www.erminevo.it/] wp-content/plugins/contact-form-7/includes/css/styles.css
[Thu, 04 Apr 2024 16:24:08 +0000] [/wp-content/cache/minify/f6500.css] [https://www.erminevo.it/] wp-content/themes/ErmiTheme/style.css
[Thu, 04 Apr 2024 16:24:08 +0000] [/wp-content/cache/minify/300ec.css] [https://www.erminevo.it/] wp-includes/css/dashicons.min.css
[Thu, 04 Apr 2024 16:24:08 +0000] [/wp-content/cache/minify/1f540.js] [https://www.erminevo.it/] wp-content/plugins/contact-form-7/includes/swv/js/index.js
[Thu, 04 Apr 2024 16:24:08 +0000] [/wp-content/cache/minify/5839d.js] [https://www.erminevo.it/] wp-includes/js/dist/vendor/wp-polyfill-inert.min.js
wp-includes/js/dist/vendor/regenerator-runtime.min.js
wp-includes/js/dist/vendor/wp-polyfill.min.js
[Thu, 04 Apr 2024 16:24:09 +0000] [/wp-content/cache/minify/e8954.js] [https://www.erminevo.it/] wp-content/plugins/contact-form-7/modules/recaptcha/index.js
wp-content/plugins/wp-featherlight/js/wpFeatherlight.pkgd.min.js
[Thu, 04 Apr 2024 16:24:09 +0000] [/wp-content/cache/minify/69e6a.css] [https://www.erminevo.it/] wp-content/themes/ErmiTheme/lib/gutenberg/front-end.css
[Thu, 04 Apr 2024 16:24:09 +0000] [/wp-content/cache/minify/9ef10.js] [https://www.erminevo.it/] wp-content/plugins/page-scroll-to-id/js/page-scroll-to-id.min.js
wp-includes/js/hoverIntent.min.js
wp-content/themes/genesis/lib/js/menu/superfish.min.js
wp-content/themes/genesis/lib/js/menu/superfish.args.min.js
wp-content/themes/genesis/lib/js/skip-links.min.js
wp-content/themes/ErmiTheme/js/flickity.pkgd.min.js
[Thu, 04 Apr 2024 16:24:09 +0000] [/wp-content/cache/minify/a2afd.js] [https://www.erminevo.it/] wp-content/themes/genesis/lib/js/menu/responsive-menus.min.js
[Fri, 05 Apr 2024 22:53:39 +0000] [/wp-content/cache/minify/b68ea.js] [https://www.erminevo.it/spettacolo-vajonts23/] wp-content/plugins/contact-form-7/includes/js/index.js
[Fri, 05 Apr 2024 22:53:39 +0000] [/wp-content/cache/minify/4c431.css] [https://www.erminevo.it/spettacolo-vajonts23/] wp-content/plugins/contact-form-7/includes/css/styles.css
[Fri, 05 Apr 2024 22:53:40 +0000] [/wp-content/cache/minify/f6500.css] [https://www.erminevo.it/spettacolo-vajonts23/] wp-content/themes/ErmiTheme/style.css
[Fri, 05 Apr 2024 22:53:40 +0000] [/wp-content/cache/minify/3888a.css] [https://www.erminevo.it/spettacolo-vajonts23/] wp-content/plugins/cookie-law-info/legacy/public/css/cookie-law-info-public.css
[Fri, 05 Apr 2024 22:53:41 +0000] [/wp-content/cache/minify/15a18.css] [https://www.erminevo.it/spettacolo-vajonts23/] wp-content/themes/ErmiTheme/css/hamburgers.min.css
[Fri, 05 Apr 2024 22:53:41 +0000] [/wp-content/cache/minify/d085d.css] [https://www.erminevo.it/spettacolo-vajonts23/] wp-content/plugins/wp-featherlight/css/wp-featherlight.min.css
[Sat, 06 Apr 2024 00:29:22 +0000] [/wp-content/cache/minify/fdef4.css] [https://www.erminevo.it/] wp-content/plugins/cookie-law-info/legacy/public/css/cookie-law-info-gdpr.css
[Sat, 06 Apr 2024 00:29:23 +0000] [/wp-content/cache/minify/4e0b7.css] [https://www.erminevo.it/] wp-content/plugins/ermispettacoli/public/css/ermispettacoli-public.css
[Sat, 06 Apr 2024 00:29:26 +0000] [/wp-content/cache/minify/1d685.css] [https://www.erminevo.it/] wp-content/themes/ErmiTheme/css/flickity.min.css
[Sat, 06 Apr 2024 00:29:26 +0000] [/wp-content/cache/minify/a5ff7.css] [https://www.erminevo.it/] wp-includes/css/dist/block-library/style.min.css
[Sat, 06 Apr 2024 00:29:26 +0000] [/wp-content/cache/minify/300ec.css] [https://www.erminevo.it/] wp-includes/css/dashicons.min.css
[Sat, 06 Apr 2024 00:29:26 +0000] [/wp-content/cache/minify/69e6a.css] [https://www.erminevo.it/] wp-content/themes/ErmiTheme/lib/gutenberg/front-end.css
[Sat, 06 Apr 2024 00:29:26 +0000] [/wp-content/cache/minify/ffd7d.js] [https://www.erminevo.it/] wp-content/plugins/cookie-law-info/legacy/public/js/cookie-law-info-public.js
wp-content/plugins/ermispettacoli/public/js/ermispettacoli-public.js
[Sat, 06 Apr 2024 00:29:26 +0000] [/wp-content/cache/minify/818c0.js] [https://www.erminevo.it/] wp-includes/js/jquery/jquery.min.js
wp-includes/js/jquery/jquery-migrate.min.js
[Sat, 06 Apr 2024 00:29:26 +0000] [/wp-content/cache/minify/1f540.js] [https://www.erminevo.it/] wp-content/plugins/contact-form-7/includes/swv/js/index.js
[Sat, 06 Apr 2024 00:29:27 +0000] [/wp-content/cache/minify/a2afd.js] [https://www.erminevo.it/] wp-content/themes/genesis/lib/js/menu/responsive-menus.min.js
[Sat, 06 Apr 2024 00:29:27 +0000] [/wp-content/cache/minify/9ef10.js] [https://www.erminevo.it/] wp-content/plugins/page-scroll-to-id/js/page-scroll-to-id.min.js
wp-includes/js/hoverIntent.min.js
wp-content/themes/genesis/lib/js/menu/superfish.min.js
wp-content/themes/genesis/lib/js/menu/superfish.args.min.js
wp-content/themes/genesis/lib/js/skip-links.min.js
wp-content/themes/ErmiTheme/js/flickity.pkgd.min.js
[Sat, 06 Apr 2024 00:29:27 +0000] [/wp-content/cache/minify/e8954.js] [https://www.erminevo.it/] wp-content/plugins/contact-form-7/modules/recaptcha/index.js
wp-content/plugins/wp-featherlight/js/wpFeatherlight.pkgd.min.js
[Sat, 06 Apr 2024 00:29:27 +0000] [/wp-content/cache/minify/5839d.js] [https://www.erminevo.it/] wp-includes/js/dist/vendor/wp-polyfill-inert.min.js
wp-includes/js/dist/vendor/regenerator-runtime.min.js
wp-includes/js/dist/vendor/wp-polyfill.min.js
[Mon, 08 Apr 2024 09:48:27 +0000] [/wp-content/cache/minify/1d685.css] [https://www.erminevo.it/spettacolo-vajonts23/] wp-content/themes/ErmiTheme/css/flickity.min.css
[Mon, 08 Apr 2024 09:48:28 +0000] [/wp-content/cache/minify/f6500.css] [https://www.erminevo.it/spettacolo-vajonts23/] wp-content/themes/ErmiTheme/style.css
[Mon, 08 Apr 2024 09:48:29 +0000] [/wp-content/cache/minify/fdef4.css] [https://www.erminevo.it/spettacolo-vajonts23/] wp-content/plugins/cookie-law-info/legacy/public/css/cookie-law-info-gdpr.css
[Mon, 08 Apr 2024 09:48:31 +0000] [/wp-content/cache/minify/e8954.js] [https://www.erminevo.it/spettacolo-vajonts23/] wp-content/plugins/contact-form-7/modules/recaptcha/index.js
wp-content/plugins/wp-featherlight/js/wpFeatherlight.pkgd.min.js
[Mon, 08 Apr 2024 16:20:30 +0000] [/wp-content/cache/minify/3888a.css] [https://www.erminevo.it/comune-di-lumezzane/] wp-content/plugins/cookie-law-info/legacy/public/css/cookie-law-info-public.css
[Mon, 08 Apr 2024 16:20:31 +0000] [/wp-content/cache/minify/a2afd.js] [https://www.erminevo.it/comune-di-lumezzane/] wp-content/themes/genesis/lib/js/menu/responsive-menus.min.js
[Tue, 09 Apr 2024 01:12:17 +0000] [/wp-content/cache/minify/ffd7d.js] [https://www.erminevo.it/] wp-content/plugins/cookie-law-info/legacy/public/js/cookie-law-info-public.js
wp-content/plugins/ermispettacoli/public/js/ermispettacoli-public.js
[Wed, 10 Apr 2024 02:31:17 +0000] [/wp-content/cache/minify/3888a.css] [-] wp-content/plugins/cookie-law-info/legacy/public/css/cookie-law-info-public.css
[Wed, 10 Apr 2024 02:31:18 +0000] [/wp-content/cache/minify/d085d.css] [-] wp-content/plugins/wp-featherlight/css/wp-featherlight.min.css
[Wed, 10 Apr 2024 02:31:22 +0000] [/wp-content/cache/minify/15a18.css] [-] wp-content/themes/ErmiTheme/css/hamburgers.min.css
[Wed, 10 Apr 2024 02:31:22 +0000] [/wp-content/cache/minify/1d685.css] [-] wp-content/themes/ErmiTheme/css/flickity.min.css
[Wed, 10 Apr 2024 02:31:23 +0000] [/wp-content/cache/minify/4e0b7.css] [-] wp-content/plugins/ermispettacoli/public/css/ermispettacoli-public.css
[Wed, 10 Apr 2024 02:31:23 +0000] [/wp-content/cache/minify/818c0.js] [-] wp-includes/js/jquery/jquery.min.js
wp-includes/js/jquery/jquery-migrate.min.js
[Wed, 10 Apr 2024 02:31:24 +0000] [/wp-content/cache/minify/a5ff7.css] [-] wp-includes/css/dist/block-library/style.min.css
[Wed, 10 Apr 2024 02:31:24 +0000] [/wp-content/cache/minify/f6500.css] [-] wp-content/themes/ErmiTheme/style.css
[Wed, 10 Apr 2024 02:31:25 +0000] [/wp-content/cache/minify/fdef4.css] [-] wp-content/plugins/cookie-law-info/legacy/public/css/cookie-law-info-gdpr.css
[Wed, 10 Apr 2024 02:31:30 +0000] [/wp-content/cache/minify/1f540.js] [-] wp-content/plugins/contact-form-7/includes/swv/js/index.js
[Wed, 10 Apr 2024 02:31:31 +0000] [/wp-content/cache/minify/300ec.css] [-] wp-includes/css/dashicons.min.css
[Wed, 10 Apr 2024 02:31:31 +0000] [/wp-content/cache/minify/4c431.css] [-] wp-content/plugins/contact-form-7/includes/css/styles.css
[Wed, 10 Apr 2024 02:31:32 +0000] [/wp-content/cache/minify/69e6a.css] [-] wp-content/themes/ErmiTheme/lib/gutenberg/front-end.css
[Wed, 10 Apr 2024 02:31:32 +0000] [/wp-content/cache/minify/5839d.js] [-] wp-includes/js/dist/vendor/wp-polyfill-inert.min.js
wp-includes/js/dist/vendor/regenerator-runtime.min.js
wp-includes/js/dist/vendor/wp-polyfill.min.js
[Wed, 10 Apr 2024 02:31:32 +0000] [/wp-content/cache/minify/9ef10.js] [-] wp-content/plugins/page-scroll-to-id/js/page-scroll-to-id.min.js
wp-includes/js/hoverIntent.min.js
wp-content/themes/genesis/lib/js/menu/superfish.min.js
wp-content/themes/genesis/lib/js/menu/superfish.args.min.js
wp-content/themes/genesis/lib/js/skip-links.min.js
wp-content/themes/ErmiTheme/js/flickity.pkgd.min.js
[Wed, 10 Apr 2024 02:31:32 +0000] [/wp-content/cache/minify/a2afd.js] [-] wp-content/themes/genesis/lib/js/menu/responsive-menus.min.js
[Wed, 10 Apr 2024 02:31:33 +0000] [/wp-content/cache/minify/b68ea.js] [-] wp-content/plugins/contact-form-7/includes/js/index.js
[Wed, 10 Apr 2024 02:31:33 +0000] [/wp-content/cache/minify/e8954.js] [-] wp-content/plugins/contact-form-7/modules/recaptcha/index.js
wp-content/plugins/wp-featherlight/js/wpFeatherlight.pkgd.min.js
[Fri, 12 Apr 2024 20:22:02 +0000] [/wp-content/cache/minify/f6500.css] [https://www.erminevo.it/erminevo-in-concorso/] wp-content/themes/ErmiTheme/style.css
[Fri, 12 Apr 2024 20:22:03 +0000] [/wp-content/cache/minify/4c431.css] [https://www.erminevo.it/erminevo-in-concorso/] wp-content/plugins/contact-form-7/includes/css/styles.css
[Fri, 12 Apr 2024 20:22:03 +0000] [/wp-content/cache/minify/3888a.css] [https://www.erminevo.it/erminevo-in-concorso/] wp-content/plugins/cookie-law-info/legacy/public/css/cookie-law-info-public.css
[Fri, 12 Apr 2024 20:22:04 +0000] [/wp-content/cache/minify/4e0b7.css] [https://www.erminevo.it/erminevo-in-concorso/] wp-content/plugins/ermispettacoli/public/css/ermispettacoli-public.css
[Fri, 12 Apr 2024 20:22:04 +0000] [/wp-content/cache/minify/fdef4.css] [https://www.erminevo.it/erminevo-in-concorso/] wp-content/plugins/cookie-law-info/legacy/public/css/cookie-law-info-gdpr.css
[Fri, 12 Apr 2024 20:22:05 +0000] [/wp-content/cache/minify/a5ff7.css] [https://www.erminevo.it/erminevo-in-concorso/] wp-includes/css/dist/block-library/style.min.css
[Fri, 12 Apr 2024 20:22:05 +0000] [/wp-content/cache/minify/300ec.css] [https://www.erminevo.it/erminevo-in-concorso/] wp-includes/css/dashicons.min.css
[Fri, 12 Apr 2024 20:22:05 +0000] [/wp-content/cache/minify/1d685.css] [https://www.erminevo.it/erminevo-in-concorso/] wp-content/themes/ErmiTheme/css/flickity.min.css
[Fri, 12 Apr 2024 20:22:06 +0000] [/wp-content/cache/minify/15a18.css] [https://www.erminevo.it/erminevo-in-concorso/] wp-content/themes/ErmiTheme/css/hamburgers.min.css
[Fri, 12 Apr 2024 20:22:06 +0000] [/wp-content/cache/minify/69e6a.css] [https://www.erminevo.it/erminevo-in-concorso/] wp-content/themes/ErmiTheme/lib/gutenberg/front-end.css
[Fri, 12 Apr 2024 20:22:07 +0000] [/wp-content/cache/minify/d085d.css] [https://www.erminevo.it/erminevo-in-concorso/] wp-content/plugins/wp-featherlight/css/wp-featherlight.min.css
[Fri, 12 Apr 2024 20:22:07 +0000] [/wp-content/cache/minify/818c0.js] [https://www.erminevo.it/erminevo-in-concorso/] wp-includes/js/jquery/jquery.min.js
wp-includes/js/jquery/jquery-migrate.min.js
[Fri, 12 Apr 2024 20:22:08 +0000] [/wp-content/cache/minify/ffd7d.js] [https://www.erminevo.it/erminevo-in-concorso/] wp-content/plugins/cookie-law-info/legacy/public/js/cookie-law-info-public.js
wp-content/plugins/ermispettacoli/public/js/ermispettacoli-public.js
[Fri, 12 Apr 2024 20:22:08 +0000] [/wp-content/cache/minify/1f540.js] [https://www.erminevo.it/erminevo-in-concorso/] wp-content/plugins/contact-form-7/includes/swv/js/index.js
[Fri, 12 Apr 2024 20:22:09 +0000] [/wp-content/cache/minify/b68ea.js] [https://www.erminevo.it/erminevo-in-concorso/] wp-content/plugins/contact-form-7/includes/js/index.js
[Fri, 12 Apr 2024 20:22:09 +0000] [/wp-content/cache/minify/9ef10.js] [https://www.erminevo.it/erminevo-in-concorso/] wp-content/plugins/page-scroll-to-id/js/page-scroll-to-id.min.js
wp-includes/js/hoverIntent.min.js
wp-content/themes/genesis/lib/js/menu/superfish.min.js
wp-content/themes/genesis/lib/js/menu/superfish.args.min.js
wp-content/themes/genesis/lib/js/skip-links.min.js
wp-content/themes/ErmiTheme/js/flickity.pkgd.min.js
[Fri, 12 Apr 2024 20:22:10 +0000] [/wp-content/cache/minify/a2afd.js] [https://www.erminevo.it/erminevo-in-concorso/] wp-content/themes/genesis/lib/js/menu/responsive-menus.min.js
[Fri, 12 Apr 2024 20:22:10 +0000] [/wp-content/cache/minify/5839d.js] [https://www.erminevo.it/erminevo-in-concorso/] wp-includes/js/dist/vendor/wp-polyfill-inert.min.js
wp-includes/js/dist/vendor/regenerator-runtime.min.js
wp-includes/js/dist/vendor/wp-polyfill.min.js
[Fri, 12 Apr 2024 20:22:11 +0000] [/wp-content/cache/minify/e8954.js] [https://www.erminevo.it/erminevo-in-concorso/] wp-content/plugins/contact-form-7/modules/recaptcha/index.js
wp-content/plugins/wp-featherlight/js/wpFeatherlight.pkgd.min.js
[Sun, 14 Apr 2024 18:21:08 +0000] [/wp-content/cache/minify/d085d.css] [https://www.erminevo.it/] wp-content/plugins/wp-featherlight/css/wp-featherlight.min.css
[Sun, 14 Apr 2024 18:21:09 +0000] [/wp-content/cache/minify/69e6a.css] [https://www.erminevo.it/] wp-content/themes/ErmiTheme/lib/gutenberg/front-end.css
[Sun, 14 Apr 2024 18:21:12 +0000] [/wp-content/cache/minify/3888a.css] [https://www.erminevo.it/] wp-content/plugins/cookie-law-info/legacy/public/css/cookie-law-info-public.css
[Sun, 14 Apr 2024 18:21:13 +0000] [/wp-content/cache/minify/15a18.css] [https://www.erminevo.it/] wp-content/themes/ErmiTheme/css/hamburgers.min.css
[Sun, 14 Apr 2024 18:21:14 +0000] [/wp-content/cache/minify/818c0.js] [https://www.erminevo.it/] wp-includes/js/jquery/jquery.min.js
wp-includes/js/jquery/jquery-migrate.min.js
[Sun, 14 Apr 2024 18:21:14 +0000] [/wp-content/cache/minify/300ec.css] [https://www.erminevo.it/] wp-includes/css/dashicons.min.css
[Sun, 14 Apr 2024 18:21:15 +0000] [/wp-content/cache/minify/9ef10.js] [https://www.erminevo.it/] wp-content/plugins/page-scroll-to-id/js/page-scroll-to-id.min.js
wp-includes/js/hoverIntent.min.js
wp-content/themes/genesis/lib/js/menu/superfish.min.js
wp-content/themes/genesis/lib/js/menu/superfish.args.min.js
wp-content/themes/genesis/lib/js/skip-links.min.js
wp-content/themes/ErmiTheme/js/flickity.pkgd.min.js
[Sun, 14 Apr 2024 18:21:16 +0000] [/wp-content/cache/minify/a2afd.js] [https://www.erminevo.it/] wp-content/themes/genesis/lib/js/menu/responsive-menus.min.js
[Sun, 14 Apr 2024 18:21:17 +0000] [/wp-content/cache/minify/5839d.js] [https://www.erminevo.it/] wp-includes/js/dist/vendor/wp-polyfill-inert.min.js
wp-includes/js/dist/vendor/regenerator-runtime.min.js
wp-includes/js/dist/vendor/wp-polyfill.min.js
[Sun, 14 Apr 2024 20:57:08 +0000] [/wp-content/cache/minify/1f540.js] [-] wp-content/plugins/contact-form-7/includes/swv/js/index.js
[Sun, 14 Apr 2024 20:57:09 +0000] [/wp-content/cache/minify/4c431.css] [-] wp-content/plugins/contact-form-7/includes/css/styles.css
[Sun, 14 Apr 2024 20:57:11 +0000] [/wp-content/cache/minify/b68ea.js] [-] wp-content/plugins/contact-form-7/includes/js/index.js
[Sun, 14 Apr 2024 20:57:11 +0000] [/wp-content/cache/minify/e8954.js] [-] wp-content/plugins/contact-form-7/modules/recaptcha/index.js
wp-content/plugins/wp-featherlight/js/wpFeatherlight.pkgd.min.js
[Sun, 14 Apr 2024 20:57:12 +0000] [/wp-content/cache/minify/ffd7d.js] [-] wp-content/plugins/cookie-law-info/legacy/public/js/cookie-law-info-public.js
wp-content/plugins/ermispettacoli/public/js/ermispettacoli-public.js
[Sun, 14 Apr 2024 21:12:59 +0000] [/wp-content/cache/minify/f6500.css] [-] wp-content/themes/ErmiTheme/style.css
[Sun, 14 Apr 2024 21:12:59 +0000] [/wp-content/cache/minify/4e0b7.css] [-] wp-content/plugins/ermispettacoli/public/css/ermispettacoli-public.css
[Sun, 14 Apr 2024 21:12:59 +0000] [/wp-content/cache/minify/a5ff7.css] [-] wp-includes/css/dist/block-library/style.min.css
[Sun, 14 Apr 2024 21:13:00 +0000] [/wp-content/cache/minify/fdef4.css] [-] wp-content/plugins/cookie-law-info/legacy/public/css/cookie-law-info-gdpr.css
[Sun, 14 Apr 2024 21:13:00 +0000] [/wp-content/cache/minify/1d685.css] [-] wp-content/themes/ErmiTheme/css/flickity.min.css
[Mon, 15 Apr 2024 21:23:38 +0000] [/wp-content/cache/minify/a5ff7.css] [https://www.erminevo.it/intervista-a-erminevo-2/] wp-includes/css/dist/block-library/style.min.css
[Mon, 15 Apr 2024 21:23:39 +0000] [/wp-content/cache/minify/f6500.css] [https://www.erminevo.it/intervista-a-erminevo-2/] wp-content/themes/ErmiTheme/style.css
[Mon, 15 Apr 2024 21:23:41 +0000] [/wp-content/cache/minify/4e0b7.css] [https://www.erminevo.it/intervista-a-erminevo-2/] wp-content/plugins/ermispettacoli/public/css/ermispettacoli-public.css
[Mon, 15 Apr 2024 21:23:50 +0000] [/wp-content/cache/minify/1d685.css] [https://www.erminevo.it/intervista-a-erminevo-2/] wp-content/themes/ErmiTheme/css/flickity.min.css
[Mon, 15 Apr 2024 21:23:51 +0000] [/wp-content/cache/minify/fdef4.css] [https://www.erminevo.it/intervista-a-erminevo-2/] wp-content/plugins/cookie-law-info/legacy/public/css/cookie-law-info-gdpr.css
[Wed, 17 Apr 2024 03:14:21 +0000] [/wp-content/cache/minify/15a18.css] [https://www.erminevo.it/dreamusical/] wp-content/themes/ErmiTheme/css/hamburgers.min.css
[Wed, 17 Apr 2024 03:14:21 +0000] [/wp-content/cache/minify/ffd7d.js] [https://www.erminevo.it/dreamusical/] wp-content/plugins/cookie-law-info/legacy/public/js/cookie-law-info-public.js
wp-content/plugins/ermispettacoli/public/js/ermispettacoli-public.js
[Wed, 17 Apr 2024 03:14:22 +0000] [/wp-content/cache/minify/3888a.css] [https://www.erminevo.it/dreamusical/] wp-content/plugins/cookie-law-info/legacy/public/css/cookie-law-info-public.css
[Thu, 18 Apr 2024 20:48:19 +0000] [/wp-content/cache/minify/fdef4.css] [https://www.erminevo.it/spettacolo-vajonts23/] wp-content/plugins/cookie-law-info/legacy/public/css/cookie-law-info-gdpr.css
[Thu, 18 Apr 2024 20:48:20 +0000] [/wp-content/cache/minify/1d685.css] [https://www.erminevo.it/spettacolo-vajonts23/] wp-content/themes/ErmiTheme/css/flickity.min.css
[Thu, 18 Apr 2024 20:48:21 +0000] [/wp-content/cache/minify/4e0b7.css] [https://www.erminevo.it/spettacolo-vajonts23/] wp-content/plugins/ermispettacoli/public/css/ermispettacoli-public.css
[Thu, 18 Apr 2024 20:48:21 +0000] [/wp-content/cache/minify/1f540.js] [https://www.erminevo.it/spettacolo-vajonts23/] wp-content/plugins/contact-form-7/includes/swv/js/index.js
[Thu, 18 Apr 2024 20:48:22 +0000] [/wp-content/cache/minify/4c431.css] [https://www.erminevo.it/spettacolo-vajonts23/] wp-content/plugins/contact-form-7/includes/css/styles.css
[Thu, 18 Apr 2024 20:48:23 +0000] [/wp-content/cache/minify/300ec.css] [https://www.erminevo.it/spettacolo-vajonts23/] wp-includes/css/dashicons.min.css
[Thu, 18 Apr 2024 20:48:24 +0000] [/wp-content/cache/minify/15a18.css] [https://www.erminevo.it/spettacolo-vajonts23/] wp-content/themes/ErmiTheme/css/hamburgers.min.css
[Thu, 18 Apr 2024 20:48:24 +0000] [/wp-content/cache/minify/69e6a.css] [https://www.erminevo.it/spettacolo-vajonts23/] wp-content/themes/ErmiTheme/lib/gutenberg/front-end.css
[Thu, 18 Apr 2024 20:48:25 +0000] [/wp-content/cache/minify/ffd7d.js] [https://www.erminevo.it/spettacolo-vajonts23/] wp-content/plugins/cookie-law-info/legacy/public/js/cookie-law-info-public.js
wp-content/plugins/ermispettacoli/public/js/ermispettacoli-public.js
[Thu, 18 Apr 2024 20:48:26 +0000] [/wp-content/cache/minify/3888a.css] [https://www.erminevo.it/spettacolo-vajonts23/] wp-content/plugins/cookie-law-info/legacy/public/css/cookie-law-info-public.css
[Thu, 18 Apr 2024 20:48:27 +0000] [/wp-content/cache/minify/d085d.css] [https://www.erminevo.it/spettacolo-vajonts23/] wp-content/plugins/wp-featherlight/css/wp-featherlight.min.css
[Thu, 18 Apr 2024 20:48:28 +0000] [/wp-content/cache/minify/a5ff7.css] [https://www.erminevo.it/spettacolo-vajonts23/] wp-includes/css/dist/block-library/style.min.css
[Thu, 18 Apr 2024 20:48:29 +0000] [/wp-content/cache/minify/818c0.js] [https://www.erminevo.it/spettacolo-vajonts23/] wp-includes/js/jquery/jquery.min.js
wp-includes/js/jquery/jquery-migrate.min.js
[Thu, 18 Apr 2024 20:48:30 +0000] [/wp-content/cache/minify/f6500.css] [https://www.erminevo.it/spettacolo-vajonts23/] wp-content/themes/ErmiTheme/style.css
[Thu, 18 Apr 2024 20:48:31 +0000] [/wp-content/cache/minify/9ef10.js] [https://www.erminevo.it/spettacolo-vajonts23/] wp-content/plugins/page-scroll-to-id/js/page-scroll-to-id.min.js
wp-includes/js/hoverIntent.min.js
wp-content/themes/genesis/lib/js/menu/superfish.min.js
wp-content/themes/genesis/lib/js/menu/superfish.args.min.js
wp-content/themes/genesis/lib/js/skip-links.min.js
wp-content/themes/ErmiTheme/js/flickity.pkgd.min.js
[Thu, 18 Apr 2024 20:48:32 +0000] [/wp-content/cache/minify/a2afd.js] [https://www.erminevo.it/spettacolo-vajonts23/] wp-content/themes/genesis/lib/js/menu/responsive-menus.min.js
[Thu, 18 Apr 2024 20:48:32 +0000] [/wp-content/cache/minify/e8954.js] [https://www.erminevo.it/spettacolo-vajonts23/] wp-content/plugins/contact-form-7/modules/recaptcha/index.js
wp-content/plugins/wp-featherlight/js/wpFeatherlight.pkgd.min.js
[Thu, 18 Apr 2024 20:48:33 +0000] [/wp-content/cache/minify/5839d.js] [https://www.erminevo.it/spettacolo-vajonts23/] wp-includes/js/dist/vendor/wp-polyfill-inert.min.js
wp-includes/js/dist/vendor/regenerator-runtime.min.js
wp-includes/js/dist/vendor/wp-polyfill.min.js
[Fri, 19 Apr 2024 01:28:08 +0000] [/wp-content/cache/minify/b68ea.js] [-] wp-content/plugins/contact-form-7/includes/js/index.js
[Sun, 21 Apr 2024 01:53:43 +0000] [/wp-content/cache/minify/f6500.css] [https://www.erminevo.it/category/concorso/] wp-content/themes/ErmiTheme/style.css
[Sun, 21 Apr 2024 01:53:43 +0000] [/wp-content/cache/minify/a5ff7.css] [https://www.erminevo.it/category/concorso/] wp-includes/css/dist/block-library/style.min.css
[Sun, 21 Apr 2024 01:53:44 +0000] [/wp-content/cache/minify/3888a.css] [https://www.erminevo.it/category/concorso/] wp-content/plugins/cookie-law-info/legacy/public/css/cookie-law-info-public.css
[Sun, 21 Apr 2024 01:53:44 +0000] [/wp-content/cache/minify/4c431.css] [https://www.erminevo.it/category/concorso/] wp-content/plugins/contact-form-7/includes/css/styles.css
[Sun, 21 Apr 2024 01:53:45 +0000] [/wp-content/cache/minify/4e0b7.css] [https://www.erminevo.it/category/concorso/] wp-content/plugins/ermispettacoli/public/css/ermispettacoli-public.css
[Sun, 21 Apr 2024 01:53:45 +0000] [/wp-content/cache/minify/300ec.css] [https://www.erminevo.it/category/concorso/] wp-includes/css/dashicons.min.css
[Sun, 21 Apr 2024 01:53:45 +0000] [/wp-content/cache/minify/fdef4.css] [https://www.erminevo.it/category/concorso/] wp-content/plugins/cookie-law-info/legacy/public/css/cookie-law-info-gdpr.css
[Sun, 21 Apr 2024 01:53:46 +0000] [/wp-content/cache/minify/1d685.css] [https://www.erminevo.it/category/concorso/] wp-content/themes/ErmiTheme/css/flickity.min.css
[Sun, 21 Apr 2024 01:53:46 +0000] [/wp-content/cache/minify/15a18.css] [https://www.erminevo.it/category/concorso/] wp-content/themes/ErmiTheme/css/hamburgers.min.css
[Sun, 21 Apr 2024 01:53:47 +0000] [/wp-content/cache/minify/69e6a.css] [https://www.erminevo.it/category/concorso/] wp-content/themes/ErmiTheme/lib/gutenberg/front-end.css
[Sun, 21 Apr 2024 01:53:47 +0000] [/wp-content/cache/minify/d085d.css] [https://www.erminevo.it/category/concorso/] wp-content/plugins/wp-featherlight/css/wp-featherlight.min.css
[Sun, 21 Apr 2024 01:53:48 +0000] [/wp-content/cache/minify/818c0.js] [https://www.erminevo.it/category/concorso/] wp-includes/js/jquery/jquery.min.js
wp-includes/js/jquery/jquery-migrate.min.js
[Sun, 21 Apr 2024 01:53:48 +0000] [/wp-content/cache/minify/ffd7d.js] [https://www.erminevo.it/category/concorso/] wp-content/plugins/cookie-law-info/legacy/public/js/cookie-law-info-public.js
wp-content/plugins/ermispettacoli/public/js/ermispettacoli-public.js
[Sun, 21 Apr 2024 01:53:49 +0000] [/wp-content/cache/minify/1f540.js] [https://www.erminevo.it/category/concorso/] wp-content/plugins/contact-form-7/includes/swv/js/index.js
[Sun, 21 Apr 2024 01:53:49 +0000] [/wp-content/cache/minify/b68ea.js] [https://www.erminevo.it/category/concorso/] wp-content/plugins/contact-form-7/includes/js/index.js
[Sun, 21 Apr 2024 01:53:50 +0000] [/wp-content/cache/minify/9ef10.js] [https://www.erminevo.it/category/concorso/] wp-content/plugins/page-scroll-to-id/js/page-scroll-to-id.min.js
wp-includes/js/hoverIntent.min.js
wp-content/themes/genesis/lib/js/menu/superfish.min.js
wp-content/themes/genesis/lib/js/menu/superfish.args.min.js
wp-content/themes/genesis/lib/js/skip-links.min.js
wp-content/themes/ErmiTheme/js/flickity.pkgd.min.js
[Sun, 21 Apr 2024 01:53:50 +0000] [/wp-content/cache/minify/a2afd.js] [https://www.erminevo.it/category/concorso/] wp-content/themes/genesis/lib/js/menu/responsive-menus.min.js
[Sun, 21 Apr 2024 01:53:51 +0000] [/wp-content/cache/minify/5839d.js] [https://www.erminevo.it/category/concorso/] wp-includes/js/dist/vendor/wp-polyfill-inert.min.js
wp-includes/js/dist/vendor/regenerator-runtime.min.js
wp-includes/js/dist/vendor/wp-polyfill.min.js
[Sun, 21 Apr 2024 01:53:51 +0000] [/wp-content/cache/minify/e8954.js] [https://www.erminevo.it/category/concorso/] wp-content/plugins/contact-form-7/modules/recaptcha/index.js
wp-content/plugins/wp-featherlight/js/wpFeatherlight.pkgd.min.js
[Mon, 22 Apr 2024 20:22:53 +0000] [/wp-content/cache/minify/15a18.css] [-] wp-content/themes/ErmiTheme/css/hamburgers.min.css
[Mon, 22 Apr 2024 20:22:53 +0000] [/wp-content/cache/minify/1d685.css] [-] wp-content/themes/ErmiTheme/css/flickity.min.css
[Mon, 22 Apr 2024 20:22:54 +0000] [/wp-content/cache/minify/4e0b7.css] [-] wp-content/plugins/ermispettacoli/public/css/ermispettacoli-public.css
[Mon, 22 Apr 2024 20:22:54 +0000] [/wp-content/cache/minify/818c0.js] [-] wp-includes/js/jquery/jquery.min.js
wp-includes/js/jquery/jquery-migrate.min.js
[Mon, 22 Apr 2024 20:22:54 +0000] [/wp-content/cache/minify/a5ff7.css] [-] wp-includes/css/dist/block-library/style.min.css
[Mon, 22 Apr 2024 20:22:55 +0000] [/wp-content/cache/minify/f6500.css] [-] wp-content/themes/ErmiTheme/style.css
[Mon, 22 Apr 2024 20:22:55 +0000] [/wp-content/cache/minify/fdef4.css] [-] wp-content/plugins/cookie-law-info/legacy/public/css/cookie-law-info-gdpr.css
[Mon, 22 Apr 2024 20:22:59 +0000] [/wp-content/cache/minify/3888a.css] [-] wp-content/plugins/cookie-law-info/legacy/public/css/cookie-law-info-public.css
[Mon, 22 Apr 2024 20:23:00 +0000] [/wp-content/cache/minify/d085d.css] [-] wp-content/plugins/wp-featherlight/css/wp-featherlight.min.css
[Mon, 22 Apr 2024 20:23:04 +0000] [/wp-content/cache/minify/1f540.js] [-] wp-content/plugins/contact-form-7/includes/swv/js/index.js
[Mon, 22 Apr 2024 20:23:05 +0000] [/wp-content/cache/minify/300ec.css] [-] wp-includes/css/dashicons.min.css
[Mon, 22 Apr 2024 20:23:05 +0000] [/wp-content/cache/minify/4c431.css] [-] wp-content/plugins/contact-form-7/includes/css/styles.css
[Mon, 22 Apr 2024 20:23:05 +0000] [/wp-content/cache/minify/5839d.js] [-] wp-includes/js/dist/vendor/wp-polyfill-inert.min.js
wp-includes/js/dist/vendor/regenerator-runtime.min.js
wp-includes/js/dist/vendor/wp-polyfill.min.js
[Mon, 22 Apr 2024 20:23:06 +0000] [/wp-content/cache/minify/69e6a.css] [-] wp-content/themes/ErmiTheme/lib/gutenberg/front-end.css
[Mon, 22 Apr 2024 20:23:06 +0000] [/wp-content/cache/minify/9ef10.js] [-] wp-content/plugins/page-scroll-to-id/js/page-scroll-to-id.min.js
wp-includes/js/hoverIntent.min.js
wp-content/themes/genesis/lib/js/menu/superfish.min.js
wp-content/themes/genesis/lib/js/menu/superfish.args.min.js
wp-content/themes/genesis/lib/js/skip-links.min.js
wp-content/themes/ErmiTheme/js/flickity.pkgd.min.js
[Mon, 22 Apr 2024 20:23:06 +0000] [/wp-content/cache/minify/a2afd.js] [-] wp-content/themes/genesis/lib/js/menu/responsive-menus.min.js
[Mon, 22 Apr 2024 20:23:07 +0000] [/wp-content/cache/minify/b68ea.js] [-] wp-content/plugins/contact-form-7/includes/js/index.js
[Mon, 22 Apr 2024 20:23:07 +0000] [/wp-content/cache/minify/e8954.js] [-] wp-content/plugins/contact-form-7/modules/recaptcha/index.js
wp-content/plugins/wp-featherlight/js/wpFeatherlight.pkgd.min.js
[Mon, 22 Apr 2024 20:23:08 +0000] [/wp-content/cache/minify/ffd7d.js] [-] wp-content/plugins/cookie-law-info/legacy/public/js/cookie-law-info-public.js
wp-content/plugins/ermispettacoli/public/js/ermispettacoli-public.js
[Wed, 24 Apr 2024 18:23:56 +0000] [/wp-content/cache/minify/f6500.css] [https://www.erminevo.it/unora-di-tranquillita/] wp-content/themes/ErmiTheme/style.css
[Wed, 24 Apr 2024 18:23:57 +0000] [/wp-content/cache/minify/d085d.css] [https://www.erminevo.it/unora-di-tranquillita/] wp-content/plugins/wp-featherlight/css/wp-featherlight.min.css
[Wed, 24 Apr 2024 18:23:58 +0000] [/wp-content/cache/minify/818c0.js] [https://www.erminevo.it/unora-di-tranquillita/] wp-includes/js/jquery/jquery.min.js
wp-includes/js/jquery/jquery-migrate.min.js
[Wed, 24 Apr 2024 18:23:59 +0000] [/wp-content/cache/minify/15a18.css] [https://www.erminevo.it/unora-di-tranquillita/] wp-content/themes/ErmiTheme/css/hamburgers.min.css
[Wed, 24 Apr 2024 18:24:00 +0000] [/wp-content/cache/minify/fdef4.css] [https://www.erminevo.it/unora-di-tranquillita/] wp-content/plugins/cookie-law-info/legacy/public/css/cookie-law-info-gdpr.css
[Wed, 24 Apr 2024 18:24:03 +0000] [/wp-content/cache/minify/300ec.css] [https://www.erminevo.it/unora-di-tranquillita/] wp-includes/css/dashicons.min.css
[Wed, 24 Apr 2024 18:24:03 +0000] [/wp-content/cache/minify/1d685.css] [https://www.erminevo.it/unora-di-tranquillita/] wp-content/themes/ErmiTheme/css/flickity.min.css
[Wed, 24 Apr 2024 18:24:04 +0000] [/wp-content/cache/minify/69e6a.css] [https://www.erminevo.it/unora-di-tranquillita/] wp-content/themes/ErmiTheme/lib/gutenberg/front-end.css
[Wed, 24 Apr 2024 18:24:05 +0000] [/wp-content/cache/minify/a2afd.js] [https://www.erminevo.it/unora-di-tranquillita/] wp-content/themes/genesis/lib/js/menu/responsive-menus.min.js
[Wed, 24 Apr 2024 18:24:06 +0000] [/wp-content/cache/minify/5839d.js] [https://www.erminevo.it/unora-di-tranquillita/] wp-includes/js/dist/vendor/wp-polyfill-inert.min.js
wp-includes/js/dist/vendor/regenerator-runtime.min.js
wp-includes/js/dist/vendor/wp-polyfill.min.js
[Wed, 24 Apr 2024 18:24:06 +0000] [/wp-content/cache/minify/e8954.js] [https://www.erminevo.it/unora-di-tranquillita/] wp-content/plugins/contact-form-7/modules/recaptcha/index.js
wp-content/plugins/wp-featherlight/js/wpFeatherlight.pkgd.min.js
[Thu, 25 Apr 2024 00:42:11 +0000] [/wp-content/cache/minify/1f540.js] [-] wp-content/plugins/contact-form-7/includes/swv/js/index.js
[Thu, 25 Apr 2024 00:42:11 +0000] [/wp-content/cache/minify/4c431.css] [-] wp-content/plugins/contact-form-7/includes/css/styles.css
[Thu, 25 Apr 2024 00:42:13 +0000] [/wp-content/cache/minify/9ef10.js] [-] wp-content/plugins/page-scroll-to-id/js/page-scroll-to-id.min.js
wp-includes/js/hoverIntent.min.js
wp-content/themes/genesis/lib/js/menu/superfish.min.js
wp-content/themes/genesis/lib/js/menu/superfish.args.min.js
wp-content/themes/genesis/lib/js/skip-links.min.js
wp-content/themes/ErmiTheme/js/flickity.pkgd.min.js
[Thu, 25 Apr 2024 00:42:13 +0000] [/wp-content/cache/minify/b68ea.js] [-] wp-content/plugins/contact-form-7/includes/js/index.js
[Thu, 25 Apr 2024 00:42:14 +0000] [/wp-content/cache/minify/ffd7d.js] [-] wp-content/plugins/cookie-law-info/legacy/public/js/cookie-law-info-public.js
wp-content/plugins/ermispettacoli/public/js/ermispettacoli-public.js
[Thu, 25 Apr 2024 00:42:15 +0000] [/wp-content/cache/minify/3888a.css] [-] wp-content/plugins/cookie-law-info/legacy/public/css/cookie-law-info-public.css
[Thu, 25 Apr 2024 00:42:21 +0000] [/wp-content/cache/minify/4e0b7.css] [-] wp-content/plugins/ermispettacoli/public/css/ermispettacoli-public.css
[Thu, 25 Apr 2024 00:42:21 +0000] [/wp-content/cache/minify/a5ff7.css] [-] wp-includes/css/dist/block-library/style.min.css
[Fri, 26 Apr 2024 17:42:34 +0000] [/wp-content/cache/minify/f6500.css] [https://www.erminevo.it/?fbclid=IwZXh0bgNhZW0CMTEAAR0bmC-QBOep2HAvuix4Bh0o10aKTtLzQ2yVn_KVVJx1jxQZwBKKZQALOQQ_aem_AZleNc0G0CNatSrRM4gX8JNIJa037AyWr2ElCqffI3ScBmLiOewCLgzVqAA2XUpP8AfQspprzeRJBnEeyujnRBxD] wp-content/themes/ErmiTheme/style.css
[Fri, 26 Apr 2024 17:42:34 +0000] [/wp-content/cache/minify/3888a.css] [https://www.erminevo.it/?fbclid=IwZXh0bgNhZW0CMTEAAR0bmC-QBOep2HAvuix4Bh0o10aKTtLzQ2yVn_KVVJx1jxQZwBKKZQALOQQ_aem_AZleNc0G0CNatSrRM4gX8JNIJa037AyWr2ElCqffI3ScBmLiOewCLgzVqAA2XUpP8AfQspprzeRJBnEeyujnRBxD] wp-content/plugins/cookie-law-info/legacy/public/css/cookie-law-info-public.css
[Fri, 26 Apr 2024 17:42:34 +0000] [/wp-content/cache/minify/fdef4.css] [https://www.erminevo.it/?fbclid=IwZXh0bgNhZW0CMTEAAR0bmC-QBOep2HAvuix4Bh0o10aKTtLzQ2yVn_KVVJx1jxQZwBKKZQALOQQ_aem_AZleNc0G0CNatSrRM4gX8JNIJa037AyWr2ElCqffI3ScBmLiOewCLgzVqAA2XUpP8AfQspprzeRJBnEeyujnRBxD] wp-content/plugins/cookie-law-info/legacy/public/css/cookie-law-info-gdpr.css
[Fri, 26 Apr 2024 17:42:35 +0000] [/wp-content/cache/minify/4e0b7.css] [https://www.erminevo.it/?fbclid=IwZXh0bgNhZW0CMTEAAR0bmC-QBOep2HAvuix4Bh0o10aKTtLzQ2yVn_KVVJx1jxQZwBKKZQALOQQ_aem_AZleNc0G0CNatSrRM4gX8JNIJa037AyWr2ElCqffI3ScBmLiOewCLgzVqAA2XUpP8AfQspprzeRJBnEeyujnRBxD] wp-content/plugins/ermispettacoli/public/css/ermispettacoli-public.css
[Fri, 26 Apr 2024 17:42:35 +0000] [/wp-content/cache/minify/300ec.css] [https://www.erminevo.it/?fbclid=IwZXh0bgNhZW0CMTEAAR0bmC-QBOep2HAvuix4Bh0o10aKTtLzQ2yVn_KVVJx1jxQZwBKKZQALOQQ_aem_AZleNc0G0CNatSrRM4gX8JNIJa037AyWr2ElCqffI3ScBmLiOewCLgzVqAA2XUpP8AfQspprzeRJBnEeyujnRBxD] wp-includes/css/dashicons.min.css
[Fri, 26 Apr 2024 17:42:35 +0000] [/wp-content/cache/minify/1d685.css] [https://www.erminevo.it/?fbclid=IwZXh0bgNhZW0CMTEAAR0bmC-QBOep2HAvuix4Bh0o10aKTtLzQ2yVn_KVVJx1jxQZwBKKZQALOQQ_aem_AZleNc0G0CNatSrRM4gX8JNIJa037AyWr2ElCqffI3ScBmLiOewCLgzVqAA2XUpP8AfQspprzeRJBnEeyujnRBxD] wp-content/themes/ErmiTheme/css/flickity.min.css
[Fri, 26 Apr 2024 17:42:35 +0000] [/wp-content/cache/minify/15a18.css] [https://www.erminevo.it/?fbclid=IwZXh0bgNhZW0CMTEAAR0bmC-QBOep2HAvuix4Bh0o10aKTtLzQ2yVn_KVVJx1jxQZwBKKZQALOQQ_aem_AZleNc0G0CNatSrRM4gX8JNIJa037AyWr2ElCqffI3ScBmLiOewCLgzVqAA2XUpP8AfQspprzeRJBnEeyujnRBxD] wp-content/themes/ErmiTheme/css/hamburgers.min.css
[Fri, 26 Apr 2024 17:42:36 +0000] [/wp-content/cache/minify/4c431.css] [https://www.erminevo.it/?fbclid=IwZXh0bgNhZW0CMTEAAR0bmC-QBOep2HAvuix4Bh0o10aKTtLzQ2yVn_KVVJx1jxQZwBKKZQALOQQ_aem_AZleNc0G0CNatSrRM4gX8JNIJa037AyWr2ElCqffI3ScBmLiOewCLgzVqAA2XUpP8AfQspprzeRJBnEeyujnRBxD] wp-content/plugins/contact-form-7/includes/css/styles.css
[Fri, 26 Apr 2024 17:42:36 +0000] [/wp-content/cache/minify/a5ff7.css] [https://www.erminevo.it/?fbclid=IwZXh0bgNhZW0CMTEAAR0bmC-QBOep2HAvuix4Bh0o10aKTtLzQ2yVn_KVVJx1jxQZwBKKZQALOQQ_aem_AZleNc0G0CNatSrRM4gX8JNIJa037AyWr2ElCqffI3ScBmLiOewCLgzVqAA2XUpP8AfQspprzeRJBnEeyujnRBxD] wp-includes/css/dist/block-library/style.min.css
[Fri, 26 Apr 2024 17:42:36 +0000] [/wp-content/cache/minify/69e6a.css] [https://www.erminevo.it/?fbclid=IwZXh0bgNhZW0CMTEAAR0bmC-QBOep2HAvuix4Bh0o10aKTtLzQ2yVn_KVVJx1jxQZwBKKZQALOQQ_aem_AZleNc0G0CNatSrRM4gX8JNIJa037AyWr2ElCqffI3ScBmLiOewCLgzVqAA2XUpP8AfQspprzeRJBnEeyujnRBxD] wp-content/themes/ErmiTheme/lib/gutenberg/front-end.css
[Fri, 26 Apr 2024 17:42:36 +0000] [/wp-content/cache/minify/818c0.js] [https://www.erminevo.it/?fbclid=IwZXh0bgNhZW0CMTEAAR0bmC-QBOep2HAvuix4Bh0o10aKTtLzQ2yVn_KVVJx1jxQZwBKKZQALOQQ_aem_AZleNc0G0CNatSrRM4gX8JNIJa037AyWr2ElCqffI3ScBmLiOewCLgzVqAA2XUpP8AfQspprzeRJBnEeyujnRBxD] wp-includes/js/jquery/jquery.min.js
wp-includes/js/jquery/jquery-migrate.min.js
[Fri, 26 Apr 2024 17:42:36 +0000] [/wp-content/cache/minify/d085d.css] [https://www.erminevo.it/?fbclid=IwZXh0bgNhZW0CMTEAAR0bmC-QBOep2HAvuix4Bh0o10aKTtLzQ2yVn_KVVJx1jxQZwBKKZQALOQQ_aem_AZleNc0G0CNatSrRM4gX8JNIJa037AyWr2ElCqffI3ScBmLiOewCLgzVqAA2XUpP8AfQspprzeRJBnEeyujnRBxD] wp-content/plugins/wp-featherlight/css/wp-featherlight.min.css
[Fri, 26 Apr 2024 17:42:36 +0000] [/wp-content/cache/minify/ffd7d.js] [https://www.erminevo.it/?fbclid=IwZXh0bgNhZW0CMTEAAR0bmC-QBOep2HAvuix4Bh0o10aKTtLzQ2yVn_KVVJx1jxQZwBKKZQALOQQ_aem_AZleNc0G0CNatSrRM4gX8JNIJa037AyWr2ElCqffI3ScBmLiOewCLgzVqAA2XUpP8AfQspprzeRJBnEeyujnRBxD] wp-content/plugins/cookie-law-info/legacy/public/js/cookie-law-info-public.js
wp-content/plugins/ermispettacoli/public/js/ermispettacoli-public.js
[Fri, 26 Apr 2024 17:42:36 +0000] [/wp-content/cache/minify/1f540.js] [https://www.erminevo.it/?fbclid=IwZXh0bgNhZW0CMTEAAR0bmC-QBOep2HAvuix4Bh0o10aKTtLzQ2yVn_KVVJx1jxQZwBKKZQALOQQ_aem_AZleNc0G0CNatSrRM4gX8JNIJa037AyWr2ElCqffI3ScBmLiOewCLgzVqAA2XUpP8AfQspprzeRJBnEeyujnRBxD] wp-content/plugins/contact-form-7/includes/swv/js/index.js
[Fri, 26 Apr 2024 17:42:36 +0000] [/wp-content/cache/minify/b68ea.js] [https://www.erminevo.it/?fbclid=IwZXh0bgNhZW0CMTEAAR0bmC-QBOep2HAvuix4Bh0o10aKTtLzQ2yVn_KVVJx1jxQZwBKKZQALOQQ_aem_AZleNc0G0CNatSrRM4gX8JNIJa037AyWr2ElCqffI3ScBmLiOewCLgzVqAA2XUpP8AfQspprzeRJBnEeyujnRBxD] wp-content/plugins/contact-form-7/includes/js/index.js
[Fri, 26 Apr 2024 17:42:36 +0000] [/wp-content/cache/minify/9ef10.js] [https://www.erminevo.it/?fbclid=IwZXh0bgNhZW0CMTEAAR0bmC-QBOep2HAvuix4Bh0o10aKTtLzQ2yVn_KVVJx1jxQZwBKKZQALOQQ_aem_AZleNc0G0CNatSrRM4gX8JNIJa037AyWr2ElCqffI3ScBmLiOewCLgzVqAA2XUpP8AfQspprzeRJBnEeyujnRBxD] wp-content/plugins/page-scroll-to-id/js/page-scroll-to-id.min.js
wp-includes/js/hoverIntent.min.js
wp-content/themes/genesis/lib/js/menu/superfish.min.js
wp-content/themes/genesis/lib/js/menu/superfish.args.min.js
wp-content/themes/genesis/lib/js/skip-links.min.js
wp-content/themes/ErmiTheme/js/flickity.pkgd.min.js
[Fri, 26 Apr 2024 17:42:37 +0000] [/wp-content/cache/minify/5839d.js] [https://www.erminevo.it/?fbclid=IwZXh0bgNhZW0CMTEAAR0bmC-QBOep2HAvuix4Bh0o10aKTtLzQ2yVn_KVVJx1jxQZwBKKZQALOQQ_aem_AZleNc0G0CNatSrRM4gX8JNIJa037AyWr2ElCqffI3ScBmLiOewCLgzVqAA2XUpP8AfQspprzeRJBnEeyujnRBxD] wp-includes/js/dist/vendor/wp-polyfill-inert.min.js
wp-includes/js/dist/vendor/regenerator-runtime.min.js
wp-includes/js/dist/vendor/wp-polyfill.min.js
[Fri, 26 Apr 2024 17:42:37 +0000] [/wp-content/cache/minify/a2afd.js] [https://www.erminevo.it/?fbclid=IwZXh0bgNhZW0CMTEAAR0bmC-QBOep2HAvuix4Bh0o10aKTtLzQ2yVn_KVVJx1jxQZwBKKZQALOQQ_aem_AZleNc0G0CNatSrRM4gX8JNIJa037AyWr2ElCqffI3ScBmLiOewCLgzVqAA2XUpP8AfQspprzeRJBnEeyujnRBxD] wp-content/themes/genesis/lib/js/menu/responsive-menus.min.js
[Fri, 26 Apr 2024 17:42:37 +0000] [/wp-content/cache/minify/e8954.js] [https://www.erminevo.it/?fbclid=IwZXh0bgNhZW0CMTEAAR0bmC-QBOep2HAvuix4Bh0o10aKTtLzQ2yVn_KVVJx1jxQZwBKKZQALOQQ_aem_AZleNc0G0CNatSrRM4gX8JNIJa037AyWr2ElCqffI3ScBmLiOewCLgzVqAA2XUpP8AfQspprzeRJBnEeyujnRBxD] wp-content/plugins/contact-form-7/modules/recaptcha/index.js
wp-content/plugins/wp-featherlight/js/wpFeatherlight.pkgd.min.js
[Sun, 28 Apr 2024 22:39:21 +0000] [/wp-content/cache/minify/15a18.css] [-] wp-content/themes/ErmiTheme/css/hamburgers.min.css
[Sun, 28 Apr 2024 22:39:22 +0000] [/wp-content/cache/minify/1d685.css] [-] wp-content/themes/ErmiTheme/css/flickity.min.css
[Sun, 28 Apr 2024 22:39:22 +0000] [/wp-content/cache/minify/4e0b7.css] [-] wp-content/plugins/ermispettacoli/public/css/ermispettacoli-public.css
[Sun, 28 Apr 2024 22:39:22 +0000] [/wp-content/cache/minify/818c0.js] [-] wp-includes/js/jquery/jquery.min.js
wp-includes/js/jquery/jquery-migrate.min.js
[Sun, 28 Apr 2024 22:39:23 +0000] [/wp-content/cache/minify/a5ff7.css] [-] wp-includes/css/dist/block-library/style.min.css
[Sun, 28 Apr 2024 22:39:23 +0000] [/wp-content/cache/minify/fdef4.css] [-] wp-content/plugins/cookie-law-info/legacy/public/css/cookie-law-info-gdpr.css
[Sun, 28 Apr 2024 22:39:23 +0000] [/wp-content/cache/minify/f6500.css] [-] wp-content/themes/ErmiTheme/style.css
[Sun, 28 Apr 2024 22:39:31 +0000] [/wp-content/cache/minify/1f540.js] [-] wp-content/plugins/contact-form-7/includes/swv/js/index.js
[Sun, 28 Apr 2024 22:39:32 +0000] [/wp-content/cache/minify/300ec.css] [-] wp-includes/css/dashicons.min.css
[Sun, 28 Apr 2024 22:39:32 +0000] [/wp-content/cache/minify/4c431.css] [-] wp-content/plugins/contact-form-7/includes/css/styles.css
[Sun, 28 Apr 2024 22:39:32 +0000] [/wp-content/cache/minify/5839d.js] [-] wp-includes/js/dist/vendor/wp-polyfill-inert.min.js
wp-includes/js/dist/vendor/regenerator-runtime.min.js
wp-includes/js/dist/vendor/wp-polyfill.min.js
[Sun, 28 Apr 2024 22:39:33 +0000] [/wp-content/cache/minify/69e6a.css] [-] wp-content/themes/ErmiTheme/lib/gutenberg/front-end.css
[Sun, 28 Apr 2024 22:39:34 +0000] [/wp-content/cache/minify/9ef10.js] [-] wp-content/plugins/page-scroll-to-id/js/page-scroll-to-id.min.js
wp-includes/js/hoverIntent.min.js
wp-content/themes/genesis/lib/js/menu/superfish.min.js
wp-content/themes/genesis/lib/js/menu/superfish.args.min.js
wp-content/themes/genesis/lib/js/skip-links.min.js
wp-content/themes/ErmiTheme/js/flickity.pkgd.min.js
[Sun, 28 Apr 2024 22:39:34 +0000] [/wp-content/cache/minify/a2afd.js] [-] wp-content/themes/genesis/lib/js/menu/responsive-menus.min.js
[Sun, 28 Apr 2024 22:39:34 +0000] [/wp-content/cache/minify/b68ea.js] [-] wp-content/plugins/contact-form-7/includes/js/index.js
[Sun, 28 Apr 2024 22:39:35 +0000] [/wp-content/cache/minify/e8954.js] [-] wp-content/plugins/contact-form-7/modules/recaptcha/index.js
wp-content/plugins/wp-featherlight/js/wpFeatherlight.pkgd.min.js
[Sun, 28 Apr 2024 22:39:35 +0000] [/wp-content/cache/minify/ffd7d.js] [-] wp-content/plugins/cookie-law-info/legacy/public/js/cookie-law-info-public.js
wp-content/plugins/ermispettacoli/public/js/ermispettacoli-public.js
[Sun, 28 Apr 2024 22:55:34 +0000] [/wp-content/cache/minify/d085d.css] [-] wp-content/plugins/wp-featherlight/css/wp-featherlight.min.css
[Sun, 28 Apr 2024 22:55:34 +0000] [/wp-content/cache/minify/3888a.css] [-] wp-content/plugins/cookie-law-info/legacy/public/css/cookie-law-info-public.css
[Wed, 01 May 2024 09:17:59 +0000] [/wp-content/cache/minify/300ec.css] [https://www.erminevo.it/] wp-includes/css/dashicons.min.css
[Wed, 01 May 2024 09:18:05 +0000] [/wp-content/cache/minify/5839d.js] [https://www.erminevo.it/] wp-includes/js/dist/vendor/wp-polyfill-inert.min.js
wp-includes/js/dist/vendor/regenerator-runtime.min.js
wp-includes/js/dist/vendor/wp-polyfill.min.js
[Wed, 01 May 2024 09:20:43 +0000] [/wp-content/cache/minify/4e0b7.css] [https://www.erminevo.it/] wp-content/plugins/ermispettacoli/public/css/ermispettacoli-public.css
[Wed, 01 May 2024 09:20:52 +0000] [/wp-content/cache/minify/ffd7d.js] [https://www.erminevo.it/] wp-content/plugins/cookie-law-info/legacy/public/js/cookie-law-info-public.js
wp-content/plugins/ermispettacoli/public/js/ermispettacoli-public.js
[Wed, 01 May 2024 09:20:53 +0000] [/wp-content/cache/minify/f6500.css] [https://www.erminevo.it/] wp-content/themes/ErmiTheme/style.css
[Wed, 01 May 2024 09:20:54 +0000] [/wp-content/cache/minify/15a18.css] [https://www.erminevo.it/] wp-content/themes/ErmiTheme/css/hamburgers.min.css
[Wed, 01 May 2024 09:20:55 +0000] [/wp-content/cache/minify/4c431.css] [https://www.erminevo.it/] wp-content/plugins/contact-form-7/includes/css/styles.css
[Wed, 01 May 2024 09:20:57 +0000] [/wp-content/cache/minify/69e6a.css] [https://www.erminevo.it/] wp-content/themes/ErmiTheme/lib/gutenberg/front-end.css
[Wed, 01 May 2024 11:51:47 +0000] [/wp-content/cache/minify/1d685.css] [https://www.erminevo.it/] wp-content/themes/ErmiTheme/css/flickity.min.css
[Wed, 01 May 2024 11:51:51 +0000] [/wp-content/cache/minify/b68ea.js] [https://www.erminevo.it/] wp-content/plugins/contact-form-7/includes/js/index.js
[Wed, 01 May 2024 11:51:52 +0000] [/wp-content/cache/minify/a2afd.js] [https://www.erminevo.it/] wp-content/themes/genesis/lib/js/menu/responsive-menus.min.js
[Thu, 02 May 2024 14:49:01 +0000] [/wp-content/cache/minify/818c0.js] [https://www.erminevo.it/comune-di-lumezzane/] wp-includes/js/jquery/jquery.min.js
wp-includes/js/jquery/jquery-migrate.min.js
[Thu, 02 May 2024 14:49:02 +0000] [/wp-content/cache/minify/1f540.js] [https://www.erminevo.it/comune-di-lumezzane/] wp-content/plugins/contact-form-7/includes/swv/js/index.js
[Thu, 02 May 2024 14:49:02 +0000] [/wp-content/cache/minify/9ef10.js] [https://www.erminevo.it/comune-di-lumezzane/] wp-content/plugins/page-scroll-to-id/js/page-scroll-to-id.min.js
wp-includes/js/hoverIntent.min.js
wp-content/themes/genesis/lib/js/menu/superfish.min.js
wp-content/themes/genesis/lib/js/menu/superfish.args.min.js
wp-content/themes/genesis/lib/js/skip-links.min.js
wp-content/themes/ErmiTheme/js/flickity.pkgd.min.js
[Thu, 02 May 2024 14:49:02 +0000] [/wp-content/cache/minify/e8954.js] [https://www.erminevo.it/comune-di-lumezzane/] wp-content/plugins/contact-form-7/modules/recaptcha/index.js
wp-content/plugins/wp-featherlight/js/wpFeatherlight.pkgd.min.js
[Thu, 02 May 2024 15:51:26 +0000] [/wp-content/cache/minify/300ec.css] [https://www.erminevo.it/spettacolo-2022/] wp-includes/css/dashicons.min.css
[Thu, 02 May 2024 15:51:27 +0000] [/wp-content/cache/minify/4c431.css] [https://www.erminevo.it/spettacolo-2022/] wp-content/plugins/contact-form-7/includes/css/styles.css
[Thu, 02 May 2024 15:51:28 +0000] [/wp-content/cache/minify/69e6a.css] [https://www.erminevo.it/spettacolo-2022/] wp-content/themes/ErmiTheme/lib/gutenberg/front-end.css
[Thu, 02 May 2024 15:51:30 +0000] [/wp-content/cache/minify/b68ea.js] [https://www.erminevo.it/spettacolo-2022/] wp-content/plugins/contact-form-7/includes/js/index.js
[Thu, 02 May 2024 15:51:31 +0000] [/wp-content/cache/minify/d085d.css] [https://www.erminevo.it/spettacolo-2022/] wp-content/plugins/wp-featherlight/css/wp-featherlight.min.css
[Thu, 02 May 2024 15:51:32 +0000] [/wp-content/cache/minify/a5ff7.css] [https://www.erminevo.it/spettacolo-2022/] wp-includes/css/dist/block-library/style.min.css
[Thu, 02 May 2024 15:51:33 +0000] [/wp-content/cache/minify/1d685.css] [https://www.erminevo.it/spettacolo-2022/] wp-content/themes/ErmiTheme/css/flickity.min.css
[Thu, 02 May 2024 20:24:33 +0000] [/wp-content/cache/minify/fdef4.css] [https://www.erminevo.it/category/new/] wp-content/plugins/cookie-law-info/legacy/public/css/cookie-law-info-gdpr.css
[Thu, 02 May 2024 20:24:34 +0000] [/wp-content/cache/minify/f6500.css] [https://www.erminevo.it/category/new/] wp-content/themes/ErmiTheme/style.css
[Thu, 02 May 2024 20:24:34 +0000] [/wp-content/cache/minify/15a18.css] [https://www.erminevo.it/category/new/] wp-content/themes/ErmiTheme/css/hamburgers.min.css
[Thu, 02 May 2024 20:24:37 +0000] [/wp-content/cache/minify/3888a.css] [https://www.erminevo.it/category/new/] wp-content/plugins/cookie-law-info/legacy/public/css/cookie-law-info-public.css
[Thu, 02 May 2024 20:24:37 +0000] [/wp-content/cache/minify/ffd7d.js] [https://www.erminevo.it/category/new/] wp-content/plugins/cookie-law-info/legacy/public/js/cookie-law-info-public.js
wp-content/plugins/ermispettacoli/public/js/ermispettacoli-public.js
[Thu, 02 May 2024 20:24:38 +0000] [/wp-content/cache/minify/4e0b7.css] [https://www.erminevo.it/category/new/] wp-content/plugins/ermispettacoli/public/css/ermispettacoli-public.css
[Thu, 02 May 2024 20:24:39 +0000] [/wp-content/cache/minify/a2afd.js] [https://www.erminevo.it/category/new/] wp-content/themes/genesis/lib/js/menu/responsive-menus.min.js
[Thu, 02 May 2024 20:24:40 +0000] [/wp-content/cache/minify/5839d.js] [https://www.erminevo.it/category/new/] wp-includes/js/dist/vendor/wp-polyfill-inert.min.js
wp-includes/js/dist/vendor/regenerator-runtime.min.js
wp-includes/js/dist/vendor/wp-polyfill.min.js
[Sat, 04 May 2024 16:19:17 +0000] [/wp-content/cache/minify/4c431.css] [https://www.erminevo.it/tag/radiocanaleitalia/] wp-content/plugins/contact-form-7/includes/css/styles.css
[Sat, 04 May 2024 16:19:18 +0000] [/wp-content/cache/minify/a5ff7.css] [https://www.erminevo.it/tag/radiocanaleitalia/] wp-includes/css/dist/block-library/style.min.css
[Sat, 04 May 2024 16:19:19 +0000] [/wp-content/cache/minify/300ec.css] [https://www.erminevo.it/tag/radiocanaleitalia/] wp-includes/css/dashicons.min.css
[Sat, 04 May 2024 16:19:19 +0000] [/wp-content/cache/minify/69e6a.css] [https://www.erminevo.it/tag/radiocanaleitalia/] wp-content/themes/ErmiTheme/lib/gutenberg/front-end.css
[Sat, 04 May 2024 16:19:19 +0000] [/wp-content/cache/minify/1d685.css] [https://www.erminevo.it/tag/radiocanaleitalia/] wp-content/themes/ErmiTheme/css/flickity.min.css
[Sat, 04 May 2024 16:19:20 +0000] [/wp-content/cache/minify/d085d.css] [https://www.erminevo.it/tag/radiocanaleitalia/] wp-content/plugins/wp-featherlight/css/wp-featherlight.min.css
[Sat, 04 May 2024 16:19:20 +0000] [/wp-content/cache/minify/818c0.js] [https://www.erminevo.it/tag/radiocanaleitalia/] wp-includes/js/jquery/jquery.min.js
wp-includes/js/jquery/jquery-migrate.min.js
[Sat, 04 May 2024 16:19:21 +0000] [/wp-content/cache/minify/1f540.js] [https://www.erminevo.it/tag/radiocanaleitalia/] wp-content/plugins/contact-form-7/includes/swv/js/index.js
[Sat, 04 May 2024 16:19:22 +0000] [/wp-content/cache/minify/b68ea.js] [https://www.erminevo.it/tag/radiocanaleitalia/] wp-content/plugins/contact-form-7/includes/js/index.js
[Sat, 04 May 2024 16:19:22 +0000] [/wp-content/cache/minify/9ef10.js] [https://www.erminevo.it/tag/radiocanaleitalia/] wp-content/plugins/page-scroll-to-id/js/page-scroll-to-id.min.js
wp-includes/js/hoverIntent.min.js
wp-content/themes/genesis/lib/js/menu/superfish.min.js
wp-content/themes/genesis/lib/js/menu/superfish.args.min.js
wp-content/themes/genesis/lib/js/skip-links.min.js
wp-content/themes/ErmiTheme/js/flickity.pkgd.min.js
[Sat, 04 May 2024 16:19:24 +0000] [/wp-content/cache/minify/e8954.js] [https://www.erminevo.it/tag/radiocanaleitalia/] wp-content/plugins/contact-form-7/modules/recaptcha/index.js
wp-content/plugins/wp-featherlight/js/wpFeatherlight.pkgd.min.js
[Mon, 06 May 2024 00:59:39 +0000] [/wp-content/cache/minify/a5ff7.css] [https://www.erminevo.it/] wp-includes/css/dist/block-library/style.min.css
[Mon, 06 May 2024 22:20:08 +0000] [/wp-content/cache/minify/fdef4.css] [https://www.erminevo.it/tag/teatroepassione/] wp-content/plugins/cookie-law-info/legacy/public/css/cookie-law-info-gdpr.css
[Mon, 06 May 2024 22:20:09 +0000] [/wp-content/cache/minify/d085d.css] [https://www.erminevo.it/tag/teatroepassione/] wp-content/plugins/wp-featherlight/css/wp-featherlight.min.css
[Mon, 06 May 2024 22:20:10 +0000] [/wp-content/cache/minify/818c0.js] [https://www.erminevo.it/tag/teatroepassione/] wp-includes/js/jquery/jquery.min.js
wp-includes/js/jquery/jquery-migrate.min.js
[Mon, 06 May 2024 22:20:11 +0000] [/wp-content/cache/minify/1f540.js] [https://www.erminevo.it/tag/teatroepassione/] wp-content/plugins/contact-form-7/includes/swv/js/index.js
[Mon, 06 May 2024 22:20:12 +0000] [/wp-content/cache/minify/a2afd.js] [https://www.erminevo.it/tag/teatroepassione/] wp-content/themes/genesis/lib/js/menu/responsive-menus.min.js
[Mon, 06 May 2024 22:20:13 +0000] [/wp-content/cache/minify/e8954.js] [https://www.erminevo.it/tag/teatroepassione/] wp-content/plugins/contact-form-7/modules/recaptcha/index.js
wp-content/plugins/wp-featherlight/js/wpFeatherlight.pkgd.min.js
[Wed, 08 May 2024 17:22:41 +0000] [/wp-content/cache/minify/a5ff7.css] [https://www.erminevo.it/] wp-includes/css/dist/block-library/style.min.css
[Wed, 08 May 2024 17:22:41 +0000] [/wp-content/cache/minify/f6500.css] [https://www.erminevo.it/] wp-content/themes/ErmiTheme/style.css
[Wed, 08 May 2024 17:22:42 +0000] [/wp-content/cache/minify/3888a.css] [https://www.erminevo.it/] wp-content/plugins/cookie-law-info/legacy/public/css/cookie-law-info-public.css
[Wed, 08 May 2024 17:22:42 +0000] [/wp-content/cache/minify/4c431.css] [https://www.erminevo.it/] wp-content/plugins/contact-form-7/includes/css/styles.css
[Wed, 08 May 2024 17:22:43 +0000] [/wp-content/cache/minify/ffd7d.js] [https://www.erminevo.it/] wp-content/plugins/cookie-law-info/legacy/public/js/cookie-law-info-public.js
wp-content/plugins/ermispettacoli/public/js/ermispettacoli-public.js
[Wed, 08 May 2024 17:22:43 +0000] [/wp-content/cache/minify/d085d.css] [https://www.erminevo.it/] wp-content/plugins/wp-featherlight/css/wp-featherlight.min.css
[Wed, 08 May 2024 17:22:44 +0000] [/wp-content/cache/minify/818c0.js] [https://www.erminevo.it/] wp-includes/js/jquery/jquery.min.js
wp-includes/js/jquery/jquery-migrate.min.js
[Wed, 08 May 2024 17:22:45 +0000] [/wp-content/cache/minify/fdef4.css] [https://www.erminevo.it/] wp-content/plugins/cookie-law-info/legacy/public/css/cookie-law-info-gdpr.css
[Wed, 08 May 2024 17:22:45 +0000] [/wp-content/cache/minify/300ec.css] [https://www.erminevo.it/] wp-includes/css/dashicons.min.css
[Wed, 08 May 2024 17:22:45 +0000] [/wp-content/cache/minify/69e6a.css] [https://www.erminevo.it/] wp-content/themes/ErmiTheme/lib/gutenberg/front-end.css
[Wed, 08 May 2024 17:22:45 +0000] [/wp-content/cache/minify/1d685.css] [https://www.erminevo.it/] wp-content/themes/ErmiTheme/css/flickity.min.css
[Wed, 08 May 2024 17:22:45 +0000] [/wp-content/cache/minify/15a18.css] [https://www.erminevo.it/] wp-content/themes/ErmiTheme/css/hamburgers.min.css
[Wed, 08 May 2024 17:22:45 +0000] [/wp-content/cache/minify/4e0b7.css] [https://www.erminevo.it/] wp-content/plugins/ermispettacoli/public/css/ermispettacoli-public.css
[Wed, 08 May 2024 17:22:45 +0000] [/wp-content/cache/minify/b68ea.js] [https://www.erminevo.it/] wp-content/plugins/contact-form-7/includes/js/index.js
[Wed, 08 May 2024 17:22:45 +0000] [/wp-content/cache/minify/1f540.js] [https://www.erminevo.it/] wp-content/plugins/contact-form-7/includes/swv/js/index.js
[Wed, 08 May 2024 17:22:45 +0000] [/wp-content/cache/minify/a2afd.js] [https://www.erminevo.it/] wp-content/themes/genesis/lib/js/menu/responsive-menus.min.js
[Wed, 08 May 2024 17:22:45 +0000] [/wp-content/cache/minify/e8954.js] [https://www.erminevo.it/] wp-content/plugins/contact-form-7/modules/recaptcha/index.js
wp-content/plugins/wp-featherlight/js/wpFeatherlight.pkgd.min.js
[Wed, 08 May 2024 17:22:45 +0000] [/wp-content/cache/minify/5839d.js] [https://www.erminevo.it/] wp-includes/js/dist/vendor/wp-polyfill-inert.min.js
wp-includes/js/dist/vendor/regenerator-runtime.min.js
wp-includes/js/dist/vendor/wp-polyfill.min.js
[Wed, 08 May 2024 17:22:45 +0000] [/wp-content/cache/minify/9ef10.js] [https://www.erminevo.it/] wp-content/plugins/page-scroll-to-id/js/page-scroll-to-id.min.js
wp-includes/js/hoverIntent.min.js
wp-content/themes/genesis/lib/js/menu/superfish.min.js
wp-content/themes/genesis/lib/js/menu/superfish.args.min.js
wp-content/themes/genesis/lib/js/skip-links.min.js
wp-content/themes/ErmiTheme/js/flickity.pkgd.min.js
[Thu, 09 May 2024 23:40:19 +0000] [/wp-content/cache/minify/fdef4.css] [https://www.erminevo.it/] wp-content/plugins/cookie-law-info/legacy/public/css/cookie-law-info-gdpr.css
[Thu, 09 May 2024 23:40:20 +0000] [/wp-content/cache/minify/300ec.css] [https://www.erminevo.it/] wp-includes/css/dashicons.min.css
[Thu, 09 May 2024 23:40:21 +0000] [/wp-content/cache/minify/3888a.css] [https://www.erminevo.it/] wp-content/plugins/cookie-law-info/legacy/public/css/cookie-law-info-public.css
[Thu, 09 May 2024 23:40:22 +0000] [/wp-content/cache/minify/15a18.css] [https://www.erminevo.it/] wp-content/themes/ErmiTheme/css/hamburgers.min.css
[Thu, 09 May 2024 23:40:22 +0000] [/wp-content/cache/minify/f6500.css] [https://www.erminevo.it/] wp-content/themes/ErmiTheme/style.css
[Thu, 09 May 2024 23:40:22 +0000] [/wp-content/cache/minify/d085d.css] [https://www.erminevo.it/] wp-content/plugins/wp-featherlight/css/wp-featherlight.min.css
[Thu, 09 May 2024 23:40:22 +0000] [/wp-content/cache/minify/69e6a.css] [https://www.erminevo.it/] wp-content/themes/ErmiTheme/lib/gutenberg/front-end.css
[Thu, 09 May 2024 23:40:22 +0000] [/wp-content/cache/minify/ffd7d.js] [https://www.erminevo.it/] wp-content/plugins/cookie-law-info/legacy/public/js/cookie-law-info-public.js
wp-content/plugins/ermispettacoli/public/js/ermispettacoli-public.js
[Thu, 09 May 2024 23:40:22 +0000] [/wp-content/cache/minify/a5ff7.css] [https://www.erminevo.it/] wp-includes/css/dist/block-library/style.min.css
[Thu, 09 May 2024 23:40:22 +0000] [/wp-content/cache/minify/4c431.css] [https://www.erminevo.it/] wp-content/plugins/contact-form-7/includes/css/styles.css
[Thu, 09 May 2024 23:40:22 +0000] [/wp-content/cache/minify/818c0.js] [https://www.erminevo.it/] wp-includes/js/jquery/jquery.min.js
wp-includes/js/jquery/jquery-migrate.min.js
[Thu, 09 May 2024 23:40:23 +0000] [/wp-content/cache/minify/1d685.css] [https://www.erminevo.it/] wp-content/themes/ErmiTheme/css/flickity.min.css
[Thu, 09 May 2024 23:40:23 +0000] [/wp-content/cache/minify/1f540.js] [https://www.erminevo.it/] wp-content/plugins/contact-form-7/includes/swv/js/index.js
[Thu, 09 May 2024 23:40:23 +0000] [/wp-content/cache/minify/4e0b7.css] [https://www.erminevo.it/] wp-content/plugins/ermispettacoli/public/css/ermispettacoli-public.css
[Thu, 09 May 2024 23:40:23 +0000] [/wp-content/cache/minify/b68ea.js] [https://www.erminevo.it/] wp-content/plugins/contact-form-7/includes/js/index.js
[Thu, 09 May 2024 23:40:23 +0000] [/wp-content/cache/minify/9ef10.js] [https://www.erminevo.it/] wp-content/plugins/page-scroll-to-id/js/page-scroll-to-id.min.js
wp-includes/js/hoverIntent.min.js
wp-content/themes/genesis/lib/js/menu/superfish.min.js
wp-content/themes/genesis/lib/js/menu/superfish.args.min.js
wp-content/themes/genesis/lib/js/skip-links.min.js
wp-content/themes/ErmiTheme/js/flickity.pkgd.min.js
[Thu, 09 May 2024 23:40:23 +0000] [/wp-content/cache/minify/a2afd.js] [https://www.erminevo.it/] wp-content/themes/genesis/lib/js/menu/responsive-menus.min.js
[Thu, 09 May 2024 23:40:23 +0000] [/wp-content/cache/minify/5839d.js] [https://www.erminevo.it/] wp-includes/js/dist/vendor/wp-polyfill-inert.min.js
wp-includes/js/dist/vendor/regenerator-runtime.min.js
wp-includes/js/dist/vendor/wp-polyfill.min.js
[Thu, 09 May 2024 23:40:23 +0000] [/wp-content/cache/minify/e8954.js] [https://www.erminevo.it/] wp-content/plugins/contact-form-7/modules/recaptcha/index.js
wp-content/plugins/wp-featherlight/js/wpFeatherlight.pkgd.min.js
[Sun, 12 May 2024 14:49:41 +0000] [/wp-content/cache/minify/ffd7d.js] [https://www.erminevo.it/] wp-content/plugins/cookie-law-info/legacy/public/js/cookie-law-info-public.js
wp-content/plugins/ermispettacoli/public/js/ermispettacoli-public.js
[Sun, 12 May 2024 14:49:41 +0000] [/wp-content/cache/minify/15a18.css] [https://www.erminevo.it/] wp-content/themes/ErmiTheme/css/hamburgers.min.css
[Sun, 12 May 2024 14:49:42 +0000] [/wp-content/cache/minify/300ec.css] [https://www.erminevo.it/] wp-includes/css/dashicons.min.css
[Sun, 12 May 2024 14:49:42 +0000] [/wp-content/cache/minify/4c431.css] [https://www.erminevo.it/] wp-content/plugins/contact-form-7/includes/css/styles.css
[Sun, 12 May 2024 14:49:43 +0000] [/wp-content/cache/minify/f6500.css] [https://www.erminevo.it/] wp-content/themes/ErmiTheme/style.css
[Sun, 12 May 2024 14:49:43 +0000] [/wp-content/cache/minify/3888a.css] [https://www.erminevo.it/] wp-content/plugins/cookie-law-info/legacy/public/css/cookie-law-info-public.css
[Sun, 12 May 2024 14:49:43 +0000] [/wp-content/cache/minify/1d685.css] [https://www.erminevo.it/] wp-content/themes/ErmiTheme/css/flickity.min.css
[Sun, 12 May 2024 14:49:44 +0000] [/wp-content/cache/minify/b68ea.js] [https://www.erminevo.it/] wp-content/plugins/contact-form-7/includes/js/index.js
[Sun, 12 May 2024 14:49:44 +0000] [/wp-content/cache/minify/69e6a.css] [https://www.erminevo.it/] wp-content/themes/ErmiTheme/lib/gutenberg/front-end.css
[Sun, 12 May 2024 14:49:45 +0000] [/wp-content/cache/minify/9ef10.js] [https://www.erminevo.it/] wp-content/plugins/page-scroll-to-id/js/page-scroll-to-id.min.js
wp-includes/js/hoverIntent.min.js
wp-content/themes/genesis/lib/js/menu/superfish.min.js
wp-content/themes/genesis/lib/js/menu/superfish.args.min.js
wp-content/themes/genesis/lib/js/skip-links.min.js
wp-content/themes/ErmiTheme/js/flickity.pkgd.min.js
[Sun, 12 May 2024 14:49:45 +0000] [/wp-content/cache/minify/d085d.css] [https://www.erminevo.it/] wp-content/plugins/wp-featherlight/css/wp-featherlight.min.css
[Sun, 12 May 2024 14:49:46 +0000] [/wp-content/cache/minify/4e0b7.css] [https://www.erminevo.it/] wp-content/plugins/ermispettacoli/public/css/ermispettacoli-public.css
[Sun, 12 May 2024 14:49:46 +0000] [/wp-content/cache/minify/a2afd.js] [https://www.erminevo.it/] wp-content/themes/genesis/lib/js/menu/responsive-menus.min.js
[Sun, 12 May 2024 14:49:47 +0000] [/wp-content/cache/minify/5839d.js] [https://www.erminevo.it/] wp-includes/js/dist/vendor/wp-polyfill-inert.min.js
wp-includes/js/dist/vendor/regenerator-runtime.min.js
wp-includes/js/dist/vendor/wp-polyfill.min.js
[Mon, 13 May 2024 03:59:43 +0000] [/wp-content/cache/minify/a5ff7.css] [https://www.erminevo.it/] wp-includes/css/dist/block-library/style.min.css
[Mon, 13 May 2024 03:59:49 +0000] [/wp-content/cache/minify/1f540.js] [https://www.erminevo.it/] wp-content/plugins/contact-form-7/includes/swv/js/index.js
[Mon, 13 May 2024 03:59:55 +0000] [/wp-content/cache/minify/e8954.js] [https://www.erminevo.it/] wp-content/plugins/contact-form-7/modules/recaptcha/index.js
wp-content/plugins/wp-featherlight/js/wpFeatherlight.pkgd.min.js
[Tue, 14 May 2024 00:33:37 +0000] [/wp-content/cache/minify/fdef4.css] [https://www.erminevo.it/limportanza-di-chiamarsi-ernest/] wp-content/plugins/cookie-law-info/legacy/public/css/cookie-law-info-gdpr.css
[Tue, 14 May 2024 01:58:18 +0000] [/wp-content/cache/minify/f6500.css] [-] wp-content/themes/ErmiTheme/style.css
[Tue, 14 May 2024 01:58:23 +0000] [/wp-content/cache/minify/3888a.css] [-] wp-content/plugins/cookie-law-info/legacy/public/css/cookie-law-info-public.css
[Tue, 14 May 2024 02:14:49 +0000] [/wp-content/cache/minify/300ec.css] [-] wp-includes/css/dashicons.min.css
[Tue, 14 May 2024 02:14:50 +0000] [/wp-content/cache/minify/4c431.css] [-] wp-content/plugins/contact-form-7/includes/css/styles.css
[Tue, 14 May 2024 02:14:50 +0000] [/wp-content/cache/minify/4e0b7.css] [-] wp-content/plugins/ermispettacoli/public/css/ermispettacoli-public.css
[Tue, 14 May 2024 02:14:50 +0000] [/wp-content/cache/minify/1d685.css] [-] wp-content/themes/ErmiTheme/css/flickity.min.css
[Tue, 14 May 2024 02:14:51 +0000] [/wp-content/cache/minify/d085d.css] [-] wp-content/plugins/wp-featherlight/css/wp-featherlight.min.css
[Tue, 14 May 2024 02:14:51 +0000] [/wp-content/cache/minify/818c0.js] [-] wp-includes/js/jquery/jquery.min.js
wp-includes/js/jquery/jquery-migrate.min.js
[Tue, 14 May 2024 02:14:51 +0000] [/wp-content/cache/minify/15a18.css] [-] wp-content/themes/ErmiTheme/css/hamburgers.min.css
[Tue, 14 May 2024 02:14:52 +0000] [/wp-content/cache/minify/69e6a.css] [-] wp-content/themes/ErmiTheme/lib/gutenberg/front-end.css
[Tue, 14 May 2024 02:14:53 +0000] [/wp-content/cache/minify/ffd7d.js] [-] wp-content/plugins/cookie-law-info/legacy/public/js/cookie-law-info-public.js
wp-content/plugins/ermispettacoli/public/js/ermispettacoli-public.js
[Tue, 14 May 2024 02:14:55 +0000] [/wp-content/cache/minify/5839d.js] [-] wp-includes/js/dist/vendor/wp-polyfill-inert.min.js
wp-includes/js/dist/vendor/regenerator-runtime.min.js
wp-includes/js/dist/vendor/wp-polyfill.min.js
[Tue, 14 May 2024 02:14:55 +0000] [/wp-content/cache/minify/b68ea.js] [-] wp-content/plugins/contact-form-7/includes/js/index.js
[Tue, 14 May 2024 02:14:55 +0000] [/wp-content/cache/minify/a2afd.js] [-] wp-content/themes/genesis/lib/js/menu/responsive-menus.min.js
[Tue, 14 May 2024 02:14:55 +0000] [/wp-content/cache/minify/9ef10.js] [-] wp-content/plugins/page-scroll-to-id/js/page-scroll-to-id.min.js
wp-includes/js/hoverIntent.min.js
wp-content/themes/genesis/lib/js/menu/superfish.min.js
wp-content/themes/genesis/lib/js/menu/superfish.args.min.js
wp-content/themes/genesis/lib/js/skip-links.min.js
wp-content/themes/ErmiTheme/js/flickity.pkgd.min.js
[Tue, 14 May 2024 11:42:43 +0000] [/wp-content/cache/minify/15a18.css] [https://www.erminevo.it/unora-di-tranquillita/] wp-content/themes/ErmiTheme/css/hamburgers.min.css
[Tue, 14 May 2024 11:42:44 +0000] [/wp-content/cache/minify/ffd7d.js] [https://www.erminevo.it/unora-di-tranquillita/] wp-content/plugins/cookie-law-info/legacy/public/js/cookie-law-info-public.js
wp-content/plugins/ermispettacoli/public/js/ermispettacoli-public.js
[Tue, 14 May 2024 11:42:46 +0000] [/wp-content/cache/minify/5839d.js] [https://www.erminevo.it/unora-di-tranquillita/] wp-includes/js/dist/vendor/wp-polyfill-inert.min.js
wp-includes/js/dist/vendor/regenerator-runtime.min.js
wp-includes/js/dist/vendor/wp-polyfill.min.js
[Tue, 14 May 2024 11:42:47 +0000] [/wp-content/cache/minify/a2afd.js] [https://www.erminevo.it/unora-di-tranquillita/] wp-content/themes/genesis/lib/js/menu/responsive-menus.min.js
[Tue, 14 May 2024 13:18:21 +0000] [/wp-content/cache/minify/d085d.css] [https://www.erminevo.it/erminevo-in-concorso/] wp-content/plugins/wp-featherlight/css/wp-featherlight.min.css
[Tue, 14 May 2024 13:18:22 +0000] [/wp-content/cache/minify/1d685.css] [https://www.erminevo.it/erminevo-in-concorso/] wp-content/themes/ErmiTheme/css/flickity.min.css
[Tue, 14 May 2024 13:18:25 +0000] [/wp-content/cache/minify/69e6a.css] [https://www.erminevo.it/erminevo-in-concorso/] wp-content/themes/ErmiTheme/lib/gutenberg/front-end.css
[Wed, 15 May 2024 09:14:56 +0000] [/wp-content/cache/minify/a5ff7.css] [https://www.erminevo.it/] wp-includes/css/dist/block-library/style.min.css
[Wed, 15 May 2024 09:14:56 +0000] [/wp-content/cache/minify/1f540.js] [https://www.erminevo.it/] wp-content/plugins/contact-form-7/includes/swv/js/index.js
[Wed, 15 May 2024 09:14:56 +0000] [/wp-content/cache/minify/9ef10.js] [https://www.erminevo.it/] wp-content/plugins/page-scroll-to-id/js/page-scroll-to-id.min.js
wp-includes/js/hoverIntent.min.js
wp-content/themes/genesis/lib/js/menu/superfish.min.js
wp-content/themes/genesis/lib/js/menu/superfish.args.min.js
wp-content/themes/genesis/lib/js/skip-links.min.js
wp-content/themes/ErmiTheme/js/flickity.pkgd.min.js
[Wed, 15 May 2024 09:14:57 +0000] [/wp-content/cache/minify/e8954.js] [https://www.erminevo.it/] wp-content/plugins/contact-form-7/modules/recaptcha/index.js
wp-content/plugins/wp-featherlight/js/wpFeatherlight.pkgd.min.js
[Wed, 15 May 2024 09:14:58 +0000] [/wp-content/cache/minify/b68ea.js] [https://www.erminevo.it/] wp-content/plugins/contact-form-7/includes/js/index.js
[Wed, 15 May 2024 09:14:59 +0000] [/wp-content/cache/minify/4c431.css] [https://www.erminevo.it/] wp-content/plugins/contact-form-7/includes/css/styles.css
[Wed, 15 May 2024 09:14:59 +0000] [/wp-content/cache/minify/300ec.css] [https://www.erminevo.it/] wp-includes/css/dashicons.min.css
[Wed, 15 May 2024 09:14:59 +0000] [/wp-content/cache/minify/818c0.js] [https://www.erminevo.it/] wp-includes/js/jquery/jquery.min.js
wp-includes/js/jquery/jquery-migrate.min.js
[Wed, 15 May 2024 09:14:59 +0000] [/wp-content/cache/minify/4e0b7.css] [https://www.erminevo.it/] wp-content/plugins/ermispettacoli/public/css/ermispettacoli-public.css
[Fri, 17 May 2024 23:47:15 +0000] [/wp-content/cache/minify/818c0.js] [https://www.erminevo.it/rientro-dalle-vacanze-con-restile/] wp-includes/js/jquery/jquery.min.js
wp-includes/js/jquery/jquery-migrate.min.js
[Fri, 17 May 2024 23:47:15 +0000] [/wp-content/cache/minify/a2afd.js] [https://www.erminevo.it/rientro-dalle-vacanze-con-restile/] wp-content/themes/genesis/lib/js/menu/responsive-menus.min.js
[Fri, 17 May 2024 23:47:16 +0000] [/wp-content/cache/minify/1f540.js] [https://www.erminevo.it/rientro-dalle-vacanze-con-restile/] wp-content/plugins/contact-form-7/includes/swv/js/index.js
[Fri, 17 May 2024 23:47:16 +0000] [/wp-content/cache/minify/d085d.css] [https://www.erminevo.it/rientro-dalle-vacanze-con-restile/] wp-content/plugins/wp-featherlight/css/wp-featherlight.min.css
[Fri, 17 May 2024 23:47:17 +0000] [/wp-content/cache/minify/5839d.js] [https://www.erminevo.it/rientro-dalle-vacanze-con-restile/] wp-includes/js/dist/vendor/wp-polyfill-inert.min.js
wp-includes/js/dist/vendor/regenerator-runtime.min.js
wp-includes/js/dist/vendor/wp-polyfill.min.js
[Fri, 17 May 2024 23:47:17 +0000] [/wp-content/cache/minify/e8954.js] [https://www.erminevo.it/rientro-dalle-vacanze-con-restile/] wp-content/plugins/contact-form-7/modules/recaptcha/index.js
wp-content/plugins/wp-featherlight/js/wpFeatherlight.pkgd.min.js
[Fri, 17 May 2024 23:47:18 +0000] [/wp-content/cache/minify/69faf.js] [https://www.erminevo.it/rientro-dalle-vacanze-con-restile/] wp-includes/js/comment-reply.min.js
[Sun, 19 May 2024 20:47:31 +0000] [/wp-content/cache/minify/3888a.css] [-] wp-content/plugins/cookie-law-info/legacy/public/css/cookie-law-info-public.css
[Sun, 19 May 2024 20:47:35 +0000] [/wp-content/cache/minify/1f540.js] [-] wp-content/plugins/contact-form-7/includes/swv/js/index.js
[Sun, 19 May 2024 20:47:35 +0000] [/wp-content/cache/minify/300ec.css] [-] wp-includes/css/dashicons.min.css
[Sun, 19 May 2024 20:47:36 +0000] [/wp-content/cache/minify/5839d.js] [-] wp-includes/js/dist/vendor/wp-polyfill-inert.min.js
wp-includes/js/dist/vendor/regenerator-runtime.min.js
wp-includes/js/dist/vendor/wp-polyfill.min.js
[Sun, 19 May 2024 20:47:36 +0000] [/wp-content/cache/minify/4c431.css] [-] wp-content/plugins/contact-form-7/includes/css/styles.css
[Sun, 19 May 2024 20:47:37 +0000] [/wp-content/cache/minify/69e6a.css] [-] wp-content/themes/ErmiTheme/lib/gutenberg/front-end.css
[Sun, 19 May 2024 20:47:37 +0000] [/wp-content/cache/minify/a2afd.js] [-] wp-content/themes/genesis/lib/js/menu/responsive-menus.min.js
[Sun, 19 May 2024 20:47:37 +0000] [/wp-content/cache/minify/9ef10.js] [-] wp-content/plugins/page-scroll-to-id/js/page-scroll-to-id.min.js
wp-includes/js/hoverIntent.min.js
wp-content/themes/genesis/lib/js/menu/superfish.min.js
wp-content/themes/genesis/lib/js/menu/superfish.args.min.js
wp-content/themes/genesis/lib/js/skip-links.min.js
wp-content/themes/ErmiTheme/js/flickity.pkgd.min.js
[Sun, 19 May 2024 20:47:38 +0000] [/wp-content/cache/minify/b68ea.js] [-] wp-content/plugins/contact-form-7/includes/js/index.js
[Sun, 19 May 2024 20:47:38 +0000] [/wp-content/cache/minify/e8954.js] [-] wp-content/plugins/contact-form-7/modules/recaptcha/index.js
wp-content/plugins/wp-featherlight/js/wpFeatherlight.pkgd.min.js
[Sun, 19 May 2024 20:47:38 +0000] [/wp-content/cache/minify/ffd7d.js] [-] wp-content/plugins/cookie-law-info/legacy/public/js/cookie-law-info-public.js
wp-content/plugins/ermispettacoli/public/js/ermispettacoli-public.js
[Sun, 19 May 2024 20:47:44 +0000] [/wp-content/cache/minify/d085d.css] [-] wp-content/plugins/wp-featherlight/css/wp-featherlight.min.css
[Mon, 20 May 2024 13:47:16 +0000] [/wp-content/cache/minify/4e0b7.css] [https://www.erminevo.it/] wp-content/plugins/ermispettacoli/public/css/ermispettacoli-public.css
[Mon, 20 May 2024 13:47:20 +0000] [/wp-content/cache/minify/1d685.css] [https://www.erminevo.it/] wp-content/themes/ErmiTheme/css/flickity.min.css
[Tue, 21 May 2024 07:46:49 +0000] [/wp-content/cache/minify/f6500.css] [https://www.erminevo.it/labirinti-teatrali/] wp-content/themes/ErmiTheme/style.css
[Tue, 21 May 2024 07:46:50 +0000] [/wp-content/cache/minify/a5ff7.css] [https://www.erminevo.it/labirinti-teatrali/] wp-includes/css/dist/block-library/style.min.css
[Tue, 21 May 2024 07:46:52 +0000] [/wp-content/cache/minify/fdef4.css] [https://www.erminevo.it/labirinti-teatrali/] wp-content/plugins/cookie-law-info/legacy/public/css/cookie-law-info-gdpr.css
[Tue, 21 May 2024 07:46:52 +0000] [/wp-content/cache/minify/15a18.css] [https://www.erminevo.it/labirinti-teatrali/] wp-content/themes/ErmiTheme/css/hamburgers.min.css
[Tue, 21 May 2024 07:46:54 +0000] [/wp-content/cache/minify/818c0.js] [https://www.erminevo.it/labirinti-teatrali/] wp-includes/js/jquery/jquery.min.js
wp-includes/js/jquery/jquery-migrate.min.js
[Thu, 23 May 2024 02:48:54 +0000] [/wp-content/cache/minify/15a18.css] [-] wp-content/themes/ErmiTheme/css/hamburgers.min.css
[Thu, 23 May 2024 02:48:54 +0000] [/wp-content/cache/minify/1d685.css] [-] wp-content/themes/ErmiTheme/css/flickity.min.css
[Thu, 23 May 2024 02:48:55 +0000] [/wp-content/cache/minify/4e0b7.css] [-] wp-content/plugins/ermispettacoli/public/css/ermispettacoli-public.css
[Thu, 23 May 2024 02:48:55 +0000] [/wp-content/cache/minify/818c0.js] [-] wp-includes/js/jquery/jquery.min.js
wp-includes/js/jquery/jquery-migrate.min.js
[Thu, 23 May 2024 02:48:56 +0000] [/wp-content/cache/minify/a5ff7.css] [-] wp-includes/css/dist/block-library/style.min.css
[Thu, 23 May 2024 02:48:56 +0000] [/wp-content/cache/minify/f6500.css] [-] wp-content/themes/ErmiTheme/style.css
[Thu, 23 May 2024 02:48:57 +0000] [/wp-content/cache/minify/fdef4.css] [-] wp-content/plugins/cookie-law-info/legacy/public/css/cookie-law-info-gdpr.css
[Thu, 23 May 2024 02:49:03 +0000] [/wp-content/cache/minify/1f540.js] [-] wp-content/plugins/contact-form-7/includes/swv/js/index.js
[Thu, 23 May 2024 02:49:03 +0000] [/wp-content/cache/minify/300ec.css] [-] wp-includes/css/dashicons.min.css
[Thu, 23 May 2024 02:49:04 +0000] [/wp-content/cache/minify/4c431.css] [-] wp-content/plugins/contact-form-7/includes/css/styles.css
[Thu, 23 May 2024 02:49:04 +0000] [/wp-content/cache/minify/3888a.css] [-] wp-content/plugins/cookie-law-info/legacy/public/css/cookie-law-info-public.css
[Thu, 23 May 2024 02:49:04 +0000] [/wp-content/cache/minify/5839d.js] [-] wp-includes/js/dist/vendor/wp-polyfill-inert.min.js
wp-includes/js/dist/vendor/regenerator-runtime.min.js
wp-includes/js/dist/vendor/wp-polyfill.min.js
[Thu, 23 May 2024 02:49:05 +0000] [/wp-content/cache/minify/69e6a.css] [-] wp-content/themes/ErmiTheme/lib/gutenberg/front-end.css
[Thu, 23 May 2024 02:49:05 +0000] [/wp-content/cache/minify/9ef10.js] [-] wp-content/plugins/page-scroll-to-id/js/page-scroll-to-id.min.js
wp-includes/js/hoverIntent.min.js
wp-content/themes/genesis/lib/js/menu/superfish.min.js
wp-content/themes/genesis/lib/js/menu/superfish.args.min.js
wp-content/themes/genesis/lib/js/skip-links.min.js
wp-content/themes/ErmiTheme/js/flickity.pkgd.min.js
[Thu, 23 May 2024 02:49:05 +0000] [/wp-content/cache/minify/a2afd.js] [-] wp-content/themes/genesis/lib/js/menu/responsive-menus.min.js
[Thu, 23 May 2024 02:49:06 +0000] [/wp-content/cache/minify/b68ea.js] [-] wp-content/plugins/contact-form-7/includes/js/index.js
[Thu, 23 May 2024 02:49:06 +0000] [/wp-content/cache/minify/e8954.js] [-] wp-content/plugins/contact-form-7/modules/recaptcha/index.js
wp-content/plugins/wp-featherlight/js/wpFeatherlight.pkgd.min.js
[Thu, 23 May 2024 02:49:06 +0000] [/wp-content/cache/minify/ffd7d.js] [-] wp-content/plugins/cookie-law-info/legacy/public/js/cookie-law-info-public.js
wp-content/plugins/ermispettacoli/public/js/ermispettacoli-public.js
[Thu, 23 May 2024 02:49:16 +0000] [/wp-content/cache/minify/d085d.css] [-] wp-content/plugins/wp-featherlight/css/wp-featherlight.min.css
[Fri, 24 May 2024 22:52:49 +0000] [/wp-content/cache/minify/15a18.css] [https://www.erminevo.it/] wp-content/themes/ErmiTheme/css/hamburgers.min.css
[Fri, 24 May 2024 22:52:50 +0000] [/wp-content/cache/minify/4c431.css] [https://www.erminevo.it/] wp-content/plugins/contact-form-7/includes/css/styles.css
[Fri, 24 May 2024 22:52:50 +0000] [/wp-content/cache/minify/a5ff7.css] [https://www.erminevo.it/] wp-includes/css/dist/block-library/style.min.css
[Fri, 24 May 2024 22:52:51 +0000] [/wp-content/cache/minify/d085d.css] [https://www.erminevo.it/] wp-content/plugins/wp-featherlight/css/wp-featherlight.min.css
[Fri, 24 May 2024 22:52:51 +0000] [/wp-content/cache/minify/fdef4.css] [https://www.erminevo.it/] wp-content/plugins/cookie-law-info/legacy/public/css/cookie-law-info-gdpr.css
[Fri, 24 May 2024 22:52:52 +0000] [/wp-content/cache/minify/ffd7d.js] [https://www.erminevo.it/] wp-content/plugins/cookie-law-info/legacy/public/js/cookie-law-info-public.js
wp-content/plugins/ermispettacoli/public/js/ermispettacoli-public.js
[Fri, 24 May 2024 22:52:52 +0000] [/wp-content/cache/minify/818c0.js] [https://www.erminevo.it/] wp-includes/js/jquery/jquery.min.js
wp-includes/js/jquery/jquery-migrate.min.js
[Fri, 24 May 2024 22:52:53 +0000] [/wp-content/cache/minify/69e6a.css] [https://www.erminevo.it/] wp-content/themes/ErmiTheme/lib/gutenberg/front-end.css
[Fri, 24 May 2024 22:52:53 +0000] [/wp-content/cache/minify/3888a.css] [https://www.erminevo.it/] wp-content/plugins/cookie-law-info/legacy/public/css/cookie-law-info-public.css
[Fri, 24 May 2024 22:52:53 +0000] [/wp-content/cache/minify/300ec.css] [https://www.erminevo.it/] wp-includes/css/dashicons.min.css
[Fri, 24 May 2024 22:52:53 +0000] [/wp-content/cache/minify/f6500.css] [https://www.erminevo.it/] wp-content/themes/ErmiTheme/style.css
[Fri, 24 May 2024 22:52:54 +0000] [/wp-content/cache/minify/4e0b7.css] [https://www.erminevo.it/] wp-content/plugins/ermispettacoli/public/css/ermispettacoli-public.css
[Fri, 24 May 2024 22:52:54 +0000] [/wp-content/cache/minify/1d685.css] [https://www.erminevo.it/] wp-content/themes/ErmiTheme/css/flickity.min.css
[Fri, 24 May 2024 22:52:54 +0000] [/wp-content/cache/minify/b68ea.js] [https://www.erminevo.it/] wp-content/plugins/contact-form-7/includes/js/index.js
[Fri, 24 May 2024 22:52:54 +0000] [/wp-content/cache/minify/1f540.js] [https://www.erminevo.it/] wp-content/plugins/contact-form-7/includes/swv/js/index.js
[Fri, 24 May 2024 22:52:54 +0000] [/wp-content/cache/minify/9ef10.js] [https://www.erminevo.it/] wp-content/plugins/page-scroll-to-id/js/page-scroll-to-id.min.js
wp-includes/js/hoverIntent.min.js
wp-content/themes/genesis/lib/js/menu/superfish.min.js
wp-content/themes/genesis/lib/js/menu/superfish.args.min.js
wp-content/themes/genesis/lib/js/skip-links.min.js
wp-content/themes/ErmiTheme/js/flickity.pkgd.min.js
[Fri, 24 May 2024 22:52:54 +0000] [/wp-content/cache/minify/a2afd.js] [https://www.erminevo.it/] wp-content/themes/genesis/lib/js/menu/responsive-menus.min.js
[Fri, 24 May 2024 22:52:54 +0000] [/wp-content/cache/minify/5839d.js] [https://www.erminevo.it/] wp-includes/js/dist/vendor/wp-polyfill-inert.min.js
wp-includes/js/dist/vendor/regenerator-runtime.min.js
wp-includes/js/dist/vendor/wp-polyfill.min.js
[Fri, 24 May 2024 22:52:54 +0000] [/wp-content/cache/minify/e8954.js] [https://www.erminevo.it/] wp-content/plugins/contact-form-7/modules/recaptcha/index.js
wp-content/plugins/wp-featherlight/js/wpFeatherlight.pkgd.min.js
[Mon, 27 May 2024 15:22:49 +0000] [/wp-content/cache/minify/e8954.js] [https://www.erminevo.it/limportanza-di-chiamarsi-ernest/] wp-content/plugins/contact-form-7/modules/recaptcha/index.js
wp-content/plugins/wp-featherlight/js/wpFeatherlight.pkgd.min.js
[Mon, 27 May 2024 21:15:50 +0000] [/wp-content/cache/minify/1f540.js] [https://www.erminevo.it/dreamusical/] wp-content/plugins/contact-form-7/includes/swv/js/index.js
[Mon, 27 May 2024 21:15:50 +0000] [/wp-content/cache/minify/300ec.css] [https://www.erminevo.it/dreamusical/] wp-includes/css/dashicons.min.css
[Mon, 27 May 2024 21:15:50 +0000] [/wp-content/cache/minify/69e6a.css] [https://www.erminevo.it/dreamusical/] wp-content/themes/ErmiTheme/lib/gutenberg/front-end.css
[Mon, 27 May 2024 21:15:51 +0000] [/wp-content/cache/minify/4e0b7.css] [https://www.erminevo.it/dreamusical/] wp-content/plugins/ermispettacoli/public/css/ermispettacoli-public.css
[Thu, 30 May 2024 01:14:30 +0000] [/wp-content/cache/minify/a2afd.js] [https://www.erminevo.it/] wp-content/themes/genesis/lib/js/menu/responsive-menus.min.js
[Fri, 31 May 2024 03:32:16 +0000] [/wp-content/cache/minify/3888a.css] [-] wp-content/plugins/cookie-law-info/legacy/public/css/cookie-law-info-public.css
[Fri, 31 May 2024 03:32:17 +0000] [/wp-content/cache/minify/d085d.css] [-] wp-content/plugins/wp-featherlight/css/wp-featherlight.min.css
[Fri, 31 May 2024 03:32:21 +0000] [/wp-content/cache/minify/1f540.js] [-] wp-content/plugins/contact-form-7/includes/swv/js/index.js
[Fri, 31 May 2024 03:32:21 +0000] [/wp-content/cache/minify/300ec.css] [-] wp-includes/css/dashicons.min.css
[Fri, 31 May 2024 03:32:22 +0000] [/wp-content/cache/minify/4c431.css] [-] wp-content/plugins/contact-form-7/includes/css/styles.css
[Fri, 31 May 2024 03:32:22 +0000] [/wp-content/cache/minify/5839d.js] [-] wp-includes/js/dist/vendor/wp-polyfill-inert.min.js
wp-includes/js/dist/vendor/regenerator-runtime.min.js
wp-includes/js/dist/vendor/wp-polyfill.min.js
[Fri, 31 May 2024 03:32:23 +0000] [/wp-content/cache/minify/69e6a.css] [-] wp-content/themes/ErmiTheme/lib/gutenberg/front-end.css
[Fri, 31 May 2024 03:32:23 +0000] [/wp-content/cache/minify/9ef10.js] [-] wp-content/plugins/page-scroll-to-id/js/page-scroll-to-id.min.js
wp-includes/js/hoverIntent.min.js
wp-content/themes/genesis/lib/js/menu/superfish.min.js
wp-content/themes/genesis/lib/js/menu/superfish.args.min.js
wp-content/themes/genesis/lib/js/skip-links.min.js
wp-content/themes/ErmiTheme/js/flickity.pkgd.min.js
[Fri, 31 May 2024 03:32:23 +0000] [/wp-content/cache/minify/a2afd.js] [-] wp-content/themes/genesis/lib/js/menu/responsive-menus.min.js
[Fri, 31 May 2024 03:32:24 +0000] [/wp-content/cache/minify/b68ea.js] [-] wp-content/plugins/contact-form-7/includes/js/index.js
[Fri, 31 May 2024 03:32:24 +0000] [/wp-content/cache/minify/e8954.js] [-] wp-content/plugins/contact-form-7/modules/recaptcha/index.js
wp-content/plugins/wp-featherlight/js/wpFeatherlight.pkgd.min.js
[Fri, 31 May 2024 03:32:24 +0000] [/wp-content/cache/minify/ffd7d.js] [-] wp-content/plugins/cookie-law-info/legacy/public/js/cookie-law-info-public.js
wp-content/plugins/ermispettacoli/public/js/ermispettacoli-public.js
[Fri, 31 May 2024 03:32:35 +0000] [/wp-content/cache/minify/15a18.css] [-] wp-content/themes/ErmiTheme/css/hamburgers.min.css
[Fri, 31 May 2024 03:32:35 +0000] [/wp-content/cache/minify/1d685.css] [-] wp-content/themes/ErmiTheme/css/flickity.min.css
[Fri, 31 May 2024 03:32:36 +0000] [/wp-content/cache/minify/4e0b7.css] [-] wp-content/plugins/ermispettacoli/public/css/ermispettacoli-public.css
[Fri, 31 May 2024 03:32:36 +0000] [/wp-content/cache/minify/818c0.js] [-] wp-includes/js/jquery/jquery.min.js
wp-includes/js/jquery/jquery-migrate.min.js
[Fri, 31 May 2024 03:32:37 +0000] [/wp-content/cache/minify/a5ff7.css] [-] wp-includes/css/dist/block-library/style.min.css
[Fri, 31 May 2024 03:32:37 +0000] [/wp-content/cache/minify/f6500.css] [-] wp-content/themes/ErmiTheme/style.css
[Fri, 31 May 2024 03:32:37 +0000] [/wp-content/cache/minify/fdef4.css] [-] wp-content/plugins/cookie-law-info/legacy/public/css/cookie-law-info-gdpr.css
[Sun, 02 Jun 2024 00:37:08 +0000] [/wp-content/cache/minify/f6500.css] [https://www.erminevo.it/tag/erminevo/] wp-content/themes/ErmiTheme/style.css
[Sun, 02 Jun 2024 00:37:08 +0000] [/wp-content/cache/minify/a5ff7.css] [https://www.erminevo.it/tag/erminevo/] wp-includes/css/dist/block-library/style.min.css
[Sun, 02 Jun 2024 00:37:09 +0000] [/wp-content/cache/minify/4e0b7.css] [https://www.erminevo.it/tag/erminevo/] wp-content/plugins/ermispettacoli/public/css/ermispettacoli-public.css
[Sun, 02 Jun 2024 00:37:09 +0000] [/wp-content/cache/minify/300ec.css] [https://www.erminevo.it/tag/erminevo/] wp-includes/css/dashicons.min.css
[Sun, 02 Jun 2024 00:37:09 +0000] [/wp-content/cache/minify/fdef4.css] [https://www.erminevo.it/tag/erminevo/] wp-content/plugins/cookie-law-info/legacy/public/css/cookie-law-info-gdpr.css
[Sun, 02 Jun 2024 00:37:10 +0000] [/wp-content/cache/minify/1d685.css] [https://www.erminevo.it/tag/erminevo/] wp-content/themes/ErmiTheme/css/flickity.min.css
[Sun, 02 Jun 2024 00:37:10 +0000] [/wp-content/cache/minify/4c431.css] [https://www.erminevo.it/tag/erminevo/] wp-content/plugins/contact-form-7/includes/css/styles.css
[Sun, 02 Jun 2024 00:37:10 +0000] [/wp-content/cache/minify/15a18.css] [https://www.erminevo.it/tag/erminevo/] wp-content/themes/ErmiTheme/css/hamburgers.min.css
[Sun, 02 Jun 2024 00:37:10 +0000] [/wp-content/cache/minify/3888a.css] [https://www.erminevo.it/tag/erminevo/] wp-content/plugins/cookie-law-info/legacy/public/css/cookie-law-info-public.css
[Sun, 02 Jun 2024 00:37:11 +0000] [/wp-content/cache/minify/69e6a.css] [https://www.erminevo.it/tag/erminevo/] wp-content/themes/ErmiTheme/lib/gutenberg/front-end.css
[Sun, 02 Jun 2024 00:37:11 +0000] [/wp-content/cache/minify/d085d.css] [https://www.erminevo.it/tag/erminevo/] wp-content/plugins/wp-featherlight/css/wp-featherlight.min.css
[Sun, 02 Jun 2024 00:37:12 +0000] [/wp-content/cache/minify/818c0.js] [https://www.erminevo.it/tag/erminevo/] wp-includes/js/jquery/jquery.min.js
wp-includes/js/jquery/jquery-migrate.min.js
[Sun, 02 Jun 2024 00:37:12 +0000] [/wp-content/cache/minify/ffd7d.js] [https://www.erminevo.it/tag/erminevo/] wp-content/plugins/cookie-law-info/legacy/public/js/cookie-law-info-public.js
wp-content/plugins/ermispettacoli/public/js/ermispettacoli-public.js
[Sun, 02 Jun 2024 00:37:13 +0000] [/wp-content/cache/minify/1f540.js] [https://www.erminevo.it/tag/erminevo/] wp-content/plugins/contact-form-7/includes/swv/js/index.js
[Sun, 02 Jun 2024 00:37:13 +0000] [/wp-content/cache/minify/b68ea.js] [https://www.erminevo.it/tag/erminevo/] wp-content/plugins/contact-form-7/includes/js/index.js
[Sun, 02 Jun 2024 00:37:14 +0000] [/wp-content/cache/minify/9ef10.js] [https://www.erminevo.it/tag/erminevo/] wp-content/plugins/page-scroll-to-id/js/page-scroll-to-id.min.js
wp-includes/js/hoverIntent.min.js
wp-content/themes/genesis/lib/js/menu/superfish.min.js
wp-content/themes/genesis/lib/js/menu/superfish.args.min.js
wp-content/themes/genesis/lib/js/skip-links.min.js
wp-content/themes/ErmiTheme/js/flickity.pkgd.min.js
[Sun, 02 Jun 2024 00:37:14 +0000] [/wp-content/cache/minify/a2afd.js] [https://www.erminevo.it/tag/erminevo/] wp-content/themes/genesis/lib/js/menu/responsive-menus.min.js
[Sun, 02 Jun 2024 00:37:15 +0000] [/wp-content/cache/minify/5839d.js] [https://www.erminevo.it/tag/erminevo/] wp-includes/js/dist/vendor/wp-polyfill-inert.min.js
wp-includes/js/dist/vendor/regenerator-runtime.min.js
wp-includes/js/dist/vendor/wp-polyfill.min.js
[Sun, 02 Jun 2024 00:37:15 +0000] [/wp-content/cache/minify/e8954.js] [https://www.erminevo.it/tag/erminevo/] wp-content/plugins/contact-form-7/modules/recaptcha/index.js
wp-content/plugins/wp-featherlight/js/wpFeatherlight.pkgd.min.js
[Tue, 04 Jun 2024 11:35:27 +0000] [/wp-content/cache/minify/69e6a.css] [https://www.erminevo.it/] wp-content/themes/ErmiTheme/lib/gutenberg/front-end.css
[Tue, 04 Jun 2024 11:35:27 +0000] [/wp-content/cache/minify/e8954.js] [https://www.erminevo.it/] wp-content/plugins/contact-form-7/modules/recaptcha/index.js
wp-content/plugins/wp-featherlight/js/wpFeatherlight.pkgd.min.js
[Tue, 04 Jun 2024 11:40:44 +0000] [/wp-content/cache/minify/15a18.css] [https://www.erminevo.it/] wp-content/themes/ErmiTheme/css/hamburgers.min.css
[Tue, 04 Jun 2024 11:40:44 +0000] [/wp-content/cache/minify/f6500.css] [https://www.erminevo.it/] wp-content/themes/ErmiTheme/style.css
[Tue, 04 Jun 2024 11:40:44 +0000] [/wp-content/cache/minify/fdef4.css] [https://www.erminevo.it/] wp-content/plugins/cookie-law-info/legacy/public/css/cookie-law-info-gdpr.css
[Tue, 04 Jun 2024 11:40:44 +0000] [/wp-content/cache/minify/a5ff7.css] [https://www.erminevo.it/] wp-includes/css/dist/block-library/style.min.css
[Tue, 04 Jun 2024 11:40:44 +0000] [/wp-content/cache/minify/4e0b7.css] [https://www.erminevo.it/] wp-content/plugins/ermispettacoli/public/css/ermispettacoli-public.css
[Tue, 04 Jun 2024 11:40:44 +0000] [/wp-content/cache/minify/300ec.css] [https://www.erminevo.it/] wp-includes/css/dashicons.min.css
[Tue, 04 Jun 2024 11:40:44 +0000] [/wp-content/cache/minify/1d685.css] [https://www.erminevo.it/] wp-content/themes/ErmiTheme/css/flickity.min.css
[Tue, 04 Jun 2024 11:40:45 +0000] [/wp-content/cache/minify/3888a.css] [https://www.erminevo.it/] wp-content/plugins/cookie-law-info/legacy/public/css/cookie-law-info-public.css
[Tue, 04 Jun 2024 11:40:45 +0000] [/wp-content/cache/minify/4c431.css] [https://www.erminevo.it/] wp-content/plugins/contact-form-7/includes/css/styles.css
[Tue, 04 Jun 2024 11:40:45 +0000] [/wp-content/cache/minify/d085d.css] [https://www.erminevo.it/] wp-content/plugins/wp-featherlight/css/wp-featherlight.min.css
[Tue, 04 Jun 2024 11:40:45 +0000] [/wp-content/cache/minify/818c0.js] [https://www.erminevo.it/] wp-includes/js/jquery/jquery.min.js
wp-includes/js/jquery/jquery-migrate.min.js
[Tue, 04 Jun 2024 11:40:45 +0000] [/wp-content/cache/minify/ffd7d.js] [https://www.erminevo.it/] wp-content/plugins/cookie-law-info/legacy/public/js/cookie-law-info-public.js
wp-content/plugins/ermispettacoli/public/js/ermispettacoli-public.js
[Tue, 04 Jun 2024 12:34:18 +0000] [/wp-content/cache/minify/1f540.js] [https://www.erminevo.it/] wp-content/plugins/contact-form-7/includes/swv/js/index.js
[Tue, 04 Jun 2024 12:34:18 +0000] [/wp-content/cache/minify/b68ea.js] [https://www.erminevo.it/] wp-content/plugins/contact-form-7/includes/js/index.js
[Tue, 04 Jun 2024 12:34:20 +0000] [/wp-content/cache/minify/9ef10.js] [https://www.erminevo.it/] wp-content/plugins/page-scroll-to-id/js/page-scroll-to-id.min.js
wp-includes/js/hoverIntent.min.js
wp-content/themes/genesis/lib/js/menu/superfish.min.js
wp-content/themes/genesis/lib/js/menu/superfish.args.min.js
wp-content/themes/genesis/lib/js/skip-links.min.js
wp-content/themes/ErmiTheme/js/flickity.pkgd.min.js
[Tue, 04 Jun 2024 12:34:20 +0000] [/wp-content/cache/minify/5839d.js] [https://www.erminevo.it/] wp-includes/js/dist/vendor/wp-polyfill-inert.min.js
wp-includes/js/dist/vendor/regenerator-runtime.min.js
wp-includes/js/dist/vendor/wp-polyfill.min.js
[Tue, 04 Jun 2024 12:34:20 +0000] [/wp-content/cache/minify/a2afd.js] [https://www.erminevo.it/] wp-content/themes/genesis/lib/js/menu/responsive-menus.min.js
[Thu, 06 Jun 2024 18:50:34 +0000] [/wp-content/cache/minify/5839d.js] [https://www.erminevo.it/privacy-policy/] wp-includes/js/dist/vendor/wp-polyfill-inert.min.js
wp-includes/js/dist/vendor/regenerator-runtime.min.js
wp-includes/js/dist/vendor/wp-polyfill.min.js
[Thu, 06 Jun 2024 18:50:34 +0000] [/wp-content/cache/minify/4c431.css] [https://www.erminevo.it/privacy-policy/] wp-content/plugins/contact-form-7/includes/css/styles.css
[Thu, 06 Jun 2024 18:50:34 +0000] [/wp-content/cache/minify/4e0b7.css] [https://www.erminevo.it/privacy-policy/] wp-content/plugins/ermispettacoli/public/css/ermispettacoli-public.css
[Thu, 06 Jun 2024 18:50:35 +0000] [/wp-content/cache/minify/a2afd.js] [https://www.erminevo.it/privacy-policy/] wp-content/themes/genesis/lib/js/menu/responsive-menus.min.js
[Thu, 06 Jun 2024 19:26:48 +0000] [/wp-content/cache/minify/fdef4.css] [https://www.erminevo.it/] wp-content/plugins/cookie-law-info/legacy/public/css/cookie-law-info-gdpr.css
[Thu, 06 Jun 2024 19:26:49 +0000] [/wp-content/cache/minify/818c0.js] [https://www.erminevo.it/] wp-includes/js/jquery/jquery.min.js
wp-includes/js/jquery/jquery-migrate.min.js
[Thu, 06 Jun 2024 19:26:50 +0000] [/wp-content/cache/minify/ffd7d.js] [https://www.erminevo.it/] wp-content/plugins/cookie-law-info/legacy/public/js/cookie-law-info-public.js
wp-content/plugins/ermispettacoli/public/js/ermispettacoli-public.js
[Thu, 06 Jun 2024 19:26:51 +0000] [/wp-content/cache/minify/d085d.css] [https://www.erminevo.it/] wp-content/plugins/wp-featherlight/css/wp-featherlight.min.css
[Thu, 06 Jun 2024 19:26:51 +0000] [/wp-content/cache/minify/a5ff7.css] [https://www.erminevo.it/] wp-includes/css/dist/block-library/style.min.css
[Thu, 06 Jun 2024 19:26:51 +0000] [/wp-content/cache/minify/f6500.css] [https://www.erminevo.it/] wp-content/themes/ErmiTheme/style.css
[Thu, 06 Jun 2024 19:26:51 +0000] [/wp-content/cache/minify/15a18.css] [https://www.erminevo.it/] wp-content/themes/ErmiTheme/css/hamburgers.min.css
[Thu, 06 Jun 2024 19:26:51 +0000] [/wp-content/cache/minify/3888a.css] [https://www.erminevo.it/] wp-content/plugins/cookie-law-info/legacy/public/css/cookie-law-info-public.css
[Thu, 06 Jun 2024 19:26:51 +0000] [/wp-content/cache/minify/300ec.css] [https://www.erminevo.it/] wp-includes/css/dashicons.min.css
[Thu, 06 Jun 2024 19:26:51 +0000] [/wp-content/cache/minify/1d685.css] [https://www.erminevo.it/] wp-content/themes/ErmiTheme/css/flickity.min.css
[Thu, 06 Jun 2024 19:26:51 +0000] [/wp-content/cache/minify/69e6a.css] [https://www.erminevo.it/] wp-content/themes/ErmiTheme/lib/gutenberg/front-end.css
[Thu, 06 Jun 2024 19:26:52 +0000] [/wp-content/cache/minify/1f540.js] [https://www.erminevo.it/] wp-content/plugins/contact-form-7/includes/swv/js/index.js
[Thu, 06 Jun 2024 19:26:52 +0000] [/wp-content/cache/minify/b68ea.js] [https://www.erminevo.it/] wp-content/plugins/contact-form-7/includes/js/index.js
[Thu, 06 Jun 2024 19:26:52 +0000] [/wp-content/cache/minify/9ef10.js] [https://www.erminevo.it/] wp-content/plugins/page-scroll-to-id/js/page-scroll-to-id.min.js
wp-includes/js/hoverIntent.min.js
wp-content/themes/genesis/lib/js/menu/superfish.min.js
wp-content/themes/genesis/lib/js/menu/superfish.args.min.js
wp-content/themes/genesis/lib/js/skip-links.min.js
wp-content/themes/ErmiTheme/js/flickity.pkgd.min.js
[Thu, 06 Jun 2024 19:26:53 +0000] [/wp-content/cache/minify/e8954.js] [https://www.erminevo.it/] wp-content/plugins/contact-form-7/modules/recaptcha/index.js
wp-content/plugins/wp-featherlight/js/wpFeatherlight.pkgd.min.js
[Sat, 08 Jun 2024 17:10:31 +0000] [/wp-content/cache/minify/300ec.css] [https://www.erminevo.it/] wp-includes/css/dashicons.min.css
[Sat, 08 Jun 2024 17:10:32 +0000] [/wp-content/cache/minify/15a18.css] [https://www.erminevo.it/] wp-content/themes/ErmiTheme/css/hamburgers.min.css
[Sat, 08 Jun 2024 17:10:33 +0000] [/wp-content/cache/minify/9ef10.js] [https://www.erminevo.it/] wp-content/plugins/page-scroll-to-id/js/page-scroll-to-id.min.js
wp-includes/js/hoverIntent.min.js
wp-content/themes/genesis/lib/js/menu/superfish.min.js
wp-content/themes/genesis/lib/js/menu/superfish.args.min.js
wp-content/themes/genesis/lib/js/skip-links.min.js
wp-content/themes/ErmiTheme/js/flickity.pkgd.min.js
[Sat, 08 Jun 2024 17:10:34 +0000] [/wp-content/cache/minify/a5ff7.css] [https://www.erminevo.it/] wp-includes/css/dist/block-library/style.min.css
[Sat, 08 Jun 2024 17:10:36 +0000] [/wp-content/cache/minify/b68ea.js] [https://www.erminevo.it/] wp-content/plugins/contact-form-7/includes/js/index.js
[Sat, 08 Jun 2024 17:10:36 +0000] [/wp-content/cache/minify/fdef4.css] [https://www.erminevo.it/] wp-content/plugins/cookie-law-info/legacy/public/css/cookie-law-info-gdpr.css
[Sat, 08 Jun 2024 17:10:38 +0000] [/wp-content/cache/minify/69e6a.css] [https://www.erminevo.it/] wp-content/themes/ErmiTheme/lib/gutenberg/front-end.css
[Sat, 08 Jun 2024 17:10:38 +0000] [/wp-content/cache/minify/e8954.js] [https://www.erminevo.it/] wp-content/plugins/contact-form-7/modules/recaptcha/index.js
wp-content/plugins/wp-featherlight/js/wpFeatherlight.pkgd.min.js
[Sat, 08 Jun 2024 19:45:26 +0000] [/wp-content/cache/minify/f6500.css] [https://www.erminevo.it/] wp-content/themes/ErmiTheme/style.css
[Sat, 08 Jun 2024 19:45:26 +0000] [/wp-content/cache/minify/3888a.css] [https://www.erminevo.it/] wp-content/plugins/cookie-law-info/legacy/public/css/cookie-law-info-public.css
[Sat, 08 Jun 2024 19:45:26 +0000] [/wp-content/cache/minify/4c431.css] [https://www.erminevo.it/] wp-content/plugins/contact-form-7/includes/css/styles.css
[Sat, 08 Jun 2024 19:45:27 +0000] [/wp-content/cache/minify/4e0b7.css] [https://www.erminevo.it/] wp-content/plugins/ermispettacoli/public/css/ermispettacoli-public.css
[Sat, 08 Jun 2024 19:45:27 +0000] [/wp-content/cache/minify/1d685.css] [https://www.erminevo.it/] wp-content/themes/ErmiTheme/css/flickity.min.css
[Sat, 08 Jun 2024 19:45:29 +0000] [/wp-content/cache/minify/d085d.css] [https://www.erminevo.it/] wp-content/plugins/wp-featherlight/css/wp-featherlight.min.css
[Sat, 08 Jun 2024 19:45:29 +0000] [/wp-content/cache/minify/818c0.js] [https://www.erminevo.it/] wp-includes/js/jquery/jquery.min.js
wp-includes/js/jquery/jquery-migrate.min.js
[Sat, 08 Jun 2024 19:45:30 +0000] [/wp-content/cache/minify/ffd7d.js] [https://www.erminevo.it/] wp-content/plugins/cookie-law-info/legacy/public/js/cookie-law-info-public.js
wp-content/plugins/ermispettacoli/public/js/ermispettacoli-public.js
[Sat, 08 Jun 2024 19:45:30 +0000] [/wp-content/cache/minify/1f540.js] [https://www.erminevo.it/] wp-content/plugins/contact-form-7/includes/swv/js/index.js
[Sat, 08 Jun 2024 19:45:32 +0000] [/wp-content/cache/minify/a2afd.js] [https://www.erminevo.it/] wp-content/themes/genesis/lib/js/menu/responsive-menus.min.js
[Sat, 08 Jun 2024 19:45:32 +0000] [/wp-content/cache/minify/5839d.js] [https://www.erminevo.it/] wp-includes/js/dist/vendor/wp-polyfill-inert.min.js
wp-includes/js/dist/vendor/regenerator-runtime.min.js
wp-includes/js/dist/vendor/wp-polyfill.min.js
[Sun, 09 Jun 2024 23:58:30 +0000] [/wp-content/cache/minify/3888a.css] [https://www.erminevo.it/] wp-content/plugins/cookie-law-info/legacy/public/css/cookie-law-info-public.css
[Sun, 09 Jun 2024 23:58:31 +0000] [/wp-content/cache/minify/f6500.css] [https://www.erminevo.it/] wp-content/themes/ErmiTheme/style.css
[Sun, 09 Jun 2024 23:58:31 +0000] [/wp-content/cache/minify/818c0.js] [https://www.erminevo.it/] wp-includes/js/jquery/jquery.min.js
wp-includes/js/jquery/jquery-migrate.min.js
[Sun, 09 Jun 2024 23:58:32 +0000] [/wp-content/cache/minify/d085d.css] [https://www.erminevo.it/] wp-content/plugins/wp-featherlight/css/wp-featherlight.min.css
[Sun, 09 Jun 2024 23:58:32 +0000] [/wp-content/cache/minify/ffd7d.js] [https://www.erminevo.it/] wp-content/plugins/cookie-law-info/legacy/public/js/cookie-law-info-public.js
wp-content/plugins/ermispettacoli/public/js/ermispettacoli-public.js
[Mon, 10 Jun 2024 03:54:11 +0000] [/wp-content/cache/minify/300ec.css] [-] wp-includes/css/dashicons.min.css
[Mon, 10 Jun 2024 03:54:11 +0000] [/wp-content/cache/minify/1f540.js] [-] wp-content/plugins/contact-form-7/includes/swv/js/index.js
[Mon, 10 Jun 2024 03:54:12 +0000] [/wp-content/cache/minify/5839d.js] [-] wp-includes/js/dist/vendor/wp-polyfill-inert.min.js
wp-includes/js/dist/vendor/regenerator-runtime.min.js
wp-includes/js/dist/vendor/wp-polyfill.min.js
[Mon, 10 Jun 2024 03:54:12 +0000] [/wp-content/cache/minify/69e6a.css] [-] wp-content/themes/ErmiTheme/lib/gutenberg/front-end.css
[Mon, 10 Jun 2024 03:54:13 +0000] [/wp-content/cache/minify/4c431.css] [-] wp-content/plugins/contact-form-7/includes/css/styles.css
[Mon, 10 Jun 2024 03:54:13 +0000] [/wp-content/cache/minify/a2afd.js] [-] wp-content/themes/genesis/lib/js/menu/responsive-menus.min.js
[Mon, 10 Jun 2024 03:54:14 +0000] [/wp-content/cache/minify/9ef10.js] [-] wp-content/plugins/page-scroll-to-id/js/page-scroll-to-id.min.js
wp-includes/js/hoverIntent.min.js
wp-content/themes/genesis/lib/js/menu/superfish.min.js
wp-content/themes/genesis/lib/js/menu/superfish.args.min.js
wp-content/themes/genesis/lib/js/skip-links.min.js
wp-content/themes/ErmiTheme/js/flickity.pkgd.min.js
[Mon, 10 Jun 2024 03:54:14 +0000] [/wp-content/cache/minify/e8954.js] [-] wp-content/plugins/contact-form-7/modules/recaptcha/index.js
wp-content/plugins/wp-featherlight/js/wpFeatherlight.pkgd.min.js
[Mon, 10 Jun 2024 03:54:15 +0000] [/wp-content/cache/minify/b68ea.js] [-] wp-content/plugins/contact-form-7/includes/js/index.js
[Mon, 10 Jun 2024 03:54:33 +0000] [/wp-content/cache/minify/15a18.css] [-] wp-content/themes/ErmiTheme/css/hamburgers.min.css
[Mon, 10 Jun 2024 03:54:33 +0000] [/wp-content/cache/minify/1d685.css] [-] wp-content/themes/ErmiTheme/css/flickity.min.css
[Mon, 10 Jun 2024 03:54:34 +0000] [/wp-content/cache/minify/4e0b7.css] [-] wp-content/plugins/ermispettacoli/public/css/ermispettacoli-public.css
[Mon, 10 Jun 2024 03:54:35 +0000] [/wp-content/cache/minify/a5ff7.css] [-] wp-includes/css/dist/block-library/style.min.css
[Mon, 10 Jun 2024 03:54:36 +0000] [/wp-content/cache/minify/fdef4.css] [-] wp-content/plugins/cookie-law-info/legacy/public/css/cookie-law-info-gdpr.css
[Wed, 12 Jun 2024 19:49:50 +0000] [/wp-content/cache/minify/5839d.js] [https://www.erminevo.it/unora-di-tranquillita/] wp-includes/js/dist/vendor/wp-polyfill-inert.min.js
wp-includes/js/dist/vendor/regenerator-runtime.min.js
wp-includes/js/dist/vendor/wp-polyfill.min.js
[Thu, 13 Jun 2024 12:37:31 +0000] [/wp-content/cache/minify/f6500.css] [https://www.erminevo.it/] wp-content/themes/ErmiTheme/style.css
[Thu, 13 Jun 2024 12:37:32 +0000] [/wp-content/cache/minify/a5ff7.css] [https://www.erminevo.it/] wp-includes/css/dist/block-library/style.min.css
[Thu, 13 Jun 2024 12:37:32 +0000] [/wp-content/cache/minify/4c431.css] [https://www.erminevo.it/] wp-content/plugins/contact-form-7/includes/css/styles.css
[Thu, 13 Jun 2024 12:37:32 +0000] [/wp-content/cache/minify/1d685.css] [https://www.erminevo.it/] wp-content/themes/ErmiTheme/css/flickity.min.css
[Thu, 13 Jun 2024 12:37:32 +0000] [/wp-content/cache/minify/15a18.css] [https://www.erminevo.it/] wp-content/themes/ErmiTheme/css/hamburgers.min.css
[Thu, 13 Jun 2024 12:37:32 +0000] [/wp-content/cache/minify/4e0b7.css] [https://www.erminevo.it/] wp-content/plugins/ermispettacoli/public/css/ermispettacoli-public.css
[Thu, 13 Jun 2024 12:37:32 +0000] [/wp-content/cache/minify/3888a.css] [https://www.erminevo.it/] wp-content/plugins/cookie-law-info/legacy/public/css/cookie-law-info-public.css
[Thu, 13 Jun 2024 12:37:32 +0000] [/wp-content/cache/minify/300ec.css] [https://www.erminevo.it/] wp-includes/css/dashicons.min.css
[Thu, 13 Jun 2024 12:37:32 +0000] [/wp-content/cache/minify/1f540.js] [https://www.erminevo.it/] wp-content/plugins/contact-form-7/includes/swv/js/index.js
[Thu, 13 Jun 2024 12:37:32 +0000] [/wp-content/cache/minify/b68ea.js] [https://www.erminevo.it/] wp-content/plugins/contact-form-7/includes/js/index.js
[Thu, 13 Jun 2024 12:37:33 +0000] [/wp-content/cache/minify/fdef4.css] [https://www.erminevo.it/] wp-content/plugins/cookie-law-info/legacy/public/css/cookie-law-info-gdpr.css
[Thu, 13 Jun 2024 12:37:33 +0000] [/wp-content/cache/minify/d085d.css] [https://www.erminevo.it/] wp-content/plugins/wp-featherlight/css/wp-featherlight.min.css
[Thu, 13 Jun 2024 12:37:33 +0000] [/wp-content/cache/minify/818c0.js] [https://www.erminevo.it/] wp-includes/js/jquery/jquery.min.js
wp-includes/js/jquery/jquery-migrate.min.js
[Thu, 13 Jun 2024 12:37:33 +0000] [/wp-content/cache/minify/ffd7d.js] [https://www.erminevo.it/] wp-content/plugins/cookie-law-info/legacy/public/js/cookie-law-info-public.js
wp-content/plugins/ermispettacoli/public/js/ermispettacoli-public.js
[Thu, 13 Jun 2024 12:37:33 +0000] [/wp-content/cache/minify/69e6a.css] [https://www.erminevo.it/] wp-content/themes/ErmiTheme/lib/gutenberg/front-end.css
[Thu, 13 Jun 2024 12:37:33 +0000] [/wp-content/cache/minify/9ef10.js] [https://www.erminevo.it/] wp-content/plugins/page-scroll-to-id/js/page-scroll-to-id.min.js
wp-includes/js/hoverIntent.min.js
wp-content/themes/genesis/lib/js/menu/superfish.min.js
wp-content/themes/genesis/lib/js/menu/superfish.args.min.js
wp-content/themes/genesis/lib/js/skip-links.min.js
wp-content/themes/ErmiTheme/js/flickity.pkgd.min.js
[Thu, 13 Jun 2024 12:37:33 +0000] [/wp-content/cache/minify/a2afd.js] [https://www.erminevo.it/] wp-content/themes/genesis/lib/js/menu/responsive-menus.min.js
[Thu, 13 Jun 2024 12:37:33 +0000] [/wp-content/cache/minify/e8954.js] [https://www.erminevo.it/] wp-content/plugins/contact-form-7/modules/recaptcha/index.js
wp-content/plugins/wp-featherlight/js/wpFeatherlight.pkgd.min.js
[Thu, 13 Jun 2024 22:40:44 +0000] [/wp-content/cache/minify/5839d.js] [https://www.erminevo.it/] wp-includes/js/dist/vendor/wp-polyfill-inert.min.js
wp-includes/js/dist/vendor/regenerator-runtime.min.js
wp-includes/js/dist/vendor/wp-polyfill.min.js
[Fri, 14 Jun 2024 23:22:38 +0000] [/wp-content/cache/minify/ffd7d.js] [https://www.erminevo.it/erminevo-in-concorso/] wp-content/plugins/cookie-law-info/legacy/public/js/cookie-law-info-public.js
wp-content/plugins/ermispettacoli/public/js/ermispettacoli-public.js
[Fri, 14 Jun 2024 23:22:38 +0000] [/wp-content/cache/minify/818c0.js] [https://www.erminevo.it/erminevo-in-concorso/] wp-includes/js/jquery/jquery.min.js
wp-includes/js/jquery/jquery-migrate.min.js
[Fri, 14 Jun 2024 23:22:38 +0000] [/wp-content/cache/minify/9ef10.js] [https://www.erminevo.it/erminevo-in-concorso/] wp-content/plugins/page-scroll-to-id/js/page-scroll-to-id.min.js
wp-includes/js/hoverIntent.min.js
wp-content/themes/genesis/lib/js/menu/superfish.min.js
wp-content/themes/genesis/lib/js/menu/superfish.args.min.js
wp-content/themes/genesis/lib/js/skip-links.min.js
wp-content/themes/ErmiTheme/js/flickity.pkgd.min.js
[Fri, 14 Jun 2024 23:22:38 +0000] [/wp-content/cache/minify/fdef4.css] [https://www.erminevo.it/erminevo-in-concorso/] wp-content/plugins/cookie-law-info/legacy/public/css/cookie-law-info-gdpr.css
[Fri, 14 Jun 2024 23:22:38 +0000] [/wp-content/cache/minify/a5ff7.css] [https://www.erminevo.it/erminevo-in-concorso/] wp-includes/css/dist/block-library/style.min.css
[Fri, 14 Jun 2024 23:22:39 +0000] [/wp-content/cache/minify/15a18.css] [https://www.erminevo.it/erminevo-in-concorso/] wp-content/themes/ErmiTheme/css/hamburgers.min.css
[Fri, 14 Jun 2024 23:22:39 +0000] [/wp-content/cache/minify/f6500.css] [https://www.erminevo.it/erminevo-in-concorso/] wp-content/themes/ErmiTheme/style.css
[Fri, 14 Jun 2024 23:22:39 +0000] [/wp-content/cache/minify/4e0b7.css] [https://www.erminevo.it/erminevo-in-concorso/] wp-content/plugins/ermispettacoli/public/css/ermispettacoli-public.css
[Fri, 14 Jun 2024 23:22:40 +0000] [/wp-content/cache/minify/300ec.css] [https://www.erminevo.it/erminevo-in-concorso/] wp-includes/css/dashicons.min.css
[Fri, 14 Jun 2024 23:22:40 +0000] [/wp-content/cache/minify/1d685.css] [https://www.erminevo.it/erminevo-in-concorso/] wp-content/themes/ErmiTheme/css/flickity.min.css
[Fri, 14 Jun 2024 23:22:40 +0000] [/wp-content/cache/minify/d085d.css] [https://www.erminevo.it/erminevo-in-concorso/] wp-content/plugins/wp-featherlight/css/wp-featherlight.min.css
[Fri, 14 Jun 2024 23:22:40 +0000] [/wp-content/cache/minify/69e6a.css] [https://www.erminevo.it/erminevo-in-concorso/] wp-content/themes/ErmiTheme/lib/gutenberg/front-end.css
[Fri, 14 Jun 2024 23:22:41 +0000] [/wp-content/cache/minify/e8954.js] [https://www.erminevo.it/erminevo-in-concorso/] wp-content/plugins/contact-form-7/modules/recaptcha/index.js
wp-content/plugins/wp-featherlight/js/wpFeatherlight.pkgd.min.js
[Fri, 14 Jun 2024 23:22:41 +0000] [/wp-content/cache/minify/a2afd.js] [https://www.erminevo.it/erminevo-in-concorso/] wp-content/themes/genesis/lib/js/menu/responsive-menus.min.js
[Fri, 14 Jun 2024 23:22:41 +0000] [/wp-content/cache/minify/3888a.css] [https://www.erminevo.it/erminevo-in-concorso/] wp-content/plugins/cookie-law-info/legacy/public/css/cookie-law-info-public.css
[Sat, 15 Jun 2024 01:02:45 +0000] [/wp-content/cache/minify/b68ea.js] [https://www.erminevo.it/unora-di-tranquillita/] wp-content/plugins/contact-form-7/includes/js/index.js
[Sat, 15 Jun 2024 01:02:45 +0000] [/wp-content/cache/minify/1f540.js] [https://www.erminevo.it/unora-di-tranquillita/] wp-content/plugins/contact-form-7/includes/swv/js/index.js
[Sat, 15 Jun 2024 01:02:45 +0000] [/wp-content/cache/minify/4c431.css] [https://www.erminevo.it/unora-di-tranquillita/] wp-content/plugins/contact-form-7/includes/css/styles.css
[Sat, 15 Jun 2024 21:21:36 +0000] [/wp-content/cache/minify/5839d.js] [https://www.erminevo.it/category/spettacolo/] wp-includes/js/dist/vendor/wp-polyfill-inert.min.js
wp-includes/js/dist/vendor/regenerator-runtime.min.js
wp-includes/js/dist/vendor/wp-polyfill.min.js
[Sun, 16 Jun 2024 17:15:17 +0000] [/wp-content/cache/minify/3888a.css] [https://www.erminevo.it/] wp-content/plugins/cookie-law-info/legacy/public/css/cookie-law-info-public.css
[Sun, 16 Jun 2024 17:15:17 +0000] [/wp-content/cache/minify/f6500.css] [https://www.erminevo.it/] wp-content/themes/ErmiTheme/style.css
[Sun, 16 Jun 2024 17:15:17 +0000] [/wp-content/cache/minify/4e0b7.css] [https://www.erminevo.it/] wp-content/plugins/ermispettacoli/public/css/ermispettacoli-public.css
[Sun, 16 Jun 2024 17:15:17 +0000] [/wp-content/cache/minify/300ec.css] [https://www.erminevo.it/] wp-includes/css/dashicons.min.css
[Sun, 16 Jun 2024 17:15:17 +0000] [/wp-content/cache/minify/15a18.css] [https://www.erminevo.it/] wp-content/themes/ErmiTheme/css/hamburgers.min.css
[Sun, 16 Jun 2024 17:15:17 +0000] [/wp-content/cache/minify/69e6a.css] [https://www.erminevo.it/] wp-content/themes/ErmiTheme/lib/gutenberg/front-end.css
[Sun, 16 Jun 2024 17:15:17 +0000] [/wp-content/cache/minify/4c431.css] [https://www.erminevo.it/] wp-content/plugins/contact-form-7/includes/css/styles.css
[Sun, 16 Jun 2024 17:15:17 +0000] [/wp-content/cache/minify/fdef4.css] [https://www.erminevo.it/] wp-content/plugins/cookie-law-info/legacy/public/css/cookie-law-info-gdpr.css
[Sun, 16 Jun 2024 17:15:18 +0000] [/wp-content/cache/minify/ffd7d.js] [https://www.erminevo.it/] wp-content/plugins/cookie-law-info/legacy/public/js/cookie-law-info-public.js
wp-content/plugins/ermispettacoli/public/js/ermispettacoli-public.js
[Sun, 16 Jun 2024 17:15:18 +0000] [/wp-content/cache/minify/d085d.css] [https://www.erminevo.it/] wp-content/plugins/wp-featherlight/css/wp-featherlight.min.css
[Sun, 16 Jun 2024 17:15:18 +0000] [/wp-content/cache/minify/a5ff7.css] [https://www.erminevo.it/] wp-includes/css/dist/block-library/style.min.css
[Sun, 16 Jun 2024 17:15:18 +0000] [/wp-content/cache/minify/818c0.js] [https://www.erminevo.it/] wp-includes/js/jquery/jquery.min.js
wp-includes/js/jquery/jquery-migrate.min.js
[Sun, 16 Jun 2024 17:15:18 +0000] [/wp-content/cache/minify/1d685.css] [https://www.erminevo.it/] wp-content/themes/ErmiTheme/css/flickity.min.css
[Sun, 16 Jun 2024 17:15:20 +0000] [/wp-content/cache/minify/1f540.js] [https://www.erminevo.it/] wp-content/plugins/contact-form-7/includes/swv/js/index.js
[Sun, 16 Jun 2024 17:15:20 +0000] [/wp-content/cache/minify/b68ea.js] [https://www.erminevo.it/] wp-content/plugins/contact-form-7/includes/js/index.js
[Sun, 16 Jun 2024 17:15:20 +0000] [/wp-content/cache/minify/9ef10.js] [https://www.erminevo.it/] wp-content/plugins/page-scroll-to-id/js/page-scroll-to-id.min.js
wp-includes/js/hoverIntent.min.js
wp-content/themes/genesis/lib/js/menu/superfish.min.js
wp-content/themes/genesis/lib/js/menu/superfish.args.min.js
wp-content/themes/genesis/lib/js/skip-links.min.js
wp-content/themes/ErmiTheme/js/flickity.pkgd.min.js
[Sun, 16 Jun 2024 17:15:20 +0000] [/wp-content/cache/minify/a2afd.js] [https://www.erminevo.it/] wp-content/themes/genesis/lib/js/menu/responsive-menus.min.js
[Sun, 16 Jun 2024 17:15:20 +0000] [/wp-content/cache/minify/e8954.js] [https://www.erminevo.it/] wp-content/plugins/contact-form-7/modules/recaptcha/index.js
wp-content/plugins/wp-featherlight/js/wpFeatherlight.pkgd.min.js
[Tue, 18 Jun 2024 04:52:19 +0000] [/wp-content/cache/minify/5839d.js] [https://www.erminevo.it/] wp-includes/js/dist/vendor/wp-polyfill-inert.min.js
wp-includes/js/dist/vendor/regenerator-runtime.min.js
wp-includes/js/dist/vendor/wp-polyfill.min.js
[Tue, 18 Jun 2024 20:01:59 +0000] [/wp-content/cache/minify/818c0.js] [https://www.erminevo.it/unora-di-tranquillita/] wp-includes/js/jquery/jquery.min.js
wp-includes/js/jquery/jquery-migrate.min.js
[Tue, 18 Jun 2024 20:01:59 +0000] [/wp-content/cache/minify/d085d.css] [https://www.erminevo.it/unora-di-tranquillita/] wp-content/plugins/wp-featherlight/css/wp-featherlight.min.css
[Tue, 18 Jun 2024 20:01:59 +0000] [/wp-content/cache/minify/69e6a.css] [https://www.erminevo.it/unora-di-tranquillita/] wp-content/themes/ErmiTheme/lib/gutenberg/front-end.css
[Tue, 18 Jun 2024 20:01:59 +0000] [/wp-content/cache/minify/e8954.js] [https://www.erminevo.it/unora-di-tranquillita/] wp-content/plugins/contact-form-7/modules/recaptcha/index.js
wp-content/plugins/wp-featherlight/js/wpFeatherlight.pkgd.min.js
[Tue, 18 Jun 2024 20:02:00 +0000] [/wp-content/cache/minify/fdef4.css] [https://www.erminevo.it/unora-di-tranquillita/] wp-content/plugins/cookie-law-info/legacy/public/css/cookie-law-info-gdpr.css
[Tue, 18 Jun 2024 21:10:30 +0000] [/wp-content/cache/minify/a5ff7.css] [https://www.erminevo.it/] wp-includes/css/dist/block-library/style.min.css
[Tue, 18 Jun 2024 21:10:30 +0000] [/wp-content/cache/minify/f6500.css] [https://www.erminevo.it/] wp-content/themes/ErmiTheme/style.css
[Tue, 18 Jun 2024 21:10:30 +0000] [/wp-content/cache/minify/ffd7d.js] [https://www.erminevo.it/] wp-content/plugins/cookie-law-info/legacy/public/js/cookie-law-info-public.js
wp-content/plugins/ermispettacoli/public/js/ermispettacoli-public.js
[Tue, 18 Jun 2024 21:10:30 +0000] [/wp-content/cache/minify/b68ea.js] [https://www.erminevo.it/] wp-content/plugins/contact-form-7/includes/js/index.js
[Tue, 18 Jun 2024 21:10:31 +0000] [/wp-content/cache/minify/4c431.css] [https://www.erminevo.it/] wp-content/plugins/contact-form-7/includes/css/styles.css
[Tue, 18 Jun 2024 21:10:31 +0000] [/wp-content/cache/minify/1d685.css] [https://www.erminevo.it/] wp-content/themes/ErmiTheme/css/flickity.min.css
[Tue, 18 Jun 2024 21:10:32 +0000] [/wp-content/cache/minify/4e0b7.css] [https://www.erminevo.it/] wp-content/plugins/ermispettacoli/public/css/ermispettacoli-public.css
[Tue, 18 Jun 2024 21:10:32 +0000] [/wp-content/cache/minify/4c431.css] [https://www.erminevo.it/] wp-content/plugins/contact-form-7/includes/css/styles.css
[Tue, 18 Jun 2024 21:10:33 +0000] [/wp-content/cache/minify/f6500.css] [https://www.erminevo.it/] wp-content/themes/ErmiTheme/style.css
[Tue, 18 Jun 2024 21:10:33 +0000] [/wp-content/cache/minify/1d685.css] [https://www.erminevo.it/] wp-content/themes/ErmiTheme/css/flickity.min.css
[Tue, 18 Jun 2024 21:10:34 +0000] [/wp-content/cache/minify/300ec.css] [https://www.erminevo.it/] wp-includes/css/dashicons.min.css
[Tue, 18 Jun 2024 21:10:34 +0000] [/wp-content/cache/minify/15a18.css] [https://www.erminevo.it/] wp-content/themes/ErmiTheme/css/hamburgers.min.css
[Tue, 18 Jun 2024 21:10:34 +0000] [/wp-content/cache/minify/4e0b7.css] [https://www.erminevo.it/] wp-content/plugins/ermispettacoli/public/css/ermispettacoli-public.css
[Tue, 18 Jun 2024 21:10:34 +0000] [/wp-content/cache/minify/3888a.css] [https://www.erminevo.it/] wp-content/plugins/cookie-law-info/legacy/public/css/cookie-law-info-public.css
[Tue, 18 Jun 2024 21:10:34 +0000] [/wp-content/cache/minify/3888a.css] [https://www.erminevo.it/] wp-content/plugins/cookie-law-info/legacy/public/css/cookie-law-info-public.css
[Tue, 18 Jun 2024 21:10:34 +0000] [/wp-content/cache/minify/300ec.css] [https://www.erminevo.it/] wp-includes/css/dashicons.min.css
[Tue, 18 Jun 2024 21:10:34 +0000] [/wp-content/cache/minify/a5ff7.css] [https://www.erminevo.it/] wp-includes/css/dist/block-library/style.min.css
[Tue, 18 Jun 2024 21:10:34 +0000] [/wp-content/cache/minify/3888a.css] [https://www.erminevo.it/] wp-content/plugins/cookie-law-info/legacy/public/css/cookie-law-info-public.css
[Tue, 18 Jun 2024 21:10:34 +0000] [/wp-content/cache/minify/15a18.css] [https://www.erminevo.it/] wp-content/themes/ErmiTheme/css/hamburgers.min.css
[Tue, 18 Jun 2024 21:10:35 +0000] [/wp-content/cache/minify/1f540.js] [https://www.erminevo.it/] wp-content/plugins/contact-form-7/includes/swv/js/index.js
[Tue, 18 Jun 2024 21:10:35 +0000] [/wp-content/cache/minify/a2afd.js] [https://www.erminevo.it/] wp-content/themes/genesis/lib/js/menu/responsive-menus.min.js
[Tue, 18 Jun 2024 21:10:35 +0000] [/wp-content/cache/minify/9ef10.js] [https://www.erminevo.it/] wp-content/plugins/page-scroll-to-id/js/page-scroll-to-id.min.js
wp-includes/js/hoverIntent.min.js
wp-content/themes/genesis/lib/js/menu/superfish.min.js
wp-content/themes/genesis/lib/js/menu/superfish.args.min.js
wp-content/themes/genesis/lib/js/skip-links.min.js
wp-content/themes/ErmiTheme/js/flickity.pkgd.min.js
[Sat, 22 Jun 2024 06:42:59 +0000] [/wp-content/cache/minify/f6500.css] [https://www.erminevo.it/] wp-content/themes/ErmiTheme/style.css
[Sat, 22 Jun 2024 06:42:59 +0000] [/wp-content/cache/minify/fdef4.css] [https://www.erminevo.it/] wp-content/plugins/cookie-law-info/legacy/public/css/cookie-law-info-gdpr.css
[Sat, 22 Jun 2024 06:42:59 +0000] [/wp-content/cache/minify/1d685.css] [https://www.erminevo.it/] wp-content/themes/ErmiTheme/css/flickity.min.css
[Sat, 22 Jun 2024 06:42:59 +0000] [/wp-content/cache/minify/15a18.css] [https://www.erminevo.it/] wp-content/themes/ErmiTheme/css/hamburgers.min.css
[Sat, 22 Jun 2024 06:42:59 +0000] [/wp-content/cache/minify/a5ff7.css] [https://www.erminevo.it/] wp-includes/css/dist/block-library/style.min.css
[Sat, 22 Jun 2024 06:42:59 +0000] [/wp-content/cache/minify/4e0b7.css] [https://www.erminevo.it/] wp-content/plugins/ermispettacoli/public/css/ermispettacoli-public.css
[Sat, 22 Jun 2024 06:42:59 +0000] [/wp-content/cache/minify/3888a.css] [https://www.erminevo.it/] wp-content/plugins/cookie-law-info/legacy/public/css/cookie-law-info-public.css
[Sat, 22 Jun 2024 06:42:59 +0000] [/wp-content/cache/minify/4c431.css] [https://www.erminevo.it/] wp-content/plugins/contact-form-7/includes/css/styles.css
[Sat, 22 Jun 2024 06:42:59 +0000] [/wp-content/cache/minify/300ec.css] [https://www.erminevo.it/] wp-includes/css/dashicons.min.css
[Sat, 22 Jun 2024 06:43:00 +0000] [/wp-content/cache/minify/ffd7d.js] [https://www.erminevo.it/] wp-content/plugins/cookie-law-info/legacy/public/js/cookie-law-info-public.js
wp-content/plugins/ermispettacoli/public/js/ermispettacoli-public.js
[Sat, 22 Jun 2024 06:43:00 +0000] [/wp-content/cache/minify/818c0.js] [https://www.erminevo.it/] wp-includes/js/jquery/jquery.min.js
wp-includes/js/jquery/jquery-migrate.min.js
[Sat, 22 Jun 2024 06:43:00 +0000] [/wp-content/cache/minify/d085d.css] [https://www.erminevo.it/] wp-content/plugins/wp-featherlight/css/wp-featherlight.min.css
[Sat, 22 Jun 2024 06:43:00 +0000] [/wp-content/cache/minify/69e6a.css] [https://www.erminevo.it/] wp-content/themes/ErmiTheme/lib/gutenberg/front-end.css
[Sat, 22 Jun 2024 06:52:58 +0000] [/wp-content/cache/minify/1f540.js] [https://www.erminevo.it/] wp-content/plugins/contact-form-7/includes/swv/js/index.js
[Sat, 22 Jun 2024 06:52:58 +0000] [/wp-content/cache/minify/b68ea.js] [https://www.erminevo.it/] wp-content/plugins/contact-form-7/includes/js/index.js
[Sat, 22 Jun 2024 06:53:00 +0000] [/wp-content/cache/minify/9ef10.js] [https://www.erminevo.it/] wp-content/plugins/page-scroll-to-id/js/page-scroll-to-id.min.js
wp-includes/js/hoverIntent.min.js
wp-content/themes/genesis/lib/js/menu/superfish.min.js
wp-content/themes/genesis/lib/js/menu/superfish.args.min.js
wp-content/themes/genesis/lib/js/skip-links.min.js
wp-content/themes/ErmiTheme/js/flickity.pkgd.min.js
[Sat, 22 Jun 2024 06:53:00 +0000] [/wp-content/cache/minify/a2afd.js] [https://www.erminevo.it/] wp-content/themes/genesis/lib/js/menu/responsive-menus.min.js
[Sat, 22 Jun 2024 06:53:00 +0000] [/wp-content/cache/minify/5839d.js] [https://www.erminevo.it/] wp-includes/js/dist/vendor/wp-polyfill-inert.min.js
wp-includes/js/dist/vendor/regenerator-runtime.min.js
wp-includes/js/dist/vendor/wp-polyfill.min.js
[Sat, 22 Jun 2024 06:53:00 +0000] [/wp-content/cache/minify/e8954.js] [https://www.erminevo.it/] wp-content/plugins/contact-form-7/modules/recaptcha/index.js
wp-content/plugins/wp-featherlight/js/wpFeatherlight.pkgd.min.js
[Tue, 25 Jun 2024 23:34:57 +0000] [/wp-content/cache/minify/1d685.css] [https://www.erminevo.it/erminevo-in-concorso/] wp-content/themes/ErmiTheme/css/flickity.min.css
[Tue, 25 Jun 2024 23:34:58 +0000] [/wp-content/cache/minify/69e6a.css] [https://www.erminevo.it/erminevo-in-concorso/] wp-content/themes/ErmiTheme/lib/gutenberg/front-end.css
[Tue, 25 Jun 2024 23:34:58 +0000] [/wp-content/cache/minify/a5ff7.css] [https://www.erminevo.it/erminevo-in-concorso/] wp-includes/css/dist/block-library/style.min.css
[Tue, 25 Jun 2024 23:34:58 +0000] [/wp-content/cache/minify/4e0b7.css] [https://www.erminevo.it/erminevo-in-concorso/] wp-content/plugins/ermispettacoli/public/css/ermispettacoli-public.css
[Tue, 25 Jun 2024 23:34:59 +0000] [/wp-content/cache/minify/fdef4.css] [https://www.erminevo.it/erminevo-in-concorso/] wp-content/plugins/cookie-law-info/legacy/public/css/cookie-law-info-gdpr.css
[Tue, 25 Jun 2024 23:34:59 +0000] [/wp-content/cache/minify/818c0.js] [https://www.erminevo.it/erminevo-in-concorso/] wp-includes/js/jquery/jquery.min.js
wp-includes/js/jquery/jquery-migrate.min.js
[Tue, 25 Jun 2024 23:34:59 +0000] [/wp-content/cache/minify/ffd7d.js] [https://www.erminevo.it/erminevo-in-concorso/] wp-content/plugins/cookie-law-info/legacy/public/js/cookie-law-info-public.js
wp-content/plugins/ermispettacoli/public/js/ermispettacoli-public.js
[Tue, 25 Jun 2024 23:35:00 +0000] [/wp-content/cache/minify/f6500.css] [https://www.erminevo.it/erminevo-in-concorso/] wp-content/themes/ErmiTheme/style.css
[Tue, 25 Jun 2024 23:35:01 +0000] [/wp-content/cache/minify/15a18.css] [https://www.erminevo.it/erminevo-in-concorso/] wp-content/themes/ErmiTheme/css/hamburgers.min.css
[Tue, 25 Jun 2024 23:35:01 +0000] [/wp-content/cache/minify/3888a.css] [https://www.erminevo.it/erminevo-in-concorso/] wp-content/plugins/cookie-law-info/legacy/public/css/cookie-law-info-public.css
[Tue, 25 Jun 2024 23:35:01 +0000] [/wp-content/cache/minify/1f540.js] [https://www.erminevo.it/erminevo-in-concorso/] wp-content/plugins/contact-form-7/includes/swv/js/index.js
[Tue, 25 Jun 2024 23:35:01 +0000] [/wp-content/cache/minify/d085d.css] [https://www.erminevo.it/erminevo-in-concorso/] wp-content/plugins/wp-featherlight/css/wp-featherlight.min.css
[Tue, 25 Jun 2024 23:35:02 +0000] [/wp-content/cache/minify/9ef10.js] [https://www.erminevo.it/erminevo-in-concorso/] wp-content/plugins/page-scroll-to-id/js/page-scroll-to-id.min.js
wp-includes/js/hoverIntent.min.js
wp-content/themes/genesis/lib/js/menu/superfish.min.js
wp-content/themes/genesis/lib/js/menu/superfish.args.min.js
wp-content/themes/genesis/lib/js/skip-links.min.js
wp-content/themes/ErmiTheme/js/flickity.pkgd.min.js
[Tue, 25 Jun 2024 23:35:02 +0000] [/wp-content/cache/minify/300ec.css] [https://www.erminevo.it/erminevo-in-concorso/] wp-includes/css/dashicons.min.css
[Tue, 25 Jun 2024 23:35:02 +0000] [/wp-content/cache/minify/a2afd.js] [https://www.erminevo.it/erminevo-in-concorso/] wp-content/themes/genesis/lib/js/menu/responsive-menus.min.js
[Tue, 25 Jun 2024 23:35:02 +0000] [/wp-content/cache/minify/5839d.js] [https://www.erminevo.it/erminevo-in-concorso/] wp-includes/js/dist/vendor/wp-polyfill-inert.min.js
wp-includes/js/dist/vendor/regenerator-runtime.min.js
wp-includes/js/dist/vendor/wp-polyfill.min.js
[Tue, 25 Jun 2024 23:35:03 +0000] [/wp-content/cache/minify/e8954.js] [https://www.erminevo.it/erminevo-in-concorso/] wp-content/plugins/contact-form-7/modules/recaptcha/index.js
wp-content/plugins/wp-featherlight/js/wpFeatherlight.pkgd.min.js
[Wed, 26 Jun 2024 00:37:01 +0000] [/wp-content/cache/minify/4c431.css] [https://www.erminevo.it/comune-di-lumezzane/] wp-content/plugins/contact-form-7/includes/css/styles.css
[Wed, 26 Jun 2024 04:33:36 +0000] [/wp-content/cache/minify/b68ea.js] [-] wp-content/plugins/contact-form-7/includes/js/index.js
[Fri, 28 Jun 2024 00:09:20 +0000] [/wp-content/cache/minify/5839d.js] [-] wp-includes/js/dist/vendor/wp-polyfill-inert.min.js
wp-includes/js/dist/vendor/regenerator-runtime.min.js
wp-includes/js/dist/vendor/wp-polyfill.min.js
[Fri, 28 Jun 2024 00:09:20 +0000] [/wp-content/cache/minify/ffd7d.js] [-] wp-content/plugins/cookie-law-info/legacy/public/js/cookie-law-info-public.js
wp-content/plugins/ermispettacoli/public/js/ermispettacoli-public.js
[Fri, 28 Jun 2024 00:09:20 +0000] [/wp-content/cache/minify/a2afd.js] [-] wp-content/themes/genesis/lib/js/menu/responsive-menus.min.js
[Fri, 28 Jun 2024 00:09:20 +0000] [/wp-content/cache/minify/818c0.js] [-] wp-includes/js/jquery/jquery.min.js
wp-includes/js/jquery/jquery-migrate.min.js
[Fri, 28 Jun 2024 00:09:20 +0000] [/wp-content/cache/minify/b68ea.js] [-] wp-content/plugins/contact-form-7/includes/js/index.js
[Fri, 28 Jun 2024 00:09:20 +0000] [/wp-content/cache/minify/9ef10.js] [-] wp-content/plugins/page-scroll-to-id/js/page-scroll-to-id.min.js
wp-includes/js/hoverIntent.min.js
wp-content/themes/genesis/lib/js/menu/superfish.min.js
wp-content/themes/genesis/lib/js/menu/superfish.args.min.js
wp-content/themes/genesis/lib/js/skip-links.min.js
wp-content/themes/ErmiTheme/js/flickity.pkgd.min.js
[Fri, 28 Jun 2024 00:09:20 +0000] [/wp-content/cache/minify/e8954.js] [-] wp-content/plugins/contact-form-7/modules/recaptcha/index.js
wp-content/plugins/wp-featherlight/js/wpFeatherlight.pkgd.min.js
[Fri, 28 Jun 2024 00:09:20 +0000] [/wp-content/cache/minify/1f540.js] [-] wp-content/plugins/contact-form-7/includes/swv/js/index.js
[Fri, 28 Jun 2024 07:14:58 +0000] [/wp-content/cache/minify/d085d.css] [https://www.erminevo.it/] wp-content/plugins/wp-featherlight/css/wp-featherlight.min.css
[Fri, 28 Jun 2024 07:14:59 +0000] [/wp-content/cache/minify/3888a.css] [https://www.erminevo.it/] wp-content/plugins/cookie-law-info/legacy/public/css/cookie-law-info-public.css
[Fri, 28 Jun 2024 07:14:59 +0000] [/wp-content/cache/minify/1d685.css] [https://www.erminevo.it/] wp-content/themes/ErmiTheme/css/flickity.min.css
[Fri, 28 Jun 2024 07:14:59 +0000] [/wp-content/cache/minify/300ec.css] [https://www.erminevo.it/] wp-includes/css/dashicons.min.css
[Fri, 28 Jun 2024 07:14:59 +0000] [/wp-content/cache/minify/a5ff7.css] [https://www.erminevo.it/] wp-includes/css/dist/block-library/style.min.css
[Fri, 28 Jun 2024 07:14:59 +0000] [/wp-content/cache/minify/15a18.css] [https://www.erminevo.it/] wp-content/themes/ErmiTheme/css/hamburgers.min.css
[Fri, 28 Jun 2024 07:15:01 +0000] [/wp-content/cache/minify/fdef4.css] [https://www.erminevo.it/] wp-content/plugins/cookie-law-info/legacy/public/css/cookie-law-info-gdpr.css
[Fri, 28 Jun 2024 07:15:02 +0000] [/wp-content/cache/minify/f6500.css] [https://www.erminevo.it/] wp-content/themes/ErmiTheme/style.css
[Fri, 28 Jun 2024 07:15:03 +0000] [/wp-content/cache/minify/69e6a.css] [https://www.erminevo.it/] wp-content/themes/ErmiTheme/lib/gutenberg/front-end.css
[Fri, 28 Jun 2024 07:15:04 +0000] [/wp-content/cache/minify/4e0b7.css] [https://www.erminevo.it/] wp-content/plugins/ermispettacoli/public/css/ermispettacoli-public.css
[Sat, 29 Jun 2024 11:43:48 +0000] [/wp-content/cache/minify/4c431.css] [https://www.erminevo.it/] wp-content/plugins/contact-form-7/includes/css/styles.css
[Sun, 30 Jun 2024 16:14:55 +0000] [/wp-content/cache/minify/15a18.css] [https://www.erminevo.it/] wp-content/themes/ErmiTheme/css/hamburgers.min.css
[Sun, 30 Jun 2024 16:14:55 +0000] [/wp-content/cache/minify/ffd7d.js] [https://www.erminevo.it/] wp-content/plugins/cookie-law-info/legacy/public/js/cookie-law-info-public.js
wp-content/plugins/ermispettacoli/public/js/ermispettacoli-public.js
[Sun, 30 Jun 2024 16:14:56 +0000] [/wp-content/cache/minify/b68ea.js] [https://www.erminevo.it/] wp-content/plugins/contact-form-7/includes/js/index.js
[Sun, 30 Jun 2024 16:14:56 +0000] [/wp-content/cache/minify/4c431.css] [https://www.erminevo.it/] wp-content/plugins/contact-form-7/includes/css/styles.css
[Sun, 30 Jun 2024 16:14:56 +0000] [/wp-content/cache/minify/d085d.css] [https://www.erminevo.it/] wp-content/plugins/wp-featherlight/css/wp-featherlight.min.css
[Sun, 30 Jun 2024 16:14:57 +0000] [/wp-content/cache/minify/e8954.js] [https://www.erminevo.it/] wp-content/plugins/contact-form-7/modules/recaptcha/index.js
wp-content/plugins/wp-featherlight/js/wpFeatherlight.pkgd.min.js
[Sun, 30 Jun 2024 16:14:57 +0000] [/wp-content/cache/minify/a2afd.js] [https://www.erminevo.it/] wp-content/themes/genesis/lib/js/menu/responsive-menus.min.js
[Sun, 30 Jun 2024 16:14:57 +0000] [/wp-content/cache/minify/9ef10.js] [https://www.erminevo.it/] wp-content/plugins/page-scroll-to-id/js/page-scroll-to-id.min.js
wp-includes/js/hoverIntent.min.js
wp-content/themes/genesis/lib/js/menu/superfish.min.js
wp-content/themes/genesis/lib/js/menu/superfish.args.min.js
wp-content/themes/genesis/lib/js/skip-links.min.js
wp-content/themes/ErmiTheme/js/flickity.pkgd.min.js
[Mon, 01 Jul 2024 09:33:47 +0000] [/wp-content/cache/minify/4e0b7.css] [https://www.erminevo.it/unora-di-tranquillita/] wp-content/plugins/ermispettacoli/public/css/ermispettacoli-public.css
[Mon, 01 Jul 2024 09:33:47 +0000] [/wp-content/cache/minify/3888a.css] [https://www.erminevo.it/unora-di-tranquillita/] wp-content/plugins/cookie-law-info/legacy/public/css/cookie-law-info-public.css
[Mon, 01 Jul 2024 09:33:47 +0000] [/wp-content/cache/minify/69e6a.css] [https://www.erminevo.it/unora-di-tranquillita/] wp-content/themes/ErmiTheme/lib/gutenberg/front-end.css
[Mon, 01 Jul 2024 09:33:48 +0000] [/wp-content/cache/minify/fdef4.css] [https://www.erminevo.it/unora-di-tranquillita/] wp-content/plugins/cookie-law-info/legacy/public/css/cookie-law-info-gdpr.css
[Tue, 02 Jul 2024 10:49:02 +0000] [/wp-content/cache/minify/a5ff7.css] [https://www.erminevo.it/] wp-includes/css/dist/block-library/style.min.css
[Tue, 02 Jul 2024 10:49:02 +0000] [/wp-content/cache/minify/300ec.css] [https://www.erminevo.it/] wp-includes/css/dashicons.min.css
[Tue, 02 Jul 2024 10:49:02 +0000] [/wp-content/cache/minify/f6500.css] [https://www.erminevo.it/] wp-content/themes/ErmiTheme/style.css
[Tue, 02 Jul 2024 10:49:02 +0000] [/wp-content/cache/minify/818c0.js] [https://www.erminevo.it/] wp-includes/js/jquery/jquery.min.js
wp-includes/js/jquery/jquery-migrate.min.js
[Tue, 02 Jul 2024 10:49:02 +0000] [/wp-content/cache/minify/1d685.css] [https://www.erminevo.it/] wp-content/themes/ErmiTheme/css/flickity.min.css
[Tue, 02 Jul 2024 10:49:02 +0000] [/wp-content/cache/minify/1f540.js] [https://www.erminevo.it/] wp-content/plugins/contact-form-7/includes/swv/js/index.js
[Tue, 02 Jul 2024 10:49:02 +0000] [/wp-content/cache/minify/5839d.js] [https://www.erminevo.it/] wp-includes/js/dist/vendor/wp-polyfill-inert.min.js
wp-includes/js/dist/vendor/regenerator-runtime.min.js
wp-includes/js/dist/vendor/wp-polyfill.min.js
[Wed, 03 Jul 2024 08:48:36 +0000] [/wp-content/cache/minify/4e0b7.css] [https://www.erminevo.it/] wp-content/plugins/ermispettacoli/public/css/ermispettacoli-public.css
[Wed, 03 Jul 2024 08:48:36 +0000] [/wp-content/cache/minify/15a18.css] [https://www.erminevo.it/] wp-content/themes/ErmiTheme/css/hamburgers.min.css
[Wed, 03 Jul 2024 08:48:37 +0000] [/wp-content/cache/minify/4c431.css] [https://www.erminevo.it/] wp-content/plugins/contact-form-7/includes/css/styles.css
[Wed, 03 Jul 2024 08:48:37 +0000] [/wp-content/cache/minify/3888a.css] [https://www.erminevo.it/] wp-content/plugins/cookie-law-info/legacy/public/css/cookie-law-info-public.css
[Wed, 03 Jul 2024 08:48:37 +0000] [/wp-content/cache/minify/d085d.css] [https://www.erminevo.it/] wp-content/plugins/wp-featherlight/css/wp-featherlight.min.css
[Wed, 03 Jul 2024 08:48:39 +0000] [/wp-content/cache/minify/fdef4.css] [https://www.erminevo.it/] wp-content/plugins/cookie-law-info/legacy/public/css/cookie-law-info-gdpr.css
[Wed, 03 Jul 2024 08:48:39 +0000] [/wp-content/cache/minify/69e6a.css] [https://www.erminevo.it/] wp-content/themes/ErmiTheme/lib/gutenberg/front-end.css
[Wed, 03 Jul 2024 08:48:39 +0000] [/wp-content/cache/minify/ffd7d.js] [https://www.erminevo.it/] wp-content/plugins/cookie-law-info/legacy/public/js/cookie-law-info-public.js
wp-content/plugins/ermispettacoli/public/js/ermispettacoli-public.js
[Wed, 03 Jul 2024 08:48:39 +0000] [/wp-content/cache/minify/b68ea.js] [https://www.erminevo.it/] wp-content/plugins/contact-form-7/includes/js/index.js
[Wed, 03 Jul 2024 08:48:39 +0000] [/wp-content/cache/minify/9ef10.js] [https://www.erminevo.it/] wp-content/plugins/page-scroll-to-id/js/page-scroll-to-id.min.js
wp-includes/js/hoverIntent.min.js
wp-content/themes/genesis/lib/js/menu/superfish.min.js
wp-content/themes/genesis/lib/js/menu/superfish.args.min.js
wp-content/themes/genesis/lib/js/skip-links.min.js
wp-content/themes/ErmiTheme/js/flickity.pkgd.min.js
[Wed, 03 Jul 2024 08:48:39 +0000] [/wp-content/cache/minify/a2afd.js] [https://www.erminevo.it/] wp-content/themes/genesis/lib/js/menu/responsive-menus.min.js
[Wed, 03 Jul 2024 08:48:39 +0000] [/wp-content/cache/minify/e8954.js] [https://www.erminevo.it/] wp-content/plugins/contact-form-7/modules/recaptcha/index.js
wp-content/plugins/wp-featherlight/js/wpFeatherlight.pkgd.min.js
[Wed, 03 Jul 2024 22:47:32 +0000] [/wp-content/cache/minify/f6500.css] [https://www.erminevo.it/unora-di-tranquillita/] wp-content/themes/ErmiTheme/style.css
[Thu, 04 Jul 2024 05:06:14 +0000] [/wp-content/cache/minify/1d685.css] [-] wp-content/themes/ErmiTheme/css/flickity.min.css
[Thu, 04 Jul 2024 05:06:15 +0000] [/wp-content/cache/minify/818c0.js] [-] wp-includes/js/jquery/jquery.min.js
wp-includes/js/jquery/jquery-migrate.min.js
[Thu, 04 Jul 2024 05:06:16 +0000] [/wp-content/cache/minify/a5ff7.css] [-] wp-includes/css/dist/block-library/style.min.css
[Thu, 04 Jul 2024 05:06:27 +0000] [/wp-content/cache/minify/1f540.js] [-] wp-content/plugins/contact-form-7/includes/swv/js/index.js
[Thu, 04 Jul 2024 05:06:27 +0000] [/wp-content/cache/minify/300ec.css] [-] wp-includes/css/dashicons.min.css
[Thu, 04 Jul 2024 05:06:28 +0000] [/wp-content/cache/minify/5839d.js] [-] wp-includes/js/dist/vendor/wp-polyfill-inert.min.js
wp-includes/js/dist/vendor/regenerator-runtime.min.js
wp-includes/js/dist/vendor/wp-polyfill.min.js
[Fri, 05 Jul 2024 01:55:40 +0000] [/wp-content/cache/minify/b68ea.js] [https://www.erminevo.it/unora-di-tranquillita/] wp-content/plugins/contact-form-7/includes/js/index.js
[Fri, 05 Jul 2024 01:55:41 +0000] [/wp-content/cache/minify/a2afd.js] [https://www.erminevo.it/unora-di-tranquillita/] wp-content/themes/genesis/lib/js/menu/responsive-menus.min.js
[Fri, 05 Jul 2024 01:55:43 +0000] [/wp-content/cache/minify/15a18.css] [https://www.erminevo.it/unora-di-tranquillita/] wp-content/themes/ErmiTheme/css/hamburgers.min.css
[Sat, 06 Jul 2024 04:42:56 +0000] [/wp-content/cache/minify/f6500.css] [https://www.erminevo.it/] wp-content/themes/ErmiTheme/style.css
[Sat, 06 Jul 2024 04:42:57 +0000] [/wp-content/cache/minify/a5ff7.css] [https://www.erminevo.it/] wp-includes/css/dist/block-library/style.min.css
[Sat, 06 Jul 2024 04:42:57 +0000] [/wp-content/cache/minify/fdef4.css] [https://www.erminevo.it/] wp-content/plugins/cookie-law-info/legacy/public/css/cookie-law-info-gdpr.css
[Sat, 06 Jul 2024 04:42:58 +0000] [/wp-content/cache/minify/4e0b7.css] [https://www.erminevo.it/] wp-content/plugins/ermispettacoli/public/css/ermispettacoli-public.css
[Sat, 06 Jul 2024 04:42:58 +0000] [/wp-content/cache/minify/4c431.css] [https://www.erminevo.it/] wp-content/plugins/contact-form-7/includes/css/styles.css
[Sat, 06 Jul 2024 04:42:59 +0000] [/wp-content/cache/minify/3888a.css] [https://www.erminevo.it/] wp-content/plugins/cookie-law-info/legacy/public/css/cookie-law-info-public.css
[Sat, 06 Jul 2024 04:42:59 +0000] [/wp-content/cache/minify/1d685.css] [https://www.erminevo.it/] wp-content/themes/ErmiTheme/css/flickity.min.css
[Sat, 06 Jul 2024 04:43:00 +0000] [/wp-content/cache/minify/300ec.css] [https://www.erminevo.it/] wp-includes/css/dashicons.min.css
[Sat, 06 Jul 2024 04:43:00 +0000] [/wp-content/cache/minify/69e6a.css] [https://www.erminevo.it/] wp-content/themes/ErmiTheme/lib/gutenberg/front-end.css
[Sat, 06 Jul 2024 04:43:01 +0000] [/wp-content/cache/minify/d085d.css] [https://www.erminevo.it/] wp-content/plugins/wp-featherlight/css/wp-featherlight.min.css
[Sat, 06 Jul 2024 04:43:01 +0000] [/wp-content/cache/minify/818c0.js] [https://www.erminevo.it/] wp-includes/js/jquery/jquery.min.js
wp-includes/js/jquery/jquery-migrate.min.js
[Sat, 06 Jul 2024 04:43:02 +0000] [/wp-content/cache/minify/ffd7d.js] [https://www.erminevo.it/] wp-content/plugins/cookie-law-info/legacy/public/js/cookie-law-info-public.js
wp-content/plugins/ermispettacoli/public/js/ermispettacoli-public.js
[Sat, 06 Jul 2024 04:43:02 +0000] [/wp-content/cache/minify/1f540.js] [https://www.erminevo.it/] wp-content/plugins/contact-form-7/includes/swv/js/index.js
[Sat, 06 Jul 2024 04:43:03 +0000] [/wp-content/cache/minify/9ef10.js] [https://www.erminevo.it/] wp-content/plugins/page-scroll-to-id/js/page-scroll-to-id.min.js
wp-includes/js/hoverIntent.min.js
wp-content/themes/genesis/lib/js/menu/superfish.min.js
wp-content/themes/genesis/lib/js/menu/superfish.args.min.js
wp-content/themes/genesis/lib/js/skip-links.min.js
wp-content/themes/ErmiTheme/js/flickity.pkgd.min.js
[Sat, 06 Jul 2024 04:43:04 +0000] [/wp-content/cache/minify/5839d.js] [https://www.erminevo.it/] wp-includes/js/dist/vendor/wp-polyfill-inert.min.js
wp-includes/js/dist/vendor/regenerator-runtime.min.js
wp-includes/js/dist/vendor/wp-polyfill.min.js
[Sat, 06 Jul 2024 04:43:12 +0000] [/wp-content/cache/minify/e8954.js] [https://www.erminevo.it/] wp-content/plugins/contact-form-7/modules/recaptcha/index.js
wp-content/plugins/wp-featherlight/js/wpFeatherlight.pkgd.min.js
[Sun, 07 Jul 2024 14:10:59 +0000] [/wp-content/cache/minify/15a18.css] [https://www.erminevo.it/erminevo-in-concorso/] wp-content/themes/ErmiTheme/css/hamburgers.min.css
[Sun, 07 Jul 2024 14:11:00 +0000] [/wp-content/cache/minify/b68ea.js] [https://www.erminevo.it/erminevo-in-concorso/] wp-content/plugins/contact-form-7/includes/js/index.js
[Sun, 07 Jul 2024 19:42:01 +0000] [/wp-content/cache/minify/a2afd.js] [-] wp-content/themes/genesis/lib/js/menu/responsive-menus.min.js
[Sun, 07 Jul 2024 20:40:00 +0000] [/wp-content/cache/minify/f6500.css] [https://www.erminevo.it/] wp-content/themes/ErmiTheme/style.css
[Sun, 07 Jul 2024 20:40:00 +0000] [/wp-content/cache/minify/4c431.css] [https://www.erminevo.it/] wp-content/plugins/contact-form-7/includes/css/styles.css
[Sun, 07 Jul 2024 20:40:01 +0000] [/wp-content/cache/minify/3888a.css] [https://www.erminevo.it/] wp-content/plugins/cookie-law-info/legacy/public/css/cookie-law-info-public.css
[Sun, 07 Jul 2024 20:40:01 +0000] [/wp-content/cache/minify/a5ff7.css] [https://www.erminevo.it/] wp-includes/css/dist/block-library/style.min.css
[Sun, 07 Jul 2024 20:40:03 +0000] [/wp-content/cache/minify/d085d.css] [https://www.erminevo.it/] wp-content/plugins/wp-featherlight/css/wp-featherlight.min.css
[Sun, 07 Jul 2024 20:40:03 +0000] [/wp-content/cache/minify/818c0.js] [https://www.erminevo.it/] wp-includes/js/jquery/jquery.min.js
wp-includes/js/jquery/jquery-migrate.min.js
[Sun, 07 Jul 2024 20:40:04 +0000] [/wp-content/cache/minify/4e0b7.css] [https://www.erminevo.it/] wp-content/plugins/ermispettacoli/public/css/ermispettacoli-public.css
[Sun, 07 Jul 2024 20:40:04 +0000] [/wp-content/cache/minify/fdef4.css] [https://www.erminevo.it/] wp-content/plugins/cookie-law-info/legacy/public/css/cookie-law-info-gdpr.css
[Sun, 07 Jul 2024 20:40:05 +0000] [/wp-content/cache/minify/69e6a.css] [https://www.erminevo.it/] wp-content/themes/ErmiTheme/lib/gutenberg/front-end.css
[Sun, 07 Jul 2024 20:40:05 +0000] [/wp-content/cache/minify/300ec.css] [https://www.erminevo.it/] wp-includes/css/dashicons.min.css
[Sun, 07 Jul 2024 20:40:05 +0000] [/wp-content/cache/minify/1d685.css] [https://www.erminevo.it/] wp-content/themes/ErmiTheme/css/flickity.min.css
[Sun, 07 Jul 2024 20:40:05 +0000] [/wp-content/cache/minify/ffd7d.js] [https://www.erminevo.it/] wp-content/plugins/cookie-law-info/legacy/public/js/cookie-law-info-public.js
wp-content/plugins/ermispettacoli/public/js/ermispettacoli-public.js
[Sun, 07 Jul 2024 20:40:05 +0000] [/wp-content/cache/minify/1f540.js] [https://www.erminevo.it/] wp-content/plugins/contact-form-7/includes/swv/js/index.js
[Sun, 07 Jul 2024 20:40:05 +0000] [/wp-content/cache/minify/9ef10.js] [https://www.erminevo.it/] wp-content/plugins/page-scroll-to-id/js/page-scroll-to-id.min.js
wp-includes/js/hoverIntent.min.js
wp-content/themes/genesis/lib/js/menu/superfish.min.js
wp-content/themes/genesis/lib/js/menu/superfish.args.min.js
wp-content/themes/genesis/lib/js/skip-links.min.js
wp-content/themes/ErmiTheme/js/flickity.pkgd.min.js
[Sun, 07 Jul 2024 20:40:05 +0000] [/wp-content/cache/minify/e8954.js] [https://www.erminevo.it/] wp-content/plugins/contact-form-7/modules/recaptcha/index.js
wp-content/plugins/wp-featherlight/js/wpFeatherlight.pkgd.min.js
[Sun, 07 Jul 2024 20:40:05 +0000] [/wp-content/cache/minify/5839d.js] [https://www.erminevo.it/] wp-includes/js/dist/vendor/wp-polyfill-inert.min.js
wp-includes/js/dist/vendor/regenerator-runtime.min.js
wp-includes/js/dist/vendor/wp-polyfill.min.js
[Wed, 10 Jul 2024 16:02:23 +0000] [/wp-content/cache/minify/15a18.css] [https://www.erminevo.it/] wp-content/themes/ErmiTheme/css/hamburgers.min.css
[Wed, 10 Jul 2024 16:02:25 +0000] [/wp-content/cache/minify/e8954.js] [https://www.erminevo.it/] wp-content/plugins/contact-form-7/modules/recaptcha/index.js
wp-content/plugins/wp-featherlight/js/wpFeatherlight.pkgd.min.js
[Wed, 10 Jul 2024 16:02:26 +0000] [/wp-content/cache/minify/d085d.css] [https://www.erminevo.it/] wp-content/plugins/wp-featherlight/css/wp-featherlight.min.css
[Thu, 11 Jul 2024 23:50:01 +0000] [/wp-content/cache/minify/f6500.css] [https://www.erminevo.it/dreamusical/] wp-content/themes/ErmiTheme/style.css
[Thu, 11 Jul 2024 23:50:01 +0000] [/wp-content/cache/minify/a5ff7.css] [https://www.erminevo.it/dreamusical/] wp-includes/css/dist/block-library/style.min.css
[Thu, 11 Jul 2024 23:50:02 +0000] [/wp-content/cache/minify/fdef4.css] [https://www.erminevo.it/dreamusical/] wp-content/plugins/cookie-law-info/legacy/public/css/cookie-law-info-gdpr.css
[Thu, 11 Jul 2024 23:50:02 +0000] [/wp-content/cache/minify/3888a.css] [https://www.erminevo.it/dreamusical/] wp-content/plugins/cookie-law-info/legacy/public/css/cookie-law-info-public.css
[Thu, 11 Jul 2024 23:50:03 +0000] [/wp-content/cache/minify/4c431.css] [https://www.erminevo.it/dreamusical/] wp-content/plugins/contact-form-7/includes/css/styles.css
[Thu, 11 Jul 2024 23:50:03 +0000] [/wp-content/cache/minify/1d685.css] [https://www.erminevo.it/dreamusical/] wp-content/themes/ErmiTheme/css/flickity.min.css
[Thu, 11 Jul 2024 23:50:03 +0000] [/wp-content/cache/minify/4e0b7.css] [https://www.erminevo.it/dreamusical/] wp-content/plugins/ermispettacoli/public/css/ermispettacoli-public.css
[Thu, 11 Jul 2024 23:50:04 +0000] [/wp-content/cache/minify/15a18.css] [https://www.erminevo.it/dreamusical/] wp-content/themes/ErmiTheme/css/hamburgers.min.css
[Thu, 11 Jul 2024 23:50:04 +0000] [/wp-content/cache/minify/300ec.css] [https://www.erminevo.it/dreamusical/] wp-includes/css/dashicons.min.css
[Thu, 11 Jul 2024 23:50:04 +0000] [/wp-content/cache/minify/69e6a.css] [https://www.erminevo.it/dreamusical/] wp-content/themes/ErmiTheme/lib/gutenberg/front-end.css
[Thu, 11 Jul 2024 23:50:05 +0000] [/wp-content/cache/minify/d085d.css] [https://www.erminevo.it/dreamusical/] wp-content/plugins/wp-featherlight/css/wp-featherlight.min.css
[Thu, 11 Jul 2024 23:50:05 +0000] [/wp-content/cache/minify/818c0.js] [https://www.erminevo.it/dreamusical/] wp-includes/js/jquery/jquery.min.js
wp-includes/js/jquery/jquery-migrate.min.js
[Thu, 11 Jul 2024 23:50:06 +0000] [/wp-content/cache/minify/ffd7d.js] [https://www.erminevo.it/dreamusical/] wp-content/plugins/cookie-law-info/legacy/public/js/cookie-law-info-public.js
wp-content/plugins/ermispettacoli/public/js/ermispettacoli-public.js
[Thu, 11 Jul 2024 23:50:06 +0000] [/wp-content/cache/minify/1f540.js] [https://www.erminevo.it/dreamusical/] wp-content/plugins/contact-form-7/includes/swv/js/index.js
[Thu, 11 Jul 2024 23:50:07 +0000] [/wp-content/cache/minify/b68ea.js] [https://www.erminevo.it/dreamusical/] wp-content/plugins/contact-form-7/includes/js/index.js
[Thu, 11 Jul 2024 23:50:07 +0000] [/wp-content/cache/minify/9ef10.js] [https://www.erminevo.it/dreamusical/] wp-content/plugins/page-scroll-to-id/js/page-scroll-to-id.min.js
wp-includes/js/hoverIntent.min.js
wp-content/themes/genesis/lib/js/menu/superfish.min.js
wp-content/themes/genesis/lib/js/menu/superfish.args.min.js
wp-content/themes/genesis/lib/js/skip-links.min.js
wp-content/themes/ErmiTheme/js/flickity.pkgd.min.js
[Thu, 11 Jul 2024 23:50:08 +0000] [/wp-content/cache/minify/a2afd.js] [https://www.erminevo.it/dreamusical/] wp-content/themes/genesis/lib/js/menu/responsive-menus.min.js
[Thu, 11 Jul 2024 23:50:08 +0000] [/wp-content/cache/minify/5839d.js] [https://www.erminevo.it/dreamusical/] wp-includes/js/dist/vendor/wp-polyfill-inert.min.js
wp-includes/js/dist/vendor/regenerator-runtime.min.js
wp-includes/js/dist/vendor/wp-polyfill.min.js
[Thu, 11 Jul 2024 23:50:09 +0000] [/wp-content/cache/minify/e8954.js] [https://www.erminevo.it/dreamusical/] wp-content/plugins/contact-form-7/modules/recaptcha/index.js
wp-content/plugins/wp-featherlight/js/wpFeatherlight.pkgd.min.js
[Sun, 14 Jul 2024 06:09:28 +0000] [/wp-content/cache/minify/15a18.css] [-] wp-content/themes/ErmiTheme/css/hamburgers.min.css
[Sun, 14 Jul 2024 06:09:29 +0000] [/wp-content/cache/minify/1d685.css] [-] wp-content/themes/ErmiTheme/css/flickity.min.css
[Sun, 14 Jul 2024 06:09:29 +0000] [/wp-content/cache/minify/4e0b7.css] [-] wp-content/plugins/ermispettacoli/public/css/ermispettacoli-public.css
[Sun, 14 Jul 2024 06:09:30 +0000] [/wp-content/cache/minify/818c0.js] [-] wp-includes/js/jquery/jquery.min.js
wp-includes/js/jquery/jquery-migrate.min.js
[Sun, 14 Jul 2024 06:09:31 +0000] [/wp-content/cache/minify/a5ff7.css] [-] wp-includes/css/dist/block-library/style.min.css
[Sun, 14 Jul 2024 06:09:31 +0000] [/wp-content/cache/minify/f6500.css] [-] wp-content/themes/ErmiTheme/style.css
[Sun, 14 Jul 2024 06:09:31 +0000] [/wp-content/cache/minify/fdef4.css] [-] wp-content/plugins/cookie-law-info/legacy/public/css/cookie-law-info-gdpr.css
[Sun, 14 Jul 2024 06:25:58 +0000] [/wp-content/cache/minify/3888a.css] [-] wp-content/plugins/cookie-law-info/legacy/public/css/cookie-law-info-public.css
[Sun, 14 Jul 2024 06:25:58 +0000] [/wp-content/cache/minify/4c431.css] [-] wp-content/plugins/contact-form-7/includes/css/styles.css
[Sun, 14 Jul 2024 06:25:59 +0000] [/wp-content/cache/minify/69e6a.css] [-] wp-content/themes/ErmiTheme/lib/gutenberg/front-end.css
[Sun, 14 Jul 2024 06:25:59 +0000] [/wp-content/cache/minify/300ec.css] [-] wp-includes/css/dashicons.min.css
[Sun, 14 Jul 2024 06:25:59 +0000] [/wp-content/cache/minify/d085d.css] [-] wp-content/plugins/wp-featherlight/css/wp-featherlight.min.css
[Sun, 14 Jul 2024 06:26:00 +0000] [/wp-content/cache/minify/ffd7d.js] [-] wp-content/plugins/cookie-law-info/legacy/public/js/cookie-law-info-public.js
wp-content/plugins/ermispettacoli/public/js/ermispettacoli-public.js
[Sun, 14 Jul 2024 06:26:01 +0000] [/wp-content/cache/minify/1f540.js] [-] wp-content/plugins/contact-form-7/includes/swv/js/index.js
[Sun, 14 Jul 2024 06:26:01 +0000] [/wp-content/cache/minify/a2afd.js] [-] wp-content/themes/genesis/lib/js/menu/responsive-menus.min.js
[Sun, 14 Jul 2024 06:26:01 +0000] [/wp-content/cache/minify/b68ea.js] [-] wp-content/plugins/contact-form-7/includes/js/index.js
[Sun, 14 Jul 2024 06:26:01 +0000] [/wp-content/cache/minify/9ef10.js] [-] wp-content/plugins/page-scroll-to-id/js/page-scroll-to-id.min.js
wp-includes/js/hoverIntent.min.js
wp-content/themes/genesis/lib/js/menu/superfish.min.js
wp-content/themes/genesis/lib/js/menu/superfish.args.min.js
wp-content/themes/genesis/lib/js/skip-links.min.js
wp-content/themes/ErmiTheme/js/flickity.pkgd.min.js
[Sun, 14 Jul 2024 06:26:02 +0000] [/wp-content/cache/minify/5839d.js] [-] wp-includes/js/dist/vendor/wp-polyfill-inert.min.js
wp-includes/js/dist/vendor/regenerator-runtime.min.js
wp-includes/js/dist/vendor/wp-polyfill.min.js
[Sun, 14 Jul 2024 06:26:02 +0000] [/wp-content/cache/minify/e8954.js] [-] wp-content/plugins/contact-form-7/modules/recaptcha/index.js
wp-content/plugins/wp-featherlight/js/wpFeatherlight.pkgd.min.js
[Sun, 14 Jul 2024 18:40:04 +0000] [/wp-content/cache/minify/1f540.js] [https://www.erminevo.it/] wp-content/plugins/contact-form-7/includes/swv/js/index.js
[Sun, 14 Jul 2024 18:40:05 +0000] [/wp-content/cache/minify/3888a.css] [https://www.erminevo.it/] wp-content/plugins/cookie-law-info/legacy/public/css/cookie-law-info-public.css
[Sun, 14 Jul 2024 18:40:06 +0000] [/wp-content/cache/minify/300ec.css] [https://www.erminevo.it/] wp-includes/css/dashicons.min.css
[Sun, 14 Jul 2024 18:40:06 +0000] [/wp-content/cache/minify/d085d.css] [https://www.erminevo.it/] wp-content/plugins/wp-featherlight/css/wp-featherlight.min.css
[Sun, 14 Jul 2024 18:40:07 +0000] [/wp-content/cache/minify/9ef10.js] [https://www.erminevo.it/] wp-content/plugins/page-scroll-to-id/js/page-scroll-to-id.min.js
wp-includes/js/hoverIntent.min.js
wp-content/themes/genesis/lib/js/menu/superfish.min.js
wp-content/themes/genesis/lib/js/menu/superfish.args.min.js
wp-content/themes/genesis/lib/js/skip-links.min.js
wp-content/themes/ErmiTheme/js/flickity.pkgd.min.js
[Wed, 17 Jul 2024 00:33:38 +0000] [/wp-content/cache/minify/3888a.css] [-] wp-content/plugins/cookie-law-info/legacy/public/css/cookie-law-info-public.css
[Wed, 17 Jul 2024 00:33:39 +0000] [/wp-content/cache/minify/1f540.js] [-] wp-content/plugins/contact-form-7/includes/swv/js/index.js
[Wed, 17 Jul 2024 00:33:40 +0000] [/wp-content/cache/minify/300ec.css] [-] wp-includes/css/dashicons.min.css
[Wed, 17 Jul 2024 00:33:40 +0000] [/wp-content/cache/minify/4c431.css] [-] wp-content/plugins/contact-form-7/includes/css/styles.css
[Wed, 17 Jul 2024 00:33:40 +0000] [/wp-content/cache/minify/5839d.js] [-] wp-includes/js/dist/vendor/wp-polyfill-inert.min.js
wp-includes/js/dist/vendor/regenerator-runtime.min.js
wp-includes/js/dist/vendor/wp-polyfill.min.js
[Wed, 17 Jul 2024 00:33:41 +0000] [/wp-content/cache/minify/69e6a.css] [-] wp-content/themes/ErmiTheme/lib/gutenberg/front-end.css
[Wed, 17 Jul 2024 00:33:41 +0000] [/wp-content/cache/minify/9ef10.js] [-] wp-content/plugins/page-scroll-to-id/js/page-scroll-to-id.min.js
wp-includes/js/hoverIntent.min.js
wp-content/themes/genesis/lib/js/menu/superfish.min.js
wp-content/themes/genesis/lib/js/menu/superfish.args.min.js
wp-content/themes/genesis/lib/js/skip-links.min.js
wp-content/themes/ErmiTheme/js/flickity.pkgd.min.js
[Wed, 17 Jul 2024 00:33:41 +0000] [/wp-content/cache/minify/a2afd.js] [-] wp-content/themes/genesis/lib/js/menu/responsive-menus.min.js
[Wed, 17 Jul 2024 00:33:42 +0000] [/wp-content/cache/minify/b68ea.js] [-] wp-content/plugins/contact-form-7/includes/js/index.js
[Wed, 17 Jul 2024 00:33:42 +0000] [/wp-content/cache/minify/e8954.js] [-] wp-content/plugins/contact-form-7/modules/recaptcha/index.js
wp-content/plugins/wp-featherlight/js/wpFeatherlight.pkgd.min.js
[Wed, 17 Jul 2024 00:33:43 +0000] [/wp-content/cache/minify/ffd7d.js] [-] wp-content/plugins/cookie-law-info/legacy/public/js/cookie-law-info-public.js
wp-content/plugins/ermispettacoli/public/js/ermispettacoli-public.js
[Wed, 17 Jul 2024 00:33:48 +0000] [/wp-content/cache/minify/d085d.css] [-] wp-content/plugins/wp-featherlight/css/wp-featherlight.min.css
[Wed, 17 Jul 2024 00:50:23 +0000] [/wp-content/cache/minify/a5ff7.css] [https://www.erminevo.it/spettacolo-2022/] wp-includes/css/dist/block-library/style.min.css
[Wed, 17 Jul 2024 00:50:23 +0000] [/wp-content/cache/minify/818c0.js] [https://www.erminevo.it/spettacolo-2022/] wp-includes/js/jquery/jquery.min.js
wp-includes/js/jquery/jquery-migrate.min.js
[Wed, 17 Jul 2024 00:50:23 +0000] [/wp-content/cache/minify/f6500.css] [https://www.erminevo.it/spettacolo-2022/] wp-content/themes/ErmiTheme/style.css
[Wed, 17 Jul 2024 00:50:23 +0000] [/wp-content/cache/minify/15a18.css] [https://www.erminevo.it/spettacolo-2022/] wp-content/themes/ErmiTheme/css/hamburgers.min.css
[Wed, 17 Jul 2024 00:50:23 +0000] [/wp-content/cache/minify/4e0b7.css] [https://www.erminevo.it/spettacolo-2022/] wp-content/plugins/ermispettacoli/public/css/ermispettacoli-public.css
[Wed, 17 Jul 2024 00:50:23 +0000] [/wp-content/cache/minify/fdef4.css] [https://www.erminevo.it/spettacolo-2022/] wp-content/plugins/cookie-law-info/legacy/public/css/cookie-law-info-gdpr.css
[Wed, 17 Jul 2024 00:50:23 +0000] [/wp-content/cache/minify/1d685.css] [https://www.erminevo.it/spettacolo-2022/] wp-content/themes/ErmiTheme/css/flickity.min.css
[Thu, 18 Jul 2024 21:07:06 +0000] [/wp-content/cache/minify/a5ff7.css] [https://www.erminevo.it/] wp-includes/css/dist/block-library/style.min.css
[Thu, 18 Jul 2024 21:07:06 +0000] [/wp-content/cache/minify/300ec.css] [https://www.erminevo.it/] wp-includes/css/dashicons.min.css
[Thu, 18 Jul 2024 21:07:07 +0000] [/wp-content/cache/minify/818c0.js] [https://www.erminevo.it/] wp-includes/js/jquery/jquery.min.js
wp-includes/js/jquery/jquery-migrate.min.js
[Thu, 18 Jul 2024 21:07:07 +0000] [/wp-content/cache/minify/f6500.css] [https://www.erminevo.it/] wp-content/themes/ErmiTheme/style.css
[Thu, 18 Jul 2024 21:07:08 +0000] [/wp-content/cache/minify/dd690.js] [https://www.erminevo.it/] wp-includes/js/dist/vendor/wp-polyfill-inert.min.js
wp-includes/js/dist/vendor/regenerator-runtime.min.js
wp-includes/js/dist/vendor/wp-polyfill.min.js
wp-includes/js/dist/hooks.min.js
wp-includes/js/dist/i18n.min.js
[Thu, 18 Jul 2024 21:07:08 +0000] [/wp-content/cache/minify/ffd7d.js] [https://www.erminevo.it/] wp-content/plugins/cookie-law-info/legacy/public/js/cookie-law-info-public.js
wp-content/plugins/ermispettacoli/public/js/ermispettacoli-public.js
[Thu, 18 Jul 2024 21:07:08 +0000] [/wp-content/cache/minify/e8954.js] [https://www.erminevo.it/] wp-content/plugins/contact-form-7/modules/recaptcha/index.js
wp-content/plugins/wp-featherlight/js/wpFeatherlight.pkgd.min.js
[Thu, 18 Jul 2024 21:07:09 +0000] [/wp-content/cache/minify/9ef10.js] [https://www.erminevo.it/] wp-content/plugins/page-scroll-to-id/js/page-scroll-to-id.min.js
wp-includes/js/hoverIntent.min.js
wp-content/themes/genesis/lib/js/menu/superfish.min.js
wp-content/themes/genesis/lib/js/menu/superfish.args.min.js
wp-content/themes/genesis/lib/js/skip-links.min.js
wp-content/themes/ErmiTheme/js/flickity.pkgd.min.js
[Sat, 20 Jul 2024 10:25:27 +0000] [/wp-content/cache/minify/1d685.css] [-] wp-content/themes/ErmiTheme/css/flickity.min.css
[Sat, 20 Jul 2024 10:25:28 +0000] [/wp-content/cache/minify/4e0b7.css] [-] wp-content/plugins/ermispettacoli/public/css/ermispettacoli-public.css
[Sat, 20 Jul 2024 10:25:28 +0000] [/wp-content/cache/minify/15a18.css] [-] wp-content/themes/ErmiTheme/css/hamburgers.min.css
[Sat, 20 Jul 2024 10:25:32 +0000] [/wp-content/cache/minify/fdef4.css] [-] wp-content/plugins/cookie-law-info/legacy/public/css/cookie-law-info-gdpr.css
[Sat, 20 Jul 2024 10:25:33 +0000] [/wp-content/cache/minify/1f540.js] [-] wp-content/plugins/contact-form-7/includes/swv/js/index.js
[Sat, 20 Jul 2024 10:25:34 +0000] [/wp-content/cache/minify/4c431.css] [-] wp-content/plugins/contact-form-7/includes/css/styles.css
[Sat, 20 Jul 2024 10:25:34 +0000] [/wp-content/cache/minify/69e6a.css] [-] wp-content/themes/ErmiTheme/lib/gutenberg/front-end.css
[Sat, 20 Jul 2024 10:25:35 +0000] [/wp-content/cache/minify/a2afd.js] [-] wp-content/themes/genesis/lib/js/menu/responsive-menus.min.js
[Sat, 20 Jul 2024 10:25:35 +0000] [/wp-content/cache/minify/b68ea.js] [-] wp-content/plugins/contact-form-7/includes/js/index.js
[Sat, 20 Jul 2024 10:25:43 +0000] [/wp-content/cache/minify/3888a.css] [-] wp-content/plugins/cookie-law-info/legacy/public/css/cookie-law-info-public.css
[Sat, 20 Jul 2024 10:25:44 +0000] [/wp-content/cache/minify/d085d.css] [-] wp-content/plugins/wp-featherlight/css/wp-featherlight.min.css
[Sat, 20 Jul 2024 17:10:34 +0000] [/wp-content/cache/minify/818c0.js] [https://www.erminevo.it/limportanza-di-chiamarsi-ernest/] wp-includes/js/jquery/jquery.min.js
wp-includes/js/jquery/jquery-migrate.min.js
[Sat, 20 Jul 2024 17:10:41 +0000] [/wp-content/cache/minify/300ec.css] [https://www.erminevo.it/limportanza-di-chiamarsi-ernest/] wp-includes/css/dashicons.min.css
[Sat, 20 Jul 2024 17:10:43 +0000] [/wp-content/cache/minify/a5ff7.css] [https://www.erminevo.it/limportanza-di-chiamarsi-ernest/] wp-includes/css/dist/block-library/style.min.css
[Sun, 21 Jul 2024 00:45:29 +0000] [/wp-content/cache/minify/f6500.css] [https://www.erminevo.it/limportanza-di-chiamarsi-ernest/] wp-content/themes/ErmiTheme/style.css
[Sun, 21 Jul 2024 00:45:30 +0000] [/wp-content/cache/minify/dd690.js] [https://www.erminevo.it/limportanza-di-chiamarsi-ernest/] wp-includes/js/dist/vendor/wp-polyfill-inert.min.js
wp-includes/js/dist/vendor/regenerator-runtime.min.js
wp-includes/js/dist/vendor/wp-polyfill.min.js
wp-includes/js/dist/hooks.min.js
wp-includes/js/dist/i18n.min.js
[Sun, 21 Jul 2024 00:45:31 +0000] [/wp-content/cache/minify/ffd7d.js] [https://www.erminevo.it/limportanza-di-chiamarsi-ernest/] wp-content/plugins/cookie-law-info/legacy/public/js/cookie-law-info-public.js
wp-content/plugins/ermispettacoli/public/js/ermispettacoli-public.js
[Sun, 21 Jul 2024 00:45:32 +0000] [/wp-content/cache/minify/9ef10.js] [https://www.erminevo.it/limportanza-di-chiamarsi-ernest/] wp-content/plugins/page-scroll-to-id/js/page-scroll-to-id.min.js
wp-includes/js/hoverIntent.min.js
wp-content/themes/genesis/lib/js/menu/superfish.min.js
wp-content/themes/genesis/lib/js/menu/superfish.args.min.js
wp-content/themes/genesis/lib/js/skip-links.min.js
wp-content/themes/ErmiTheme/js/flickity.pkgd.min.js
[Sun, 21 Jul 2024 00:45:33 +0000] [/wp-content/cache/minify/e8954.js] [https://www.erminevo.it/limportanza-di-chiamarsi-ernest/] wp-content/plugins/contact-form-7/modules/recaptcha/index.js
wp-content/plugins/wp-featherlight/js/wpFeatherlight.pkgd.min.js
[Mon, 22 Jul 2024 06:08:55 +0000] [/wp-content/cache/minify/3888a.css] [-] wp-content/plugins/cookie-law-info/legacy/public/css/cookie-law-info-public.css
[Mon, 22 Jul 2024 06:08:55 +0000] [/wp-content/cache/minify/d085d.css] [-] wp-content/plugins/wp-featherlight/css/wp-featherlight.min.css
[Mon, 22 Jul 2024 06:09:00 +0000] [/wp-content/cache/minify/1f540.js] [-] wp-content/plugins/contact-form-7/includes/swv/js/index.js
[Mon, 22 Jul 2024 06:09:00 +0000] [/wp-content/cache/minify/300ec.css] [-] wp-includes/css/dashicons.min.css
[Mon, 22 Jul 2024 06:09:00 +0000] [/wp-content/cache/minify/4c431.css] [-] wp-content/plugins/contact-form-7/includes/css/styles.css
[Mon, 22 Jul 2024 06:09:01 +0000] [/wp-content/cache/minify/69e6a.css] [-] wp-content/themes/ErmiTheme/lib/gutenberg/front-end.css
[Mon, 22 Jul 2024 06:09:01 +0000] [/wp-content/cache/minify/a2afd.js] [-] wp-content/themes/genesis/lib/js/menu/responsive-menus.min.js
[Mon, 22 Jul 2024 06:09:02 +0000] [/wp-content/cache/minify/b68ea.js] [-] wp-content/plugins/contact-form-7/includes/js/index.js
[Mon, 22 Jul 2024 06:09:13 +0000] [/wp-content/cache/minify/15a18.css] [-] wp-content/themes/ErmiTheme/css/hamburgers.min.css
[Mon, 22 Jul 2024 06:09:13 +0000] [/wp-content/cache/minify/1d685.css] [-] wp-content/themes/ErmiTheme/css/flickity.min.css
[Mon, 22 Jul 2024 06:09:14 +0000] [/wp-content/cache/minify/4e0b7.css] [-] wp-content/plugins/ermispettacoli/public/css/ermispettacoli-public.css
[Mon, 22 Jul 2024 06:09:14 +0000] [/wp-content/cache/minify/818c0.js] [-] wp-includes/js/jquery/jquery.min.js
wp-includes/js/jquery/jquery-migrate.min.js
[Mon, 22 Jul 2024 06:09:15 +0000] [/wp-content/cache/minify/a5ff7.css] [-] wp-includes/css/dist/block-library/style.min.css
[Mon, 22 Jul 2024 06:09:15 +0000] [/wp-content/cache/minify/fdef4.css] [-] wp-content/plugins/cookie-law-info/legacy/public/css/cookie-law-info-gdpr.css
[Tue, 23 Jul 2024 03:53:42 +0000] [/wp-content/cache/minify/e8954.js] [-] wp-content/plugins/contact-form-7/modules/recaptcha/index.js
wp-content/plugins/wp-featherlight/js/wpFeatherlight.pkgd.min.js
[Tue, 23 Jul 2024 04:19:56 +0000] [/wp-content/cache/minify/f6500.css] [-] wp-content/themes/ErmiTheme/style.css
[Tue, 23 Jul 2024 06:27:54 +0000] [/wp-content/cache/minify/ffd7d.js] [-] wp-content/plugins/cookie-law-info/legacy/public/js/cookie-law-info-public.js
wp-content/plugins/ermispettacoli/public/js/ermispettacoli-public.js
[Tue, 23 Jul 2024 10:54:06 +0000] [/wp-content/cache/minify/9ef10.js] [-] wp-content/plugins/page-scroll-to-id/js/page-scroll-to-id.min.js
wp-includes/js/hoverIntent.min.js
wp-content/themes/genesis/lib/js/menu/superfish.min.js
wp-content/themes/genesis/lib/js/menu/superfish.args.min.js
wp-content/themes/genesis/lib/js/skip-links.min.js
wp-content/themes/ErmiTheme/js/flickity.pkgd.min.js
[Tue, 23 Jul 2024 19:52:29 +0000] [/wp-content/cache/minify/b68ea.js] [-] wp-content/plugins/contact-form-7/includes/js/index.js
[Tue, 23 Jul 2024 22:52:47 +0000] [/wp-content/cache/minify/4c431.css] [https://www.erminevo.it/] wp-content/plugins/contact-form-7/includes/css/styles.css
[Tue, 23 Jul 2024 22:52:47 +0000] [/wp-content/cache/minify/818c0.js] [https://www.erminevo.it/] wp-includes/js/jquery/jquery.min.js
wp-includes/js/jquery/jquery-migrate.min.js
[Tue, 23 Jul 2024 22:52:48 +0000] [/wp-content/cache/minify/a5ff7.css] [https://www.erminevo.it/] wp-includes/css/dist/block-library/style.min.css
[Tue, 23 Jul 2024 22:52:50 +0000] [/wp-content/cache/minify/ffd7d.js] [https://www.erminevo.it/] wp-content/plugins/cookie-law-info/legacy/public/js/cookie-law-info-public.js
wp-content/plugins/ermispettacoli/public/js/ermispettacoli-public.js
[Tue, 23 Jul 2024 22:52:51 +0000] [/wp-content/cache/minify/69e6a.css] [https://www.erminevo.it/] wp-content/themes/ErmiTheme/lib/gutenberg/front-end.css
[Tue, 23 Jul 2024 22:52:52 +0000] [/wp-content/cache/minify/d085d.css] [https://www.erminevo.it/] wp-content/plugins/wp-featherlight/css/wp-featherlight.min.css
[Tue, 23 Jul 2024 22:52:52 +0000] [/wp-content/cache/minify/f6500.css] [https://www.erminevo.it/] wp-content/themes/ErmiTheme/style.css
[Tue, 23 Jul 2024 22:52:52 +0000] [/wp-content/cache/minify/3888a.css] [https://www.erminevo.it/] wp-content/plugins/cookie-law-info/legacy/public/css/cookie-law-info-public.css
[Tue, 23 Jul 2024 22:52:52 +0000] [/wp-content/cache/minify/fdef4.css] [https://www.erminevo.it/] wp-content/plugins/cookie-law-info/legacy/public/css/cookie-law-info-gdpr.css
[Tue, 23 Jul 2024 22:52:52 +0000] [/wp-content/cache/minify/300ec.css] [https://www.erminevo.it/] wp-includes/css/dashicons.min.css
[Tue, 23 Jul 2024 22:52:53 +0000] [/wp-content/cache/minify/15a18.css] [https://www.erminevo.it/] wp-content/themes/ErmiTheme/css/hamburgers.min.css
[Tue, 23 Jul 2024 22:52:53 +0000] [/wp-content/cache/minify/4e0b7.css] [https://www.erminevo.it/] wp-content/plugins/ermispettacoli/public/css/ermispettacoli-public.css
[Tue, 23 Jul 2024 22:52:53 +0000] [/wp-content/cache/minify/1d685.css] [https://www.erminevo.it/] wp-content/themes/ErmiTheme/css/flickity.min.css
[Tue, 23 Jul 2024 22:52:53 +0000] [/wp-content/cache/minify/dd690.js] [https://www.erminevo.it/] wp-includes/js/dist/vendor/wp-polyfill-inert.min.js
wp-includes/js/dist/vendor/regenerator-runtime.min.js
wp-includes/js/dist/vendor/wp-polyfill.min.js
wp-includes/js/dist/hooks.min.js
wp-includes/js/dist/i18n.min.js
[Tue, 23 Jul 2024 22:52:54 +0000] [/wp-content/cache/minify/a2afd.js] [https://www.erminevo.it/] wp-content/themes/genesis/lib/js/menu/responsive-menus.min.js
[Tue, 23 Jul 2024 22:52:54 +0000] [/wp-content/cache/minify/1f540.js] [https://www.erminevo.it/] wp-content/plugins/contact-form-7/includes/swv/js/index.js
[Tue, 23 Jul 2024 22:52:54 +0000] [/wp-content/cache/minify/9ef10.js] [https://www.erminevo.it/] wp-content/plugins/page-scroll-to-id/js/page-scroll-to-id.min.js
wp-includes/js/hoverIntent.min.js
wp-content/themes/genesis/lib/js/menu/superfish.min.js
wp-content/themes/genesis/lib/js/menu/superfish.args.min.js
wp-content/themes/genesis/lib/js/skip-links.min.js
wp-content/themes/ErmiTheme/js/flickity.pkgd.min.js
[Tue, 23 Jul 2024 22:52:54 +0000] [/wp-content/cache/minify/b68ea.js] [https://www.erminevo.it/] wp-content/plugins/contact-form-7/includes/js/index.js
[Tue, 23 Jul 2024 22:52:54 +0000] [/wp-content/cache/minify/e8954.js] [https://www.erminevo.it/] wp-content/plugins/contact-form-7/modules/recaptcha/index.js
wp-content/plugins/wp-featherlight/js/wpFeatherlight.pkgd.min.js
[Thu, 25 Jul 2024 17:43:23 +0000] [/wp-content/cache/minify/dd690.js] [https://www.erminevo.it/?fbclid=IwZXh0bgNhZW0CMTEAAR1bU12yDP3uCB6pCzDXHrHBYbpBI63rHxVQjuHwF2aA4iJeA-r_A_hPOCo_aem_iz68RK1lo9-BZkn7GeRs3A] wp-includes/js/dist/vendor/wp-polyfill-inert.min.js
wp-includes/js/dist/vendor/regenerator-runtime.min.js
wp-includes/js/dist/vendor/wp-polyfill.min.js
wp-includes/js/dist/hooks.min.js
wp-includes/js/dist/i18n.min.js
[Thu, 25 Jul 2024 17:43:23 +0000] [/wp-content/cache/minify/b68ea.js] [https://www.erminevo.it/?fbclid=IwZXh0bgNhZW0CMTEAAR1bU12yDP3uCB6pCzDXHrHBYbpBI63rHxVQjuHwF2aA4iJeA-r_A_hPOCo_aem_iz68RK1lo9-BZkn7GeRs3A] wp-content/plugins/contact-form-7/includes/js/index.js
[Thu, 25 Jul 2024 17:43:23 +0000] [/wp-content/cache/minify/9ef10.js] [https://www.erminevo.it/?fbclid=IwZXh0bgNhZW0CMTEAAR1bU12yDP3uCB6pCzDXHrHBYbpBI63rHxVQjuHwF2aA4iJeA-r_A_hPOCo_aem_iz68RK1lo9-BZkn7GeRs3A] wp-content/plugins/page-scroll-to-id/js/page-scroll-to-id.min.js
wp-includes/js/hoverIntent.min.js
wp-content/themes/genesis/lib/js/menu/superfish.min.js
wp-content/themes/genesis/lib/js/menu/superfish.args.min.js
wp-content/themes/genesis/lib/js/skip-links.min.js
wp-content/themes/ErmiTheme/js/flickity.pkgd.min.js
[Thu, 25 Jul 2024 17:43:23 +0000] [/wp-content/cache/minify/a2afd.js] [https://www.erminevo.it/?fbclid=IwZXh0bgNhZW0CMTEAAR1bU12yDP3uCB6pCzDXHrHBYbpBI63rHxVQjuHwF2aA4iJeA-r_A_hPOCo_aem_iz68RK1lo9-BZkn7GeRs3A] wp-content/themes/genesis/lib/js/menu/responsive-menus.min.js
[Thu, 25 Jul 2024 17:43:24 +0000] [/wp-content/cache/minify/4e0b7.css] [https://www.erminevo.it/?fbclid=IwZXh0bgNhZW0CMTEAAR1bU12yDP3uCB6pCzDXHrHBYbpBI63rHxVQjuHwF2aA4iJeA-r_A_hPOCo_aem_iz68RK1lo9-BZkn7GeRs3A] wp-content/plugins/ermispettacoli/public/css/ermispettacoli-public.css
[Thu, 25 Jul 2024 17:43:24 +0000] [/wp-content/cache/minify/1f540.js] [https://www.erminevo.it/?fbclid=IwZXh0bgNhZW0CMTEAAR1bU12yDP3uCB6pCzDXHrHBYbpBI63rHxVQjuHwF2aA4iJeA-r_A_hPOCo_aem_iz68RK1lo9-BZkn7GeRs3A] wp-content/plugins/contact-form-7/includes/swv/js/index.js
[Thu, 25 Jul 2024 17:43:24 +0000] [/wp-content/cache/minify/818c0.js] [https://www.erminevo.it/?fbclid=IwZXh0bgNhZW0CMTEAAR1bU12yDP3uCB6pCzDXHrHBYbpBI63rHxVQjuHwF2aA4iJeA-r_A_hPOCo_aem_iz68RK1lo9-BZkn7GeRs3A] wp-includes/js/jquery/jquery.min.js
wp-includes/js/jquery/jquery-migrate.min.js
[Thu, 25 Jul 2024 17:43:25 +0000] [/wp-content/cache/minify/e8954.js] [https://www.erminevo.it/?fbclid=IwZXh0bgNhZW0CMTEAAR1bU12yDP3uCB6pCzDXHrHBYbpBI63rHxVQjuHwF2aA4iJeA-r_A_hPOCo_aem_iz68RK1lo9-BZkn7GeRs3A] wp-content/plugins/contact-form-7/modules/recaptcha/index.js
wp-content/plugins/wp-featherlight/js/wpFeatherlight.pkgd.min.js
[Thu, 25 Jul 2024 20:48:13 +0000] [/wp-content/cache/minify/4c431.css] [https://www.erminevo.it/?fbclid=IwZXh0bgNhZW0CMTEAAR1QpjPxIV5nAbh68Ll7DDkWCSJY6VaUSKUvCpT-T5PZR58r7ebc9Z0gMYM_aem_OB9aGy_p_WgEWuAI-vTeQg] wp-content/plugins/contact-form-7/includes/css/styles.css
[Thu, 25 Jul 2024 20:48:13 +0000] [/wp-content/cache/minify/3888a.css] [https://www.erminevo.it/?fbclid=IwZXh0bgNhZW0CMTEAAR1QpjPxIV5nAbh68Ll7DDkWCSJY6VaUSKUvCpT-T5PZR58r7ebc9Z0gMYM_aem_OB9aGy_p_WgEWuAI-vTeQg] wp-content/plugins/cookie-law-info/legacy/public/css/cookie-law-info-public.css
[Thu, 25 Jul 2024 20:48:13 +0000] [/wp-content/cache/minify/fdef4.css] [https://www.erminevo.it/?fbclid=IwZXh0bgNhZW0CMTEAAR1QpjPxIV5nAbh68Ll7DDkWCSJY6VaUSKUvCpT-T5PZR58r7ebc9Z0gMYM_aem_OB9aGy_p_WgEWuAI-vTeQg] wp-content/plugins/cookie-law-info/legacy/public/css/cookie-law-info-gdpr.css
[Thu, 25 Jul 2024 20:48:14 +0000] [/wp-content/cache/minify/a5ff7.css] [https://www.erminevo.it/?fbclid=IwZXh0bgNhZW0CMTEAAR1QpjPxIV5nAbh68Ll7DDkWCSJY6VaUSKUvCpT-T5PZR58r7ebc9Z0gMYM_aem_OB9aGy_p_WgEWuAI-vTeQg] wp-includes/css/dist/block-library/style.min.css
[Thu, 25 Jul 2024 20:48:14 +0000] [/wp-content/cache/minify/f6500.css] [https://www.erminevo.it/?fbclid=IwZXh0bgNhZW0CMTEAAR1QpjPxIV5nAbh68Ll7DDkWCSJY6VaUSKUvCpT-T5PZR58r7ebc9Z0gMYM_aem_OB9aGy_p_WgEWuAI-vTeQg] wp-content/themes/ErmiTheme/style.css
[Thu, 25 Jul 2024 20:48:15 +0000] [/wp-content/cache/minify/300ec.css] [https://www.erminevo.it/?fbclid=IwZXh0bgNhZW0CMTEAAR1QpjPxIV5nAbh68Ll7DDkWCSJY6VaUSKUvCpT-T5PZR58r7ebc9Z0gMYM_aem_OB9aGy_p_WgEWuAI-vTeQg] wp-includes/css/dashicons.min.css
[Thu, 25 Jul 2024 20:48:17 +0000] [/wp-content/cache/minify/1d685.css] [https://www.erminevo.it/?fbclid=IwZXh0bgNhZW0CMTEAAR1QpjPxIV5nAbh68Ll7DDkWCSJY6VaUSKUvCpT-T5PZR58r7ebc9Z0gMYM_aem_OB9aGy_p_WgEWuAI-vTeQg] wp-content/themes/ErmiTheme/css/flickity.min.css
[Thu, 25 Jul 2024 20:48:17 +0000] [/wp-content/cache/minify/15a18.css] [https://www.erminevo.it/?fbclid=IwZXh0bgNhZW0CMTEAAR1QpjPxIV5nAbh68Ll7DDkWCSJY6VaUSKUvCpT-T5PZR58r7ebc9Z0gMYM_aem_OB9aGy_p_WgEWuAI-vTeQg] wp-content/themes/ErmiTheme/css/hamburgers.min.css
[Thu, 25 Jul 2024 20:48:17 +0000] [/wp-content/cache/minify/d085d.css] [https://www.erminevo.it/?fbclid=IwZXh0bgNhZW0CMTEAAR1QpjPxIV5nAbh68Ll7DDkWCSJY6VaUSKUvCpT-T5PZR58r7ebc9Z0gMYM_aem_OB9aGy_p_WgEWuAI-vTeQg] wp-content/plugins/wp-featherlight/css/wp-featherlight.min.css
[Thu, 25 Jul 2024 20:48:17 +0000] [/wp-content/cache/minify/69e6a.css] [https://www.erminevo.it/?fbclid=IwZXh0bgNhZW0CMTEAAR1QpjPxIV5nAbh68Ll7DDkWCSJY6VaUSKUvCpT-T5PZR58r7ebc9Z0gMYM_aem_OB9aGy_p_WgEWuAI-vTeQg] wp-content/themes/ErmiTheme/lib/gutenberg/front-end.css
[Thu, 25 Jul 2024 20:48:18 +0000] [/wp-content/cache/minify/ffd7d.js] [https://www.erminevo.it/?fbclid=IwZXh0bgNhZW0CMTEAAR1QpjPxIV5nAbh68Ll7DDkWCSJY6VaUSKUvCpT-T5PZR58r7ebc9Z0gMYM_aem_OB9aGy_p_WgEWuAI-vTeQg] wp-content/plugins/cookie-law-info/legacy/public/js/cookie-law-info-public.js
wp-content/plugins/ermispettacoli/public/js/ermispettacoli-public.js
[Sun, 28 Jul 2024 20:51:30 +0000] [/wp-content/cache/minify/f6500.css] [https://www.erminevo.it/] wp-content/themes/ErmiTheme/style.css
[Sun, 28 Jul 2024 20:51:30 +0000] [/wp-content/cache/minify/4c431.css] [https://www.erminevo.it/] wp-content/plugins/contact-form-7/includes/css/styles.css
[Sun, 28 Jul 2024 20:51:30 +0000] [/wp-content/cache/minify/a5ff7.css] [https://www.erminevo.it/] wp-includes/css/dist/block-library/style.min.css
[Sun, 28 Jul 2024 20:51:30 +0000] [/wp-content/cache/minify/fdef4.css] [https://www.erminevo.it/] wp-content/plugins/cookie-law-info/legacy/public/css/cookie-law-info-gdpr.css
[Sun, 28 Jul 2024 20:51:30 +0000] [/wp-content/cache/minify/3888a.css] [https://www.erminevo.it/] wp-content/plugins/cookie-law-info/legacy/public/css/cookie-law-info-public.css
[Sun, 28 Jul 2024 20:51:30 +0000] [/wp-content/cache/minify/4e0b7.css] [https://www.erminevo.it/] wp-content/plugins/ermispettacoli/public/css/ermispettacoli-public.css
[Sun, 28 Jul 2024 20:51:31 +0000] [/wp-content/cache/minify/300ec.css] [https://www.erminevo.it/] wp-includes/css/dashicons.min.css
[Sun, 28 Jul 2024 20:51:31 +0000] [/wp-content/cache/minify/15a18.css] [https://www.erminevo.it/] wp-content/themes/ErmiTheme/css/hamburgers.min.css
[Sun, 28 Jul 2024 20:51:31 +0000] [/wp-content/cache/minify/1d685.css] [https://www.erminevo.it/] wp-content/themes/ErmiTheme/css/flickity.min.css
[Sun, 28 Jul 2024 20:51:31 +0000] [/wp-content/cache/minify/69e6a.css] [https://www.erminevo.it/] wp-content/themes/ErmiTheme/lib/gutenberg/front-end.css
[Sun, 28 Jul 2024 20:51:31 +0000] [/wp-content/cache/minify/d085d.css] [https://www.erminevo.it/] wp-content/plugins/wp-featherlight/css/wp-featherlight.min.css
[Sun, 28 Jul 2024 20:51:31 +0000] [/wp-content/cache/minify/818c0.js] [https://www.erminevo.it/] wp-includes/js/jquery/jquery.min.js
wp-includes/js/jquery/jquery-migrate.min.js
[Sun, 28 Jul 2024 20:51:31 +0000] [/wp-content/cache/minify/ffd7d.js] [https://www.erminevo.it/] wp-content/plugins/cookie-law-info/legacy/public/js/cookie-law-info-public.js
wp-content/plugins/ermispettacoli/public/js/ermispettacoli-public.js
[Sun, 28 Jul 2024 20:51:31 +0000] [/wp-content/cache/minify/dd690.js] [https://www.erminevo.it/] wp-includes/js/dist/vendor/wp-polyfill-inert.min.js
wp-includes/js/dist/vendor/regenerator-runtime.min.js
wp-includes/js/dist/vendor/wp-polyfill.min.js
wp-includes/js/dist/hooks.min.js
wp-includes/js/dist/i18n.min.js
[Sun, 28 Jul 2024 20:51:31 +0000] [/wp-content/cache/minify/1f540.js] [https://www.erminevo.it/] wp-content/plugins/contact-form-7/includes/swv/js/index.js
[Sun, 28 Jul 2024 20:51:31 +0000] [/wp-content/cache/minify/b68ea.js] [https://www.erminevo.it/] wp-content/plugins/contact-form-7/includes/js/index.js
[Sun, 28 Jul 2024 20:51:32 +0000] [/wp-content/cache/minify/9ef10.js] [https://www.erminevo.it/] wp-content/plugins/page-scroll-to-id/js/page-scroll-to-id.min.js
wp-includes/js/hoverIntent.min.js
wp-content/themes/genesis/lib/js/menu/superfish.min.js
wp-content/themes/genesis/lib/js/menu/superfish.args.min.js
wp-content/themes/genesis/lib/js/skip-links.min.js
wp-content/themes/ErmiTheme/js/flickity.pkgd.min.js
[Sun, 28 Jul 2024 20:51:32 +0000] [/wp-content/cache/minify/a2afd.js] [https://www.erminevo.it/] wp-content/themes/genesis/lib/js/menu/responsive-menus.min.js
[Sun, 28 Jul 2024 20:51:32 +0000] [/wp-content/cache/minify/e8954.js] [https://www.erminevo.it/] wp-content/plugins/contact-form-7/modules/recaptcha/index.js
wp-content/plugins/wp-featherlight/js/wpFeatherlight.pkgd.min.js
[Wed, 31 Jul 2024 16:10:32 +0000] [/wp-content/cache/minify/f6500.css] [https://www.erminevo.it/] wp-content/themes/ErmiTheme/style.css
[Wed, 31 Jul 2024 16:10:33 +0000] [/wp-content/cache/minify/a5ff7.css] [https://www.erminevo.it/] wp-includes/css/dist/block-library/style.min.css
[Wed, 31 Jul 2024 16:10:34 +0000] [/wp-content/cache/minify/4e0b7.css] [https://www.erminevo.it/] wp-content/plugins/ermispettacoli/public/css/ermispettacoli-public.css
[Wed, 31 Jul 2024 16:10:35 +0000] [/wp-content/cache/minify/15a18.css] [https://www.erminevo.it/] wp-content/themes/ErmiTheme/css/hamburgers.min.css
[Wed, 31 Jul 2024 16:10:36 +0000] [/wp-content/cache/minify/3888a.css] [https://www.erminevo.it/] wp-content/plugins/cookie-law-info/legacy/public/css/cookie-law-info-public.css
[Wed, 31 Jul 2024 16:10:37 +0000] [/wp-content/cache/minify/ffd7d.js] [https://www.erminevo.it/] wp-content/plugins/cookie-law-info/legacy/public/js/cookie-law-info-public.js
wp-content/plugins/ermispettacoli/public/js/ermispettacoli-public.js
[Wed, 31 Jul 2024 16:10:37 +0000] [/wp-content/cache/minify/4c431.css] [https://www.erminevo.it/] wp-content/plugins/contact-form-7/includes/css/styles.css
[Wed, 31 Jul 2024 16:10:38 +0000] [/wp-content/cache/minify/818c0.js] [https://www.erminevo.it/] wp-includes/js/jquery/jquery.min.js
wp-includes/js/jquery/jquery-migrate.min.js
[Wed, 31 Jul 2024 16:10:38 +0000] [/wp-content/cache/minify/69e6a.css] [https://www.erminevo.it/] wp-content/themes/ErmiTheme/lib/gutenberg/front-end.css
[Wed, 31 Jul 2024 16:10:38 +0000] [/wp-content/cache/minify/d085d.css] [https://www.erminevo.it/] wp-content/plugins/wp-featherlight/css/wp-featherlight.min.css
[Wed, 31 Jul 2024 16:10:38 +0000] [/wp-content/cache/minify/1d685.css] [https://www.erminevo.it/] wp-content/themes/ErmiTheme/css/flickity.min.css
[Wed, 31 Jul 2024 16:10:38 +0000] [/wp-content/cache/minify/300ec.css] [https://www.erminevo.it/] wp-includes/css/dashicons.min.css
[Wed, 31 Jul 2024 16:10:38 +0000] [/wp-content/cache/minify/fdef4.css] [https://www.erminevo.it/] wp-content/plugins/cookie-law-info/legacy/public/css/cookie-law-info-gdpr.css
[Wed, 31 Jul 2024 16:10:38 +0000] [/wp-content/cache/minify/dd690.js] [https://www.erminevo.it/] wp-includes/js/dist/vendor/wp-polyfill-inert.min.js
wp-includes/js/dist/vendor/regenerator-runtime.min.js
wp-includes/js/dist/vendor/wp-polyfill.min.js
wp-includes/js/dist/hooks.min.js
wp-includes/js/dist/i18n.min.js
[Wed, 31 Jul 2024 16:10:38 +0000] [/wp-content/cache/minify/9ef10.js] [https://www.erminevo.it/] wp-content/plugins/page-scroll-to-id/js/page-scroll-to-id.min.js
wp-includes/js/hoverIntent.min.js
wp-content/themes/genesis/lib/js/menu/superfish.min.js
wp-content/themes/genesis/lib/js/menu/superfish.args.min.js
wp-content/themes/genesis/lib/js/skip-links.min.js
wp-content/themes/ErmiTheme/js/flickity.pkgd.min.js
[Wed, 31 Jul 2024 16:10:38 +0000] [/wp-content/cache/minify/b68ea.js] [https://www.erminevo.it/] wp-content/plugins/contact-form-7/includes/js/index.js
[Wed, 31 Jul 2024 16:10:38 +0000] [/wp-content/cache/minify/1f540.js] [https://www.erminevo.it/] wp-content/plugins/contact-form-7/includes/swv/js/index.js
[Wed, 31 Jul 2024 16:10:38 +0000] [/wp-content/cache/minify/a2afd.js] [https://www.erminevo.it/] wp-content/themes/genesis/lib/js/menu/responsive-menus.min.js
[Wed, 31 Jul 2024 16:10:38 +0000] [/wp-content/cache/minify/e8954.js] [https://www.erminevo.it/] wp-content/plugins/contact-form-7/modules/recaptcha/index.js
wp-content/plugins/wp-featherlight/js/wpFeatherlight.pkgd.min.js
[Sat, 03 Aug 2024 04:23:52 +0000] [/wp-content/cache/minify/3888a.css] [https://www.erminevo.it/] wp-content/plugins/cookie-law-info/legacy/public/css/cookie-law-info-public.css
[Sat, 03 Aug 2024 04:23:53 +0000] [/wp-content/cache/minify/4c431.css] [https://www.erminevo.it/] wp-content/plugins/contact-form-7/includes/css/styles.css
[Sat, 03 Aug 2024 04:23:53 +0000] [/wp-content/cache/minify/69e6a.css] [https://www.erminevo.it/] wp-content/themes/ErmiTheme/lib/gutenberg/front-end.css
[Sat, 03 Aug 2024 04:23:55 +0000] [/wp-content/cache/minify/d085d.css] [https://www.erminevo.it/] wp-content/plugins/wp-featherlight/css/wp-featherlight.min.css
[Sat, 03 Aug 2024 04:23:55 +0000] [/wp-content/cache/minify/15a18.css] [https://www.erminevo.it/] wp-content/themes/ErmiTheme/css/hamburgers.min.css
[Sat, 03 Aug 2024 04:23:56 +0000] [/wp-content/cache/minify/818c0.js] [https://www.erminevo.it/] wp-includes/js/jquery/jquery.min.js
wp-includes/js/jquery/jquery-migrate.min.js
[Sat, 03 Aug 2024 04:23:56 +0000] [/wp-content/cache/minify/1d685.css] [https://www.erminevo.it/] wp-content/themes/ErmiTheme/css/flickity.min.css
[Sat, 03 Aug 2024 04:23:56 +0000] [/wp-content/cache/minify/a5ff7.css] [https://www.erminevo.it/] wp-includes/css/dist/block-library/style.min.css
[Sat, 03 Aug 2024 04:23:57 +0000] [/wp-content/cache/minify/f6500.css] [https://www.erminevo.it/] wp-content/themes/ErmiTheme/style.css
[Sat, 03 Aug 2024 04:23:57 +0000] [/wp-content/cache/minify/fdef4.css] [https://www.erminevo.it/] wp-content/plugins/cookie-law-info/legacy/public/css/cookie-law-info-gdpr.css
[Sat, 03 Aug 2024 04:23:57 +0000] [/wp-content/cache/minify/ffd7d.js] [https://www.erminevo.it/] wp-content/plugins/cookie-law-info/legacy/public/js/cookie-law-info-public.js
wp-content/plugins/ermispettacoli/public/js/ermispettacoli-public.js
[Sat, 03 Aug 2024 04:23:57 +0000] [/wp-content/cache/minify/4e0b7.css] [https://www.erminevo.it/] wp-content/plugins/ermispettacoli/public/css/ermispettacoli-public.css
[Sat, 03 Aug 2024 04:23:57 +0000] [/wp-content/cache/minify/300ec.css] [https://www.erminevo.it/] wp-includes/css/dashicons.min.css
[Sat, 03 Aug 2024 04:23:57 +0000] [/wp-content/cache/minify/dd690.js] [https://www.erminevo.it/] wp-includes/js/dist/vendor/wp-polyfill-inert.min.js
wp-includes/js/dist/vendor/regenerator-runtime.min.js
wp-includes/js/dist/vendor/wp-polyfill.min.js
wp-includes/js/dist/hooks.min.js
wp-includes/js/dist/i18n.min.js
[Sat, 03 Aug 2024 04:23:57 +0000] [/wp-content/cache/minify/1f540.js] [https://www.erminevo.it/] wp-content/plugins/contact-form-7/includes/swv/js/index.js
[Sat, 03 Aug 2024 04:23:57 +0000] [/wp-content/cache/minify/e8954.js] [https://www.erminevo.it/] wp-content/plugins/contact-form-7/modules/recaptcha/index.js
wp-content/plugins/wp-featherlight/js/wpFeatherlight.pkgd.min.js
[Sat, 03 Aug 2024 04:23:57 +0000] [/wp-content/cache/minify/a2afd.js] [https://www.erminevo.it/] wp-content/themes/genesis/lib/js/menu/responsive-menus.min.js
[Sat, 03 Aug 2024 04:23:57 +0000] [/wp-content/cache/minify/b68ea.js] [https://www.erminevo.it/] wp-content/plugins/contact-form-7/includes/js/index.js
[Sat, 03 Aug 2024 04:23:57 +0000] [/wp-content/cache/minify/9ef10.js] [https://www.erminevo.it/] wp-content/plugins/page-scroll-to-id/js/page-scroll-to-id.min.js
wp-includes/js/hoverIntent.min.js
wp-content/themes/genesis/lib/js/menu/superfish.min.js
wp-content/themes/genesis/lib/js/menu/superfish.args.min.js
wp-content/themes/genesis/lib/js/skip-links.min.js
wp-content/themes/ErmiTheme/js/flickity.pkgd.min.js
[Sun, 04 Aug 2024 23:09:54 +0000] [/wp-content/cache/minify/300ec.css] [https://www.erminevo.it/unora-di-tranquillita/] wp-includes/css/dashicons.min.css
[Sun, 04 Aug 2024 23:09:54 +0000] [/wp-content/cache/minify/fdef4.css] [https://www.erminevo.it/unora-di-tranquillita/] wp-content/plugins/cookie-law-info/legacy/public/css/cookie-law-info-gdpr.css
[Sun, 04 Aug 2024 23:09:55 +0000] [/wp-content/cache/minify/d085d.css] [https://www.erminevo.it/unora-di-tranquillita/] wp-content/plugins/wp-featherlight/css/wp-featherlight.min.css
[Sun, 04 Aug 2024 23:09:55 +0000] [/wp-content/cache/minify/69e6a.css] [https://www.erminevo.it/unora-di-tranquillita/] wp-content/themes/ErmiTheme/lib/gutenberg/front-end.css
[Sun, 04 Aug 2024 23:09:55 +0000] [/wp-content/cache/minify/1d685.css] [https://www.erminevo.it/unora-di-tranquillita/] wp-content/themes/ErmiTheme/css/flickity.min.css
[Sun, 04 Aug 2024 23:09:55 +0000] [/wp-content/cache/minify/818c0.js] [https://www.erminevo.it/unora-di-tranquillita/] wp-includes/js/jquery/jquery.min.js
wp-includes/js/jquery/jquery-migrate.min.js
[Sun, 04 Aug 2024 23:09:55 +0000] [/wp-content/cache/minify/a2afd.js] [https://www.erminevo.it/unora-di-tranquillita/] wp-content/themes/genesis/lib/js/menu/responsive-menus.min.js
[Wed, 07 Aug 2024 07:13:32 +0000] [/wp-content/cache/minify/1d685.css] [-] wp-content/themes/ErmiTheme/css/flickity.min.css
[Wed, 07 Aug 2024 07:13:32 +0000] [/wp-content/cache/minify/15a18.css] [-] wp-content/themes/ErmiTheme/css/hamburgers.min.css
[Wed, 07 Aug 2024 07:13:33 +0000] [/wp-content/cache/minify/4e0b7.css] [-] wp-content/plugins/ermispettacoli/public/css/ermispettacoli-public.css
[Wed, 07 Aug 2024 07:13:33 +0000] [/wp-content/cache/minify/818c0.js] [-] wp-includes/js/jquery/jquery.min.js
wp-includes/js/jquery/jquery-migrate.min.js
[Wed, 07 Aug 2024 07:13:33 +0000] [/wp-content/cache/minify/a5ff7.css] [-] wp-includes/css/dist/block-library/style.min.css
[Wed, 07 Aug 2024 07:13:34 +0000] [/wp-content/cache/minify/fdef4.css] [-] wp-content/plugins/cookie-law-info/legacy/public/css/cookie-law-info-gdpr.css
[Wed, 07 Aug 2024 07:13:34 +0000] [/wp-content/cache/minify/f6500.css] [-] wp-content/themes/ErmiTheme/style.css
[Wed, 07 Aug 2024 07:13:41 +0000] [/wp-content/cache/minify/3888a.css] [-] wp-content/plugins/cookie-law-info/legacy/public/css/cookie-law-info-public.css
[Wed, 07 Aug 2024 07:13:41 +0000] [/wp-content/cache/minify/dd690.js] [-] wp-includes/js/dist/vendor/wp-polyfill-inert.min.js
wp-includes/js/dist/vendor/regenerator-runtime.min.js
wp-includes/js/dist/vendor/wp-polyfill.min.js
wp-includes/js/dist/hooks.min.js
wp-includes/js/dist/i18n.min.js
[Wed, 07 Aug 2024 07:13:42 +0000] [/wp-content/cache/minify/d085d.css] [-] wp-content/plugins/wp-featherlight/css/wp-featherlight.min.css
[Wed, 07 Aug 2024 07:30:16 +0000] [/wp-content/cache/minify/4c431.css] [https://www.erminevo.it/] wp-content/plugins/contact-form-7/includes/css/styles.css
[Wed, 07 Aug 2024 07:30:16 +0000] [/wp-content/cache/minify/69e6a.css] [https://www.erminevo.it/] wp-content/themes/ErmiTheme/lib/gutenberg/front-end.css
[Wed, 07 Aug 2024 07:30:16 +0000] [/wp-content/cache/minify/ffd7d.js] [https://www.erminevo.it/] wp-content/plugins/cookie-law-info/legacy/public/js/cookie-law-info-public.js
wp-content/plugins/ermispettacoli/public/js/ermispettacoli-public.js
[Wed, 07 Aug 2024 07:30:16 +0000] [/wp-content/cache/minify/300ec.css] [https://www.erminevo.it/] wp-includes/css/dashicons.min.css
[Wed, 07 Aug 2024 07:30:17 +0000] [/wp-content/cache/minify/1f540.js] [https://www.erminevo.it/] wp-content/plugins/contact-form-7/includes/swv/js/index.js
[Wed, 07 Aug 2024 07:30:17 +0000] [/wp-content/cache/minify/a2afd.js] [https://www.erminevo.it/] wp-content/themes/genesis/lib/js/menu/responsive-menus.min.js
[Wed, 07 Aug 2024 07:30:18 +0000] [/wp-content/cache/minify/9ef10.js] [https://www.erminevo.it/] wp-content/plugins/page-scroll-to-id/js/page-scroll-to-id.min.js
wp-includes/js/hoverIntent.min.js
wp-content/themes/genesis/lib/js/menu/superfish.min.js
wp-content/themes/genesis/lib/js/menu/superfish.args.min.js
wp-content/themes/genesis/lib/js/skip-links.min.js
wp-content/themes/ErmiTheme/js/flickity.pkgd.min.js
[Wed, 07 Aug 2024 07:30:18 +0000] [/wp-content/cache/minify/b68ea.js] [https://www.erminevo.it/] wp-content/plugins/contact-form-7/includes/js/index.js
[Wed, 07 Aug 2024 07:30:18 +0000] [/wp-content/cache/minify/e8954.js] [https://www.erminevo.it/] wp-content/plugins/contact-form-7/modules/recaptcha/index.js
wp-content/plugins/wp-featherlight/js/wpFeatherlight.pkgd.min.js
[Fri, 09 Aug 2024 00:54:51 +0000] [/wp-content/cache/minify/4c431.css] [https://www.erminevo.it/] wp-content/plugins/contact-form-7/includes/css/styles.css
[Fri, 09 Aug 2024 00:54:51 +0000] [/wp-content/cache/minify/a5ff7.css] [https://www.erminevo.it/] wp-includes/css/dist/block-library/style.min.css
[Fri, 09 Aug 2024 00:54:51 +0000] [/wp-content/cache/minify/1d685.css] [https://www.erminevo.it/] wp-content/themes/ErmiTheme/css/flickity.min.css
[Fri, 09 Aug 2024 00:54:51 +0000] [/wp-content/cache/minify/300ec.css] [https://www.erminevo.it/] wp-includes/css/dashicons.min.css
[Fri, 09 Aug 2024 00:54:51 +0000] [/wp-content/cache/minify/15a18.css] [https://www.erminevo.it/] wp-content/themes/ErmiTheme/css/hamburgers.min.css
[Fri, 09 Aug 2024 00:54:51 +0000] [/wp-content/cache/minify/3888a.css] [https://www.erminevo.it/] wp-content/plugins/cookie-law-info/legacy/public/css/cookie-law-info-public.css
[Fri, 09 Aug 2024 00:54:51 +0000] [/wp-content/cache/minify/f6500.css] [https://www.erminevo.it/] wp-content/themes/ErmiTheme/style.css
[Fri, 09 Aug 2024 00:54:52 +0000] [/wp-content/cache/minify/a2afd.js] [https://www.erminevo.it/] wp-content/themes/genesis/lib/js/menu/responsive-menus.min.js
[Fri, 09 Aug 2024 00:54:52 +0000] [/wp-content/cache/minify/ffd7d.js] [https://www.erminevo.it/] wp-content/plugins/cookie-law-info/legacy/public/js/cookie-law-info-public.js
wp-content/plugins/ermispettacoli/public/js/ermispettacoli-public.js
[Fri, 09 Aug 2024 00:54:52 +0000] [/wp-content/cache/minify/69e6a.css] [https://www.erminevo.it/] wp-content/themes/ErmiTheme/lib/gutenberg/front-end.css
[Fri, 09 Aug 2024 00:54:52 +0000] [/wp-content/cache/minify/d085d.css] [https://www.erminevo.it/] wp-content/plugins/wp-featherlight/css/wp-featherlight.min.css
[Fri, 09 Aug 2024 00:54:52 +0000] [/wp-content/cache/minify/4e0b7.css] [https://www.erminevo.it/] wp-content/plugins/ermispettacoli/public/css/ermispettacoli-public.css
[Fri, 09 Aug 2024 00:54:52 +0000] [/wp-content/cache/minify/b68ea.js] [https://www.erminevo.it/] wp-content/plugins/contact-form-7/includes/js/index.js
[Fri, 09 Aug 2024 00:54:52 +0000] [/wp-content/cache/minify/fdef4.css] [https://www.erminevo.it/] wp-content/plugins/cookie-law-info/legacy/public/css/cookie-law-info-gdpr.css
[Fri, 09 Aug 2024 00:54:52 +0000] [/wp-content/cache/minify/dd690.js] [https://www.erminevo.it/] wp-includes/js/dist/vendor/wp-polyfill-inert.min.js
wp-includes/js/dist/vendor/regenerator-runtime.min.js
wp-includes/js/dist/vendor/wp-polyfill.min.js
wp-includes/js/dist/hooks.min.js
wp-includes/js/dist/i18n.min.js
[Fri, 09 Aug 2024 00:55:24 +0000] [/wp-content/cache/minify/818c0.js] [https://www.erminevo.it/] wp-includes/js/jquery/jquery.min.js
wp-includes/js/jquery/jquery-migrate.min.js
[Fri, 09 Aug 2024 09:56:06 +0000] [/wp-content/cache/minify/9ef10.js] [https://www.erminevo.it/] wp-content/plugins/page-scroll-to-id/js/page-scroll-to-id.min.js
wp-includes/js/hoverIntent.min.js
wp-content/themes/genesis/lib/js/menu/superfish.min.js
wp-content/themes/genesis/lib/js/menu/superfish.args.min.js
wp-content/themes/genesis/lib/js/skip-links.min.js
wp-content/themes/ErmiTheme/js/flickity.pkgd.min.js
[Fri, 09 Aug 2024 09:56:07 +0000] [/wp-content/cache/minify/1f540.js] [https://www.erminevo.it/] wp-content/plugins/contact-form-7/includes/swv/js/index.js
[Fri, 09 Aug 2024 09:56:08 +0000] [/wp-content/cache/minify/e8954.js] [https://www.erminevo.it/] wp-content/plugins/contact-form-7/modules/recaptcha/index.js
wp-content/plugins/wp-featherlight/js/wpFeatherlight.pkgd.min.js
[Sun, 11 Aug 2024 11:31:13 +0000] [/wp-content/cache/minify/f6500.css] [https://www.erminevo.it/] wp-content/themes/ErmiTheme/style.css
[Sun, 11 Aug 2024 11:31:13 +0000] [/wp-content/cache/minify/fdef4.css] [https://www.erminevo.it/] wp-content/plugins/cookie-law-info/legacy/public/css/cookie-law-info-gdpr.css
[Sun, 11 Aug 2024 11:31:14 +0000] [/wp-content/cache/minify/4e0b7.css] [https://www.erminevo.it/] wp-content/plugins/ermispettacoli/public/css/ermispettacoli-public.css
[Sun, 11 Aug 2024 11:31:14 +0000] [/wp-content/cache/minify/3888a.css] [https://www.erminevo.it/] wp-content/plugins/cookie-law-info/legacy/public/css/cookie-law-info-public.css
[Sun, 11 Aug 2024 11:31:15 +0000] [/wp-content/cache/minify/4c431.css] [https://www.erminevo.it/] wp-content/plugins/contact-form-7/includes/css/styles.css
[Sun, 11 Aug 2024 11:31:16 +0000] [/wp-content/cache/minify/1d685.css] [https://www.erminevo.it/] wp-content/themes/ErmiTheme/css/flickity.min.css
[Sun, 11 Aug 2024 11:31:16 +0000] [/wp-content/cache/minify/a5ff7.css] [https://www.erminevo.it/] wp-includes/css/dist/block-library/style.min.css
[Sun, 11 Aug 2024 11:31:16 +0000] [/wp-content/cache/minify/15a18.css] [https://www.erminevo.it/] wp-content/themes/ErmiTheme/css/hamburgers.min.css
[Sun, 11 Aug 2024 11:31:16 +0000] [/wp-content/cache/minify/300ec.css] [https://www.erminevo.it/] wp-includes/css/dashicons.min.css
[Sun, 11 Aug 2024 11:31:17 +0000] [/wp-content/cache/minify/69e6a.css] [https://www.erminevo.it/] wp-content/themes/ErmiTheme/lib/gutenberg/front-end.css
[Sun, 11 Aug 2024 11:31:17 +0000] [/wp-content/cache/minify/d085d.css] [https://www.erminevo.it/] wp-content/plugins/wp-featherlight/css/wp-featherlight.min.css
[Sun, 11 Aug 2024 11:31:18 +0000] [/wp-content/cache/minify/818c0.js] [https://www.erminevo.it/] wp-includes/js/jquery/jquery.min.js
wp-includes/js/jquery/jquery-migrate.min.js
[Sun, 11 Aug 2024 11:31:18 +0000] [/wp-content/cache/minify/ffd7d.js] [https://www.erminevo.it/] wp-content/plugins/cookie-law-info/legacy/public/js/cookie-law-info-public.js
wp-content/plugins/ermispettacoli/public/js/ermispettacoli-public.js
[Sun, 11 Aug 2024 11:31:19 +0000] [/wp-content/cache/minify/dd690.js] [https://www.erminevo.it/] wp-includes/js/dist/vendor/wp-polyfill-inert.min.js
wp-includes/js/dist/vendor/regenerator-runtime.min.js
wp-includes/js/dist/vendor/wp-polyfill.min.js
wp-includes/js/dist/hooks.min.js
wp-includes/js/dist/i18n.min.js
[Sun, 11 Aug 2024 11:31:19 +0000] [/wp-content/cache/minify/1f540.js] [https://www.erminevo.it/] wp-content/plugins/contact-form-7/includes/swv/js/index.js
[Sun, 11 Aug 2024 11:31:20 +0000] [/wp-content/cache/minify/b68ea.js] [https://www.erminevo.it/] wp-content/plugins/contact-form-7/includes/js/index.js
[Sun, 11 Aug 2024 11:31:20 +0000] [/wp-content/cache/minify/9ef10.js] [https://www.erminevo.it/] wp-content/plugins/page-scroll-to-id/js/page-scroll-to-id.min.js
wp-includes/js/hoverIntent.min.js
wp-content/themes/genesis/lib/js/menu/superfish.min.js
wp-content/themes/genesis/lib/js/menu/superfish.args.min.js
wp-content/themes/genesis/lib/js/skip-links.min.js
wp-content/themes/ErmiTheme/js/flickity.pkgd.min.js
[Sun, 11 Aug 2024 11:31:21 +0000] [/wp-content/cache/minify/a2afd.js] [https://www.erminevo.it/] wp-content/themes/genesis/lib/js/menu/responsive-menus.min.js
[Sun, 11 Aug 2024 11:31:21 +0000] [/wp-content/cache/minify/e8954.js] [https://www.erminevo.it/] wp-content/plugins/contact-form-7/modules/recaptcha/index.js
wp-content/plugins/wp-featherlight/js/wpFeatherlight.pkgd.min.js
[Tue, 13 Aug 2024 04:13:30 +0000] [/wp-content/cache/minify/1f540.js] [https://www.erminevo.it/limportanza-di-chiamarsi-ernest/] wp-content/plugins/contact-form-7/includes/swv/js/index.js
[Tue, 13 Aug 2024 04:13:31 +0000] [/wp-content/cache/minify/fdef4.css] [https://www.erminevo.it/limportanza-di-chiamarsi-ernest/] wp-content/plugins/cookie-law-info/legacy/public/css/cookie-law-info-gdpr.css
[Tue, 13 Aug 2024 22:14:03 +0000] [/wp-content/cache/minify/4e0b7.css] [https://www.erminevo.it/] wp-content/plugins/ermispettacoli/public/css/ermispettacoli-public.css
[Tue, 13 Aug 2024 22:14:03 +0000] [/wp-content/cache/minify/818c0.js] [https://www.erminevo.it/] wp-includes/js/jquery/jquery.min.js
wp-includes/js/jquery/jquery-migrate.min.js
[Tue, 13 Aug 2024 22:14:05 +0000] [/wp-content/cache/minify/4c431.css] [https://www.erminevo.it/] wp-content/plugins/contact-form-7/includes/css/styles.css
[Tue, 13 Aug 2024 22:14:06 +0000] [/wp-content/cache/minify/d085d.css] [https://www.erminevo.it/] wp-content/plugins/wp-featherlight/css/wp-featherlight.min.css
[Tue, 13 Aug 2024 22:14:07 +0000] [/wp-content/cache/minify/ffd7d.js] [https://www.erminevo.it/] wp-content/plugins/cookie-law-info/legacy/public/js/cookie-law-info-public.js
wp-content/plugins/ermispettacoli/public/js/ermispettacoli-public.js
[Tue, 13 Aug 2024 22:14:09 +0000] [/wp-content/cache/minify/69e6a.css] [https://www.erminevo.it/] wp-content/themes/ErmiTheme/lib/gutenberg/front-end.css
[Tue, 13 Aug 2024 22:14:09 +0000] [/wp-content/cache/minify/3888a.css] [https://www.erminevo.it/] wp-content/plugins/cookie-law-info/legacy/public/css/cookie-law-info-public.css
[Tue, 13 Aug 2024 22:14:09 +0000] [/wp-content/cache/minify/300ec.css] [https://www.erminevo.it/] wp-includes/css/dashicons.min.css
[Tue, 13 Aug 2024 22:14:09 +0000] [/wp-content/cache/minify/15a18.css] [https://www.erminevo.it/] wp-content/themes/ErmiTheme/css/hamburgers.min.css
[Tue, 13 Aug 2024 22:14:09 +0000] [/wp-content/cache/minify/f6500.css] [https://www.erminevo.it/] wp-content/themes/ErmiTheme/style.css
[Tue, 13 Aug 2024 22:14:09 +0000] [/wp-content/cache/minify/1d685.css] [https://www.erminevo.it/] wp-content/themes/ErmiTheme/css/flickity.min.css
[Tue, 13 Aug 2024 22:14:09 +0000] [/wp-content/cache/minify/a5ff7.css] [https://www.erminevo.it/] wp-includes/css/dist/block-library/style.min.css
[Tue, 13 Aug 2024 22:14:10 +0000] [/wp-content/cache/minify/dd690.js] [https://www.erminevo.it/] wp-includes/js/dist/vendor/wp-polyfill-inert.min.js
wp-includes/js/dist/vendor/regenerator-runtime.min.js
wp-includes/js/dist/vendor/wp-polyfill.min.js
wp-includes/js/dist/hooks.min.js
wp-includes/js/dist/i18n.min.js
[Tue, 13 Aug 2024 22:14:11 +0000] [/wp-content/cache/minify/b68ea.js] [https://www.erminevo.it/] wp-content/plugins/contact-form-7/includes/js/index.js
[Tue, 13 Aug 2024 22:14:11 +0000] [/wp-content/cache/minify/9ef10.js] [https://www.erminevo.it/] wp-content/plugins/page-scroll-to-id/js/page-scroll-to-id.min.js
wp-includes/js/hoverIntent.min.js
wp-content/themes/genesis/lib/js/menu/superfish.min.js
wp-content/themes/genesis/lib/js/menu/superfish.args.min.js
wp-content/themes/genesis/lib/js/skip-links.min.js
wp-content/themes/ErmiTheme/js/flickity.pkgd.min.js
[Tue, 13 Aug 2024 22:14:11 +0000] [/wp-content/cache/minify/a2afd.js] [https://www.erminevo.it/] wp-content/themes/genesis/lib/js/menu/responsive-menus.min.js
[Tue, 13 Aug 2024 22:14:11 +0000] [/wp-content/cache/minify/e8954.js] [https://www.erminevo.it/] wp-content/plugins/contact-form-7/modules/recaptcha/index.js
wp-content/plugins/wp-featherlight/js/wpFeatherlight.pkgd.min.js
[Thu, 15 Aug 2024 02:24:05 +0000] [/wp-content/cache/minify/1f540.js] [https://www.erminevo.it/] wp-content/plugins/contact-form-7/includes/swv/js/index.js
[Thu, 15 Aug 2024 02:24:05 +0000] [/wp-content/cache/minify/fdef4.css] [https://www.erminevo.it/] wp-content/plugins/cookie-law-info/legacy/public/css/cookie-law-info-gdpr.css
[Thu, 15 Aug 2024 19:53:19 +0000] [/wp-content/cache/minify/4e0b7.css] [https://www.erminevo.it/] wp-content/plugins/ermispettacoli/public/css/ermispettacoli-public.css
[Fri, 16 Aug 2024 06:57:28 +0000] [/wp-content/cache/minify/300ec.css] [https://www.erminevo.it/] wp-includes/css/dashicons.min.css
[Fri, 16 Aug 2024 06:57:29 +0000] [/wp-content/cache/minify/3888a.css] [https://www.erminevo.it/] wp-content/plugins/cookie-law-info/legacy/public/css/cookie-law-info-public.css
[Fri, 16 Aug 2024 06:57:29 +0000] [/wp-content/cache/minify/ffd7d.js] [https://www.erminevo.it/] wp-content/plugins/cookie-law-info/legacy/public/js/cookie-law-info-public.js
wp-content/plugins/ermispettacoli/public/js/ermispettacoli-public.js
[Fri, 16 Aug 2024 06:57:30 +0000] [/wp-content/cache/minify/15a18.css] [https://www.erminevo.it/] wp-content/themes/ErmiTheme/css/hamburgers.min.css
[Fri, 16 Aug 2024 06:57:31 +0000] [/wp-content/cache/minify/e8954.js] [https://www.erminevo.it/] wp-content/plugins/contact-form-7/modules/recaptcha/index.js
wp-content/plugins/wp-featherlight/js/wpFeatherlight.pkgd.min.js
[Fri, 16 Aug 2024 06:57:32 +0000] [/wp-content/cache/minify/9ef10.js] [https://www.erminevo.it/] wp-content/plugins/page-scroll-to-id/js/page-scroll-to-id.min.js
wp-includes/js/hoverIntent.min.js
wp-content/themes/genesis/lib/js/menu/superfish.min.js
wp-content/themes/genesis/lib/js/menu/superfish.args.min.js
wp-content/themes/genesis/lib/js/skip-links.min.js
wp-content/themes/ErmiTheme/js/flickity.pkgd.min.js
[Fri, 16 Aug 2024 06:57:32 +0000] [/wp-content/cache/minify/818c0.js] [https://www.erminevo.it/] wp-includes/js/jquery/jquery.min.js
wp-includes/js/jquery/jquery-migrate.min.js
[Sat, 17 Aug 2024 08:12:22 +0000] [/wp-content/cache/minify/d085d.css] [https://www.erminevo.it/] wp-content/plugins/wp-featherlight/css/wp-featherlight.min.css
[Sat, 17 Aug 2024 18:30:59 +0000] [/wp-content/cache/minify/f6500.css] [https://www.erminevo.it/] wp-content/themes/ErmiTheme/style.css
[Sat, 17 Aug 2024 18:30:59 +0000] [/wp-content/cache/minify/3888a.css] [https://www.erminevo.it/] wp-content/plugins/cookie-law-info/legacy/public/css/cookie-law-info-public.css
[Sat, 17 Aug 2024 18:31:01 +0000] [/wp-content/cache/minify/ffd7d.js] [https://www.erminevo.it/] wp-content/plugins/cookie-law-info/legacy/public/js/cookie-law-info-public.js
wp-content/plugins/ermispettacoli/public/js/ermispettacoli-public.js
[Sat, 17 Aug 2024 18:31:01 +0000] [/wp-content/cache/minify/15a18.css] [https://www.erminevo.it/] wp-content/themes/ErmiTheme/css/hamburgers.min.css
[Sat, 17 Aug 2024 18:31:01 +0000] [/wp-content/cache/minify/69e6a.css] [https://www.erminevo.it/] wp-content/themes/ErmiTheme/lib/gutenberg/front-end.css
[Sat, 17 Aug 2024 18:31:02 +0000] [/wp-content/cache/minify/b68ea.js] [https://www.erminevo.it/] wp-content/plugins/contact-form-7/includes/js/index.js
[Sat, 17 Aug 2024 18:31:02 +0000] [/wp-content/cache/minify/a5ff7.css] [https://www.erminevo.it/] wp-includes/css/dist/block-library/style.min.css
[Sat, 17 Aug 2024 18:31:03 +0000] [/wp-content/cache/minify/dd690.js] [https://www.erminevo.it/] wp-includes/js/dist/vendor/wp-polyfill-inert.min.js
wp-includes/js/dist/vendor/regenerator-runtime.min.js
wp-includes/js/dist/vendor/wp-polyfill.min.js
wp-includes/js/dist/hooks.min.js
wp-includes/js/dist/i18n.min.js
[Sat, 17 Aug 2024 18:31:04 +0000] [/wp-content/cache/minify/4c431.css] [https://www.erminevo.it/] wp-content/plugins/contact-form-7/includes/css/styles.css
[Sat, 17 Aug 2024 18:31:05 +0000] [/wp-content/cache/minify/1d685.css] [https://www.erminevo.it/] wp-content/themes/ErmiTheme/css/flickity.min.css
[Sun, 18 Aug 2024 06:08:17 +0000] [/wp-content/cache/minify/1f540.js] [-] wp-content/plugins/contact-form-7/includes/swv/js/index.js
[Sun, 18 Aug 2024 06:08:18 +0000] [/wp-content/cache/minify/300ec.css] [-] wp-includes/css/dashicons.min.css
[Sun, 18 Aug 2024 06:08:19 +0000] [/wp-content/cache/minify/a2afd.js] [-] wp-content/themes/genesis/lib/js/menu/responsive-menus.min.js
[Sun, 18 Aug 2024 06:08:19 +0000] [/wp-content/cache/minify/9ef10.js] [-] wp-content/plugins/page-scroll-to-id/js/page-scroll-to-id.min.js
wp-includes/js/hoverIntent.min.js
wp-content/themes/genesis/lib/js/menu/superfish.min.js
wp-content/themes/genesis/lib/js/menu/superfish.args.min.js
wp-content/themes/genesis/lib/js/skip-links.min.js
wp-content/themes/ErmiTheme/js/flickity.pkgd.min.js
[Sun, 18 Aug 2024 06:08:20 +0000] [/wp-content/cache/minify/e8954.js] [-] wp-content/plugins/contact-form-7/modules/recaptcha/index.js
wp-content/plugins/wp-featherlight/js/wpFeatherlight.pkgd.min.js
[Sun, 18 Aug 2024 06:08:26 +0000] [/wp-content/cache/minify/4e0b7.css] [-] wp-content/plugins/ermispettacoli/public/css/ermispettacoli-public.css
[Sun, 18 Aug 2024 06:08:27 +0000] [/wp-content/cache/minify/818c0.js] [-] wp-includes/js/jquery/jquery.min.js
wp-includes/js/jquery/jquery-migrate.min.js
[Sun, 18 Aug 2024 06:08:28 +0000] [/wp-content/cache/minify/fdef4.css] [-] wp-content/plugins/cookie-law-info/legacy/public/css/cookie-law-info-gdpr.css
[Sun, 18 Aug 2024 15:55:49 +0000] [/wp-content/cache/minify/d085d.css] [https://www.erminevo.it/privacy-policy/] wp-content/plugins/wp-featherlight/css/wp-featherlight.min.css
[Mon, 19 Aug 2024 19:13:08 +0000] [/wp-content/cache/minify/300ec.css] [https://www.erminevo.it/tag/erminevo/] wp-includes/css/dashicons.min.css
[Mon, 19 Aug 2024 19:13:09 +0000] [/wp-content/cache/minify/9ef10.js] [https://www.erminevo.it/tag/erminevo/] wp-content/plugins/page-scroll-to-id/js/page-scroll-to-id.min.js
wp-includes/js/hoverIntent.min.js
wp-content/themes/genesis/lib/js/menu/superfish.min.js
wp-content/themes/genesis/lib/js/menu/superfish.args.min.js
wp-content/themes/genesis/lib/js/skip-links.min.js
wp-content/themes/ErmiTheme/js/flickity.pkgd.min.js
[Mon, 19 Aug 2024 19:13:09 +0000] [/wp-content/cache/minify/1f540.js] [https://www.erminevo.it/tag/erminevo/] wp-content/plugins/contact-form-7/includes/swv/js/index.js
[Wed, 21 Aug 2024 03:16:12 +0000] [/wp-content/cache/minify/4c431.css] [https://www.erminevo.it/tag/auguri/] wp-content/plugins/contact-form-7/includes/css/styles.css
[Wed, 21 Aug 2024 03:16:12 +0000] [/wp-content/cache/minify/69e6a.css] [https://www.erminevo.it/tag/auguri/] wp-content/themes/ErmiTheme/lib/gutenberg/front-end.css
[Wed, 21 Aug 2024 03:16:13 +0000] [/wp-content/cache/minify/fdef4.css] [https://www.erminevo.it/tag/auguri/] wp-content/plugins/cookie-law-info/legacy/public/css/cookie-law-info-gdpr.css
[Wed, 21 Aug 2024 03:16:13 +0000] [/wp-content/cache/minify/15a18.css] [https://www.erminevo.it/tag/auguri/] wp-content/themes/ErmiTheme/css/hamburgers.min.css
[Wed, 21 Aug 2024 03:16:14 +0000] [/wp-content/cache/minify/b68ea.js] [https://www.erminevo.it/tag/auguri/] wp-content/plugins/contact-form-7/includes/js/index.js
[Wed, 21 Aug 2024 03:16:15 +0000] [/wp-content/cache/minify/e8954.js] [https://www.erminevo.it/tag/auguri/] wp-content/plugins/contact-form-7/modules/recaptcha/index.js
wp-content/plugins/wp-featherlight/js/wpFeatherlight.pkgd.min.js
[Wed, 21 Aug 2024 03:16:16 +0000] [/wp-content/cache/minify/a2afd.js] [https://www.erminevo.it/tag/auguri/] wp-content/themes/genesis/lib/js/menu/responsive-menus.min.js
[Thu, 22 Aug 2024 15:43:47 +0000] [/wp-content/cache/minify/ffd7d.js] [https://www.erminevo.it/amici-degli-anziani/] wp-content/plugins/cookie-law-info/legacy/public/js/cookie-law-info-public.js
wp-content/plugins/ermispettacoli/public/js/ermispettacoli-public.js
[Thu, 22 Aug 2024 15:43:48 +0000] [/wp-content/cache/minify/f6500.css] [https://www.erminevo.it/amici-degli-anziani/] wp-content/themes/ErmiTheme/style.css
[Thu, 22 Aug 2024 15:43:48 +0000] [/wp-content/cache/minify/d085d.css] [https://www.erminevo.it/amici-degli-anziani/] wp-content/plugins/wp-featherlight/css/wp-featherlight.min.css
[Thu, 22 Aug 2024 15:43:48 +0000] [/wp-content/cache/minify/9ef10.js] [https://www.erminevo.it/amici-degli-anziani/] wp-content/plugins/page-scroll-to-id/js/page-scroll-to-id.min.js
wp-includes/js/hoverIntent.min.js
wp-content/themes/genesis/lib/js/menu/superfish.min.js
wp-content/themes/genesis/lib/js/menu/superfish.args.min.js
wp-content/themes/genesis/lib/js/skip-links.min.js
wp-content/themes/ErmiTheme/js/flickity.pkgd.min.js
[Thu, 22 Aug 2024 15:43:49 +0000] [/wp-content/cache/minify/4e0b7.css] [https://www.erminevo.it/amici-degli-anziani/] wp-content/plugins/ermispettacoli/public/css/ermispettacoli-public.css
[Thu, 22 Aug 2024 15:43:49 +0000] [/wp-content/cache/minify/3888a.css] [https://www.erminevo.it/amici-degli-anziani/] wp-content/plugins/cookie-law-info/legacy/public/css/cookie-law-info-public.css
[Fri, 23 Aug 2024 08:49:10 +0000] [/wp-content/cache/minify/dd690.js] [https://www.erminevo.it/tag/auguri/] wp-includes/js/dist/vendor/wp-polyfill-inert.min.js
wp-includes/js/dist/vendor/regenerator-runtime.min.js
wp-includes/js/dist/vendor/wp-polyfill.min.js
wp-includes/js/dist/hooks.min.js
wp-includes/js/dist/i18n.min.js
[Fri, 23 Aug 2024 08:49:11 +0000] [/wp-content/cache/minify/15a18.css] [https://www.erminevo.it/tag/auguri/] wp-content/themes/ErmiTheme/css/hamburgers.min.css
[Sun, 25 Aug 2024 18:18:58 +0000] [/wp-content/cache/minify/69faf.js] [https://www.erminevo.it/rientro-dalle-vacanze-con-restile/] wp-includes/js/comment-reply.min.js
[Mon, 26 Aug 2024 02:35:57 +0000] [/wp-content/cache/minify/a5ff7.css] [https://www.erminevo.it/] wp-includes/css/dist/block-library/style.min.css
[Mon, 26 Aug 2024 02:35:58 +0000] [/wp-content/cache/minify/fdef4.css] [https://www.erminevo.it/] wp-content/plugins/cookie-law-info/legacy/public/css/cookie-law-info-gdpr.css
[Mon, 26 Aug 2024 18:06:43 +0000] [/wp-content/cache/minify/3888a.css] [https://www.erminevo.it/comune-di-lumezzane/] wp-content/plugins/cookie-law-info/legacy/public/css/cookie-law-info-public.css
[Mon, 26 Aug 2024 18:06:43 +0000] [/wp-content/cache/minify/818c0.js] [https://www.erminevo.it/comune-di-lumezzane/] wp-includes/js/jquery/jquery.min.js
wp-includes/js/jquery/jquery-migrate.min.js
[Mon, 26 Aug 2024 18:06:43 +0000] [/wp-content/cache/minify/f6500.css] [https://www.erminevo.it/comune-di-lumezzane/] wp-content/themes/ErmiTheme/style.css
[Mon, 26 Aug 2024 18:06:43 +0000] [/wp-content/cache/minify/ffd7d.js] [https://www.erminevo.it/comune-di-lumezzane/] wp-content/plugins/cookie-law-info/legacy/public/js/cookie-law-info-public.js
wp-content/plugins/ermispettacoli/public/js/ermispettacoli-public.js
[Mon, 26 Aug 2024 18:06:44 +0000] [/wp-content/cache/minify/d085d.css] [https://www.erminevo.it/comune-di-lumezzane/] wp-content/plugins/wp-featherlight/css/wp-featherlight.min.css
[Mon, 26 Aug 2024 18:06:44 +0000] [/wp-content/cache/minify/dd690.js] [https://www.erminevo.it/comune-di-lumezzane/] wp-includes/js/dist/vendor/wp-polyfill-inert.min.js
wp-includes/js/dist/vendor/regenerator-runtime.min.js
wp-includes/js/dist/vendor/wp-polyfill.min.js
wp-includes/js/dist/hooks.min.js
wp-includes/js/dist/i18n.min.js
[Mon, 26 Aug 2024 18:06:44 +0000] [/wp-content/cache/minify/15a18.css] [https://www.erminevo.it/comune-di-lumezzane/] wp-content/themes/ErmiTheme/css/hamburgers.min.css
[Mon, 26 Aug 2024 18:06:44 +0000] [/wp-content/cache/minify/4c431.css] [https://www.erminevo.it/comune-di-lumezzane/] wp-content/plugins/contact-form-7/includes/css/styles.css
[Mon, 26 Aug 2024 18:06:45 +0000] [/wp-content/cache/minify/4e0b7.css] [https://www.erminevo.it/comune-di-lumezzane/] wp-content/plugins/ermispettacoli/public/css/ermispettacoli-public.css
[Mon, 26 Aug 2024 18:06:45 +0000] [/wp-content/cache/minify/1d685.css] [https://www.erminevo.it/comune-di-lumezzane/] wp-content/themes/ErmiTheme/css/flickity.min.css
[Mon, 26 Aug 2024 18:06:45 +0000] [/wp-content/cache/minify/1f540.js] [https://www.erminevo.it/comune-di-lumezzane/] wp-content/plugins/contact-form-7/includes/swv/js/index.js
[Mon, 26 Aug 2024 18:06:45 +0000] [/wp-content/cache/minify/69e6a.css] [https://www.erminevo.it/comune-di-lumezzane/] wp-content/themes/ErmiTheme/lib/gutenberg/front-end.css
[Mon, 26 Aug 2024 18:06:46 +0000] [/wp-content/cache/minify/b68ea.js] [https://www.erminevo.it/comune-di-lumezzane/] wp-content/plugins/contact-form-7/includes/js/index.js
[Mon, 26 Aug 2024 18:06:47 +0000] [/wp-content/cache/minify/e8954.js] [https://www.erminevo.it/comune-di-lumezzane/] wp-content/plugins/contact-form-7/modules/recaptcha/index.js
wp-content/plugins/wp-featherlight/js/wpFeatherlight.pkgd.min.js
[Mon, 26 Aug 2024 18:06:47 +0000] [/wp-content/cache/minify/a2afd.js] [https://www.erminevo.it/comune-di-lumezzane/] wp-content/themes/genesis/lib/js/menu/responsive-menus.min.js
[Thu, 29 Aug 2024 08:19:01 +0000] [/wp-content/cache/minify/f6500.css] [https://www.erminevo.it/labirinti-teatrali/] wp-content/themes/ErmiTheme/style.css
[Thu, 29 Aug 2024 08:19:01 +0000] [/wp-content/cache/minify/fdef4.css] [https://www.erminevo.it/labirinti-teatrali/] wp-content/plugins/cookie-law-info/legacy/public/css/cookie-law-info-gdpr.css
[Thu, 29 Aug 2024 08:19:01 +0000] [/wp-content/cache/minify/3888a.css] [https://www.erminevo.it/labirinti-teatrali/] wp-content/plugins/cookie-law-info/legacy/public/css/cookie-law-info-public.css
[Thu, 29 Aug 2024 08:19:02 +0000] [/wp-content/cache/minify/4e0b7.css] [https://www.erminevo.it/labirinti-teatrali/] wp-content/plugins/ermispettacoli/public/css/ermispettacoli-public.css
[Thu, 29 Aug 2024 08:19:02 +0000] [/wp-content/cache/minify/a5ff7.css] [https://www.erminevo.it/labirinti-teatrali/] wp-includes/css/dist/block-library/style.min.css
[Thu, 29 Aug 2024 08:19:02 +0000] [/wp-content/cache/minify/4c431.css] [https://www.erminevo.it/labirinti-teatrali/] wp-content/plugins/contact-form-7/includes/css/styles.css
[Thu, 29 Aug 2024 08:19:02 +0000] [/wp-content/cache/minify/300ec.css] [https://www.erminevo.it/labirinti-teatrali/] wp-includes/css/dashicons.min.css
[Thu, 29 Aug 2024 08:19:03 +0000] [/wp-content/cache/minify/1d685.css] [https://www.erminevo.it/labirinti-teatrali/] wp-content/themes/ErmiTheme/css/flickity.min.css
[Thu, 29 Aug 2024 08:19:03 +0000] [/wp-content/cache/minify/15a18.css] [https://www.erminevo.it/labirinti-teatrali/] wp-content/themes/ErmiTheme/css/hamburgers.min.css
[Thu, 29 Aug 2024 08:19:04 +0000] [/wp-content/cache/minify/69e6a.css] [https://www.erminevo.it/labirinti-teatrali/] wp-content/themes/ErmiTheme/lib/gutenberg/front-end.css
[Thu, 29 Aug 2024 08:19:04 +0000] [/wp-content/cache/minify/d085d.css] [https://www.erminevo.it/labirinti-teatrali/] wp-content/plugins/wp-featherlight/css/wp-featherlight.min.css
[Thu, 29 Aug 2024 08:19:05 +0000] [/wp-content/cache/minify/818c0.js] [https://www.erminevo.it/labirinti-teatrali/] wp-includes/js/jquery/jquery.min.js
wp-includes/js/jquery/jquery-migrate.min.js
[Thu, 29 Aug 2024 08:19:05 +0000] [/wp-content/cache/minify/ffd7d.js] [https://www.erminevo.it/labirinti-teatrali/] wp-content/plugins/cookie-law-info/legacy/public/js/cookie-law-info-public.js
wp-content/plugins/ermispettacoli/public/js/ermispettacoli-public.js
[Thu, 29 Aug 2024 08:19:06 +0000] [/wp-content/cache/minify/dd690.js] [https://www.erminevo.it/labirinti-teatrali/] wp-includes/js/dist/vendor/wp-polyfill-inert.min.js
wp-includes/js/dist/vendor/regenerator-runtime.min.js
wp-includes/js/dist/vendor/wp-polyfill.min.js
wp-includes/js/dist/hooks.min.js
wp-includes/js/dist/i18n.min.js
[Thu, 29 Aug 2024 08:19:06 +0000] [/wp-content/cache/minify/1f540.js] [https://www.erminevo.it/labirinti-teatrali/] wp-content/plugins/contact-form-7/includes/swv/js/index.js
[Thu, 29 Aug 2024 08:19:07 +0000] [/wp-content/cache/minify/b68ea.js] [https://www.erminevo.it/labirinti-teatrali/] wp-content/plugins/contact-form-7/includes/js/index.js
[Thu, 29 Aug 2024 08:19:07 +0000] [/wp-content/cache/minify/9ef10.js] [https://www.erminevo.it/labirinti-teatrali/] wp-content/plugins/page-scroll-to-id/js/page-scroll-to-id.min.js
wp-includes/js/hoverIntent.min.js
wp-content/themes/genesis/lib/js/menu/superfish.min.js
wp-content/themes/genesis/lib/js/menu/superfish.args.min.js
wp-content/themes/genesis/lib/js/skip-links.min.js
wp-content/themes/ErmiTheme/js/flickity.pkgd.min.js
[Thu, 29 Aug 2024 08:19:08 +0000] [/wp-content/cache/minify/a2afd.js] [https://www.erminevo.it/labirinti-teatrali/] wp-content/themes/genesis/lib/js/menu/responsive-menus.min.js
[Thu, 29 Aug 2024 08:19:08 +0000] [/wp-content/cache/minify/e8954.js] [https://www.erminevo.it/labirinti-teatrali/] wp-content/plugins/contact-form-7/modules/recaptcha/index.js
wp-content/plugins/wp-featherlight/js/wpFeatherlight.pkgd.min.js
[Mon, 02 Sep 2024 01:55:44 +0000] [/wp-content/cache/minify/f6500.css] [https://www.erminevo.it/] wp-content/themes/ErmiTheme/style.css
[Mon, 02 Sep 2024 01:55:44 +0000] [/wp-content/cache/minify/69e6a.css] [https://www.erminevo.it/] wp-content/themes/ErmiTheme/lib/gutenberg/front-end.css
[Mon, 02 Sep 2024 01:55:44 +0000] [/wp-content/cache/minify/b68ea.js] [https://www.erminevo.it/] wp-content/plugins/contact-form-7/includes/js/index.js
[Wed, 04 Sep 2024 02:17:32 +0000] [/wp-content/cache/minify/4c431.css] [https://www.erminevo.it/limportanza-di-chiamarsi-ernest/] wp-content/plugins/contact-form-7/includes/css/styles.css
[Wed, 04 Sep 2024 02:17:32 +0000] [/wp-content/cache/minify/818c0.js] [https://www.erminevo.it/limportanza-di-chiamarsi-ernest/] wp-includes/js/jquery/jquery.min.js
wp-includes/js/jquery/jquery-migrate.min.js
[Wed, 04 Sep 2024 02:17:32 +0000] [/wp-content/cache/minify/a2afd.js] [https://www.erminevo.it/limportanza-di-chiamarsi-ernest/] wp-content/themes/genesis/lib/js/menu/responsive-menus.min.js
[Wed, 04 Sep 2024 02:17:33 +0000] [/wp-content/cache/minify/ffd7d.js] [https://www.erminevo.it/limportanza-di-chiamarsi-ernest/] wp-content/plugins/cookie-law-info/legacy/public/js/cookie-law-info-public.js
wp-content/plugins/ermispettacoli/public/js/ermispettacoli-public.js
[Wed, 04 Sep 2024 02:17:33 +0000] [/wp-content/cache/minify/69e6a.css] [https://www.erminevo.it/limportanza-di-chiamarsi-ernest/] wp-content/themes/ErmiTheme/lib/gutenberg/front-end.css
[Thu, 05 Sep 2024 02:17:48 +0000] [/wp-content/cache/minify/f6500.css] [https://www.erminevo.it/category/new/] wp-content/themes/ErmiTheme/style.css
[Thu, 05 Sep 2024 02:17:49 +0000] [/wp-content/cache/minify/4e0b7.css] [https://www.erminevo.it/category/new/] wp-content/plugins/ermispettacoli/public/css/ermispettacoli-public.css
[Thu, 05 Sep 2024 02:17:49 +0000] [/wp-content/cache/minify/a5ff7.css] [https://www.erminevo.it/category/new/] wp-includes/css/dist/block-library/style.min.css
[Thu, 05 Sep 2024 02:17:49 +0000] [/wp-content/cache/minify/3888a.css] [https://www.erminevo.it/category/new/] wp-content/plugins/cookie-law-info/legacy/public/css/cookie-law-info-public.css
[Thu, 05 Sep 2024 02:17:50 +0000] [/wp-content/cache/minify/fdef4.css] [https://www.erminevo.it/category/new/] wp-content/plugins/cookie-law-info/legacy/public/css/cookie-law-info-gdpr.css
[Thu, 05 Sep 2024 02:17:50 +0000] [/wp-content/cache/minify/300ec.css] [https://www.erminevo.it/category/new/] wp-includes/css/dashicons.min.css
[Thu, 05 Sep 2024 02:17:50 +0000] [/wp-content/cache/minify/1d685.css] [https://www.erminevo.it/category/new/] wp-content/themes/ErmiTheme/css/flickity.min.css
[Thu, 05 Sep 2024 02:17:51 +0000] [/wp-content/cache/minify/15a18.css] [https://www.erminevo.it/category/new/] wp-content/themes/ErmiTheme/css/hamburgers.min.css
[Thu, 05 Sep 2024 02:17:52 +0000] [/wp-content/cache/minify/d085d.css] [https://www.erminevo.it/category/new/] wp-content/plugins/wp-featherlight/css/wp-featherlight.min.css
[Thu, 05 Sep 2024 02:17:53 +0000] [/wp-content/cache/minify/dd690.js] [https://www.erminevo.it/category/new/] wp-includes/js/dist/vendor/wp-polyfill-inert.min.js
wp-includes/js/dist/vendor/regenerator-runtime.min.js
wp-includes/js/dist/vendor/wp-polyfill.min.js
wp-includes/js/dist/hooks.min.js
wp-includes/js/dist/i18n.min.js
[Thu, 05 Sep 2024 02:17:54 +0000] [/wp-content/cache/minify/1f540.js] [https://www.erminevo.it/category/new/] wp-content/plugins/contact-form-7/includes/swv/js/index.js
[Thu, 05 Sep 2024 02:17:54 +0000] [/wp-content/cache/minify/b68ea.js] [https://www.erminevo.it/category/new/] wp-content/plugins/contact-form-7/includes/js/index.js
[Thu, 05 Sep 2024 02:17:55 +0000] [/wp-content/cache/minify/9ef10.js] [https://www.erminevo.it/category/new/] wp-content/plugins/page-scroll-to-id/js/page-scroll-to-id.min.js
wp-includes/js/hoverIntent.min.js
wp-content/themes/genesis/lib/js/menu/superfish.min.js
wp-content/themes/genesis/lib/js/menu/superfish.args.min.js
wp-content/themes/genesis/lib/js/skip-links.min.js
wp-content/themes/ErmiTheme/js/flickity.pkgd.min.js
[Thu, 05 Sep 2024 02:17:56 +0000] [/wp-content/cache/minify/e8954.js] [https://www.erminevo.it/category/new/] wp-content/plugins/contact-form-7/modules/recaptcha/index.js
wp-content/plugins/wp-featherlight/js/wpFeatherlight.pkgd.min.js
[Thu, 05 Sep 2024 18:08:03 +0000] [/wp-content/cache/minify/818c0.js] [https://www.erminevo.it/] wp-includes/js/jquery/jquery.min.js
wp-includes/js/jquery/jquery-migrate.min.js
[Thu, 05 Sep 2024 18:08:04 +0000] [/wp-content/cache/minify/a2afd.js] [https://www.erminevo.it/] wp-content/themes/genesis/lib/js/menu/responsive-menus.min.js
[Fri, 06 Sep 2024 10:04:41 +0000] [/wp-content/cache/minify/4c431.css] [https://www.erminevo.it/] wp-content/plugins/contact-form-7/includes/css/styles.css
[Fri, 06 Sep 2024 10:04:42 +0000] [/wp-content/cache/minify/ffd7d.js] [https://www.erminevo.it/] wp-content/plugins/cookie-law-info/legacy/public/js/cookie-law-info-public.js
wp-content/plugins/ermispettacoli/public/js/ermispettacoli-public.js
[Fri, 06 Sep 2024 10:04:47 +0000] [/wp-content/cache/minify/69e6a.css] [https://www.erminevo.it/] wp-content/themes/ErmiTheme/lib/gutenberg/front-end.css
[Fri, 06 Sep 2024 22:18:19 +0000] [/wp-content/cache/minify/f6500.css] [https://www.erminevo.it/] wp-content/themes/ErmiTheme/style.css
[Fri, 06 Sep 2024 22:18:19 +0000] [/wp-content/cache/minify/3888a.css] [https://www.erminevo.it/] wp-content/plugins/cookie-law-info/legacy/public/css/cookie-law-info-public.css
[Fri, 06 Sep 2024 22:18:20 +0000] [/wp-content/cache/minify/fdef4.css] [https://www.erminevo.it/] wp-content/plugins/cookie-law-info/legacy/public/css/cookie-law-info-gdpr.css
[Fri, 06 Sep 2024 22:18:20 +0000] [/wp-content/cache/minify/a5ff7.css] [https://www.erminevo.it/] wp-includes/css/dist/block-library/style.min.css
[Fri, 06 Sep 2024 22:18:23 +0000] [/wp-content/cache/minify/4e0b7.css] [https://www.erminevo.it/] wp-content/plugins/ermispettacoli/public/css/ermispettacoli-public.css
[Fri, 06 Sep 2024 22:18:23 +0000] [/wp-content/cache/minify/15a18.css] [https://www.erminevo.it/] wp-content/themes/ErmiTheme/css/hamburgers.min.css
[Fri, 06 Sep 2024 22:18:23 +0000] [/wp-content/cache/minify/1d685.css] [https://www.erminevo.it/] wp-content/themes/ErmiTheme/css/flickity.min.css
[Fri, 06 Sep 2024 22:18:23 +0000] [/wp-content/cache/minify/300ec.css] [https://www.erminevo.it/] wp-includes/css/dashicons.min.css
[Fri, 06 Sep 2024 22:18:23 +0000] [/wp-content/cache/minify/d085d.css] [https://www.erminevo.it/] wp-content/plugins/wp-featherlight/css/wp-featherlight.min.css
[Fri, 06 Sep 2024 22:18:23 +0000] [/wp-content/cache/minify/dd690.js] [https://www.erminevo.it/] wp-includes/js/dist/vendor/wp-polyfill-inert.min.js
wp-includes/js/dist/vendor/regenerator-runtime.min.js
wp-includes/js/dist/vendor/wp-polyfill.min.js
wp-includes/js/dist/hooks.min.js
wp-includes/js/dist/i18n.min.js
[Fri, 06 Sep 2024 22:18:24 +0000] [/wp-content/cache/minify/1f540.js] [https://www.erminevo.it/] wp-content/plugins/contact-form-7/includes/swv/js/index.js
[Fri, 06 Sep 2024 22:18:24 +0000] [/wp-content/cache/minify/e8954.js] [https://www.erminevo.it/] wp-content/plugins/contact-form-7/modules/recaptcha/index.js
wp-content/plugins/wp-featherlight/js/wpFeatherlight.pkgd.min.js
[Fri, 06 Sep 2024 22:18:24 +0000] [/wp-content/cache/minify/9ef10.js] [https://www.erminevo.it/] wp-content/plugins/page-scroll-to-id/js/page-scroll-to-id.min.js
wp-includes/js/hoverIntent.min.js
wp-content/themes/genesis/lib/js/menu/superfish.min.js
wp-content/themes/genesis/lib/js/menu/superfish.args.min.js
wp-content/themes/genesis/lib/js/skip-links.min.js
wp-content/themes/ErmiTheme/js/flickity.pkgd.min.js
[Fri, 06 Sep 2024 22:18:24 +0000] [/wp-content/cache/minify/b68ea.js] [https://www.erminevo.it/] wp-content/plugins/contact-form-7/includes/js/index.js
[Sun, 08 Sep 2024 16:08:40 +0000] [/wp-content/cache/minify/f6500.css] [https://www.erminevo.it/] wp-content/themes/ErmiTheme/style.css
[Sun, 08 Sep 2024 16:08:42 +0000] [/wp-content/cache/minify/4c431.css] [https://www.erminevo.it/] wp-content/plugins/contact-form-7/includes/css/styles.css
[Sun, 08 Sep 2024 16:08:43 +0000] [/wp-content/cache/minify/4e0b7.css] [https://www.erminevo.it/] wp-content/plugins/ermispettacoli/public/css/ermispettacoli-public.css
[Sun, 08 Sep 2024 16:08:45 +0000] [/wp-content/cache/minify/3888a.css] [https://www.erminevo.it/] wp-content/plugins/cookie-law-info/legacy/public/css/cookie-law-info-public.css
[Sun, 08 Sep 2024 16:08:45 +0000] [/wp-content/cache/minify/a5ff7.css] [https://www.erminevo.it/] wp-includes/css/dist/block-library/style.min.css
[Sun, 08 Sep 2024 16:08:45 +0000] [/wp-content/cache/minify/15a18.css] [https://www.erminevo.it/] wp-content/themes/ErmiTheme/css/hamburgers.min.css
[Sun, 08 Sep 2024 16:08:45 +0000] [/wp-content/cache/minify/69e6a.css] [https://www.erminevo.it/] wp-content/themes/ErmiTheme/lib/gutenberg/front-end.css
[Sun, 08 Sep 2024 16:08:45 +0000] [/wp-content/cache/minify/fdef4.css] [https://www.erminevo.it/] wp-content/plugins/cookie-law-info/legacy/public/css/cookie-law-info-gdpr.css
[Sun, 08 Sep 2024 16:08:46 +0000] [/wp-content/cache/minify/300ec.css] [https://www.erminevo.it/] wp-includes/css/dashicons.min.css
[Sun, 08 Sep 2024 16:08:46 +0000] [/wp-content/cache/minify/1d685.css] [https://www.erminevo.it/] wp-content/themes/ErmiTheme/css/flickity.min.css
[Sun, 08 Sep 2024 17:06:37 +0000] [/wp-content/cache/minify/ffd7d.js] [https://www.erminevo.it/] wp-content/plugins/cookie-law-info/legacy/public/js/cookie-law-info-public.js
wp-content/plugins/ermispettacoli/public/js/ermispettacoli-public.js
[Sun, 08 Sep 2024 17:06:39 +0000] [/wp-content/cache/minify/dd690.js] [https://www.erminevo.it/] wp-includes/js/dist/vendor/wp-polyfill-inert.min.js
wp-includes/js/dist/vendor/regenerator-runtime.min.js
wp-includes/js/dist/vendor/wp-polyfill.min.js
wp-includes/js/dist/hooks.min.js
wp-includes/js/dist/i18n.min.js
[Mon, 09 Sep 2024 15:42:34 +0000] [/wp-content/cache/minify/d085d.css] [https://www.erminevo.it/] wp-content/plugins/wp-featherlight/css/wp-featherlight.min.css
[Mon, 09 Sep 2024 15:42:34 +0000] [/wp-content/cache/minify/1f540.js] [https://www.erminevo.it/] wp-content/plugins/contact-form-7/includes/swv/js/index.js
[Mon, 09 Sep 2024 15:42:35 +0000] [/wp-content/cache/minify/818c0.js] [https://www.erminevo.it/] wp-includes/js/jquery/jquery.min.js
wp-includes/js/jquery/jquery-migrate.min.js
[Mon, 09 Sep 2024 15:42:35 +0000] [/wp-content/cache/minify/a2afd.js] [https://www.erminevo.it/] wp-content/themes/genesis/lib/js/menu/responsive-menus.min.js
[Mon, 09 Sep 2024 15:42:36 +0000] [/wp-content/cache/minify/9ef10.js] [https://www.erminevo.it/] wp-content/plugins/page-scroll-to-id/js/page-scroll-to-id.min.js
wp-includes/js/hoverIntent.min.js
wp-content/themes/genesis/lib/js/menu/superfish.min.js
wp-content/themes/genesis/lib/js/menu/superfish.args.min.js
wp-content/themes/genesis/lib/js/skip-links.min.js
wp-content/themes/ErmiTheme/js/flickity.pkgd.min.js
[Mon, 09 Sep 2024 15:42:36 +0000] [/wp-content/cache/minify/b68ea.js] [https://www.erminevo.it/] wp-content/plugins/contact-form-7/includes/js/index.js
[Mon, 09 Sep 2024 15:42:36 +0000] [/wp-content/cache/minify/e8954.js] [https://www.erminevo.it/] wp-content/plugins/contact-form-7/modules/recaptcha/index.js
wp-content/plugins/wp-featherlight/js/wpFeatherlight.pkgd.min.js
[Wed, 11 Sep 2024 13:42:50 +0000] [/wp-content/cache/minify/a5ff7.css] [https://www.erminevo.it/] wp-includes/css/dist/block-library/style.min.css
[Wed, 11 Sep 2024 13:42:50 +0000] [/wp-content/cache/minify/f6500.css] [https://www.erminevo.it/] wp-content/themes/ErmiTheme/style.css
[Wed, 11 Sep 2024 13:42:51 +0000] [/wp-content/cache/minify/3888a.css] [https://www.erminevo.it/] wp-content/plugins/cookie-law-info/legacy/public/css/cookie-law-info-public.css
[Wed, 11 Sep 2024 13:42:51 +0000] [/wp-content/cache/minify/4e0b7.css] [https://www.erminevo.it/] wp-content/plugins/ermispettacoli/public/css/ermispettacoli-public.css
[Wed, 11 Sep 2024 13:42:52 +0000] [/wp-content/cache/minify/4c431.css] [https://www.erminevo.it/] wp-content/plugins/contact-form-7/includes/css/styles.css
[Wed, 11 Sep 2024 13:42:53 +0000] [/wp-content/cache/minify/fdef4.css] [https://www.erminevo.it/] wp-content/plugins/cookie-law-info/legacy/public/css/cookie-law-info-gdpr.css
[Wed, 11 Sep 2024 13:42:53 +0000] [/wp-content/cache/minify/1d685.css] [https://www.erminevo.it/] wp-content/themes/ErmiTheme/css/flickity.min.css
[Wed, 11 Sep 2024 13:42:53 +0000] [/wp-content/cache/minify/300ec.css] [https://www.erminevo.it/] wp-includes/css/dashicons.min.css
[Wed, 11 Sep 2024 13:42:53 +0000] [/wp-content/cache/minify/15a18.css] [https://www.erminevo.it/] wp-content/themes/ErmiTheme/css/hamburgers.min.css
[Wed, 11 Sep 2024 13:42:54 +0000] [/wp-content/cache/minify/69e6a.css] [https://www.erminevo.it/] wp-content/themes/ErmiTheme/lib/gutenberg/front-end.css
[Wed, 11 Sep 2024 13:42:54 +0000] [/wp-content/cache/minify/d085d.css] [https://www.erminevo.it/] wp-content/plugins/wp-featherlight/css/wp-featherlight.min.css
[Wed, 11 Sep 2024 13:42:54 +0000] [/wp-content/cache/minify/818c0.js] [https://www.erminevo.it/] wp-includes/js/jquery/jquery.min.js
wp-includes/js/jquery/jquery-migrate.min.js
[Wed, 11 Sep 2024 13:42:55 +0000] [/wp-content/cache/minify/ffd7d.js] [https://www.erminevo.it/] wp-content/plugins/cookie-law-info/legacy/public/js/cookie-law-info-public.js
wp-content/plugins/ermispettacoli/public/js/ermispettacoli-public.js
[Wed, 11 Sep 2024 13:42:56 +0000] [/wp-content/cache/minify/dd690.js] [https://www.erminevo.it/] wp-includes/js/dist/vendor/wp-polyfill-inert.min.js
wp-includes/js/dist/vendor/regenerator-runtime.min.js
wp-includes/js/dist/vendor/wp-polyfill.min.js
wp-includes/js/dist/hooks.min.js
wp-includes/js/dist/i18n.min.js
[Wed, 11 Sep 2024 13:42:56 +0000] [/wp-content/cache/minify/1f540.js] [https://www.erminevo.it/] wp-content/plugins/contact-form-7/includes/swv/js/index.js
[Wed, 11 Sep 2024 13:42:56 +0000] [/wp-content/cache/minify/b68ea.js] [https://www.erminevo.it/] wp-content/plugins/contact-form-7/includes/js/index.js
[Wed, 11 Sep 2024 13:42:57 +0000] [/wp-content/cache/minify/9ef10.js] [https://www.erminevo.it/] wp-content/plugins/page-scroll-to-id/js/page-scroll-to-id.min.js
wp-includes/js/hoverIntent.min.js
wp-content/themes/genesis/lib/js/menu/superfish.min.js
wp-content/themes/genesis/lib/js/menu/superfish.args.min.js
wp-content/themes/genesis/lib/js/skip-links.min.js
wp-content/themes/ErmiTheme/js/flickity.pkgd.min.js
[Wed, 11 Sep 2024 13:42:57 +0000] [/wp-content/cache/minify/a2afd.js] [https://www.erminevo.it/] wp-content/themes/genesis/lib/js/menu/responsive-menus.min.js
[Wed, 11 Sep 2024 13:42:58 +0000] [/wp-content/cache/minify/e8954.js] [https://www.erminevo.it/] wp-content/plugins/contact-form-7/modules/recaptcha/index.js
wp-content/plugins/wp-featherlight/js/wpFeatherlight.pkgd.min.js
[Thu, 12 Sep 2024 16:39:32 +0000] [/wp-content/cache/minify/4e0b7.css] [https://www.erminevo.it/dreamusical/] wp-content/plugins/ermispettacoli/public/css/ermispettacoli-public.css
[Thu, 12 Sep 2024 16:39:32 +0000] [/wp-content/cache/minify/9ef10.js] [https://www.erminevo.it/dreamusical/] wp-content/plugins/page-scroll-to-id/js/page-scroll-to-id.min.js
wp-includes/js/hoverIntent.min.js
wp-content/themes/genesis/lib/js/menu/superfish.min.js
wp-content/themes/genesis/lib/js/menu/superfish.args.min.js
wp-content/themes/genesis/lib/js/skip-links.min.js
wp-content/themes/ErmiTheme/js/flickity.pkgd.min.js
[Thu, 12 Sep 2024 16:39:32 +0000] [/wp-content/cache/minify/a2afd.js] [https://www.erminevo.it/dreamusical/] wp-content/themes/genesis/lib/js/menu/responsive-menus.min.js
[Thu, 12 Sep 2024 16:41:52 +0000] [/wp-content/cache/minify/4c431.css] [https://www.erminevo.it/tag/premiosipario2023/] wp-content/plugins/contact-form-7/includes/css/styles.css
[Thu, 12 Sep 2024 16:41:52 +0000] [/wp-content/cache/minify/f6500.css] [https://www.erminevo.it/tag/premiosipario2023/] wp-content/themes/ErmiTheme/style.css
[Thu, 12 Sep 2024 16:41:53 +0000] [/wp-content/cache/minify/3888a.css] [https://www.erminevo.it/tag/premiosipario2023/] wp-content/plugins/cookie-law-info/legacy/public/css/cookie-law-info-public.css
[Thu, 12 Sep 2024 16:41:53 +0000] [/wp-content/cache/minify/fdef4.css] [https://www.erminevo.it/tag/premiosipario2023/] wp-content/plugins/cookie-law-info/legacy/public/css/cookie-law-info-gdpr.css
[Thu, 12 Sep 2024 16:41:54 +0000] [/wp-content/cache/minify/300ec.css] [https://www.erminevo.it/tag/premiosipario2023/] wp-includes/css/dashicons.min.css
[Thu, 12 Sep 2024 16:41:54 +0000] [/wp-content/cache/minify/a5ff7.css] [https://www.erminevo.it/tag/premiosipario2023/] wp-includes/css/dist/block-library/style.min.css
[Thu, 12 Sep 2024 16:41:55 +0000] [/wp-content/cache/minify/15a18.css] [https://www.erminevo.it/tag/premiosipario2023/] wp-content/themes/ErmiTheme/css/hamburgers.min.css
[Thu, 12 Sep 2024 16:41:55 +0000] [/wp-content/cache/minify/1d685.css] [https://www.erminevo.it/tag/premiosipario2023/] wp-content/themes/ErmiTheme/css/flickity.min.css
[Thu, 12 Sep 2024 16:41:56 +0000] [/wp-content/cache/minify/69e6a.css] [https://www.erminevo.it/tag/premiosipario2023/] wp-content/themes/ErmiTheme/lib/gutenberg/front-end.css
[Thu, 12 Sep 2024 16:41:56 +0000] [/wp-content/cache/minify/818c0.js] [https://www.erminevo.it/tag/premiosipario2023/] wp-includes/js/jquery/jquery.min.js
wp-includes/js/jquery/jquery-migrate.min.js
[Thu, 12 Sep 2024 16:41:56 +0000] [/wp-content/cache/minify/d085d.css] [https://www.erminevo.it/tag/premiosipario2023/] wp-content/plugins/wp-featherlight/css/wp-featherlight.min.css
[Thu, 12 Sep 2024 16:41:57 +0000] [/wp-content/cache/minify/ffd7d.js] [https://www.erminevo.it/tag/premiosipario2023/] wp-content/plugins/cookie-law-info/legacy/public/js/cookie-law-info-public.js
wp-content/plugins/ermispettacoli/public/js/ermispettacoli-public.js
[Thu, 12 Sep 2024 16:41:57 +0000] [/wp-content/cache/minify/1f540.js] [https://www.erminevo.it/tag/premiosipario2023/] wp-content/plugins/contact-form-7/includes/swv/js/index.js
[Thu, 12 Sep 2024 16:41:58 +0000] [/wp-content/cache/minify/dd690.js] [https://www.erminevo.it/tag/premiosipario2023/] wp-includes/js/dist/vendor/wp-polyfill-inert.min.js
wp-includes/js/dist/vendor/regenerator-runtime.min.js
wp-includes/js/dist/vendor/wp-polyfill.min.js
wp-includes/js/dist/hooks.min.js
wp-includes/js/dist/i18n.min.js
[Thu, 12 Sep 2024 16:41:59 +0000] [/wp-content/cache/minify/b68ea.js] [https://www.erminevo.it/tag/premiosipario2023/] wp-content/plugins/contact-form-7/includes/js/index.js
[Thu, 12 Sep 2024 16:42:00 +0000] [/wp-content/cache/minify/e8954.js] [https://www.erminevo.it/tag/premiosipario2023/] wp-content/plugins/contact-form-7/modules/recaptcha/index.js
wp-content/plugins/wp-featherlight/js/wpFeatherlight.pkgd.min.js
[Fri, 13 Sep 2024 07:26:34 +0000] [/wp-content/cache/minify/20c5a.css] [https://www.erminevo.it/erminevo-in-concorso/] wp-includes/css/admin-bar.min.css
[Fri, 13 Sep 2024 07:26:34 +0000] [/wp-content/cache/minify/26fb7.css] [https://www.erminevo.it/erminevo-in-concorso/] wp-content/plugins/wp-mail-smtp/assets/css/admin-bar.min.css
[Fri, 13 Sep 2024 07:26:35 +0000] [/wp-content/cache/minify/4b0cc.js] [https://www.erminevo.it/erminevo-in-concorso/] wp-includes/js/hoverintent-js.min.js
wp-includes/js/admin-bar.min.js
wp-includes/js/dist/vendor/wp-polyfill-inert.min.js
wp-includes/js/dist/vendor/regenerator-runtime.min.js
wp-includes/js/dist/vendor/wp-polyfill.min.js
wp-includes/js/dist/hooks.min.js
wp-includes/js/dist/i18n.min.js
[Fri, 13 Sep 2024 19:11:00 +0000] [/wp-content/cache/minify/818c0.js] [https://www.erminevo.it/coppie-scoppiate/] wp-includes/js/jquery/jquery.min.js
wp-includes/js/jquery/jquery-migrate.min.js
[Sat, 14 Sep 2024 12:23:47 +0000] [/wp-content/cache/minify/300ec.css] [https://www.erminevo.it/unora-di-tranquillita/] wp-includes/css/dashicons.min.css
[Sun, 15 Sep 2024 03:13:05 +0000] [/wp-content/cache/minify/e8954.js] [-] wp-content/plugins/contact-form-7/modules/recaptcha/index.js
wp-content/plugins/wp-featherlight/js/wpFeatherlight.pkgd.min.js
[Sun, 15 Sep 2024 03:13:05 +0000] [/wp-content/cache/minify/9ef10.js] [-] wp-content/plugins/page-scroll-to-id/js/page-scroll-to-id.min.js
wp-includes/js/hoverIntent.min.js
wp-content/themes/genesis/lib/js/menu/superfish.min.js
wp-content/themes/genesis/lib/js/menu/superfish.args.min.js
wp-content/themes/genesis/lib/js/skip-links.min.js
wp-content/themes/ErmiTheme/js/flickity.pkgd.min.js
[Sun, 15 Sep 2024 03:13:06 +0000] [/wp-content/cache/minify/a2afd.js] [-] wp-content/themes/genesis/lib/js/menu/responsive-menus.min.js
[Sun, 15 Sep 2024 03:13:06 +0000] [/wp-content/cache/minify/1f540.js] [-] wp-content/plugins/contact-form-7/includes/swv/js/index.js
[Sun, 15 Sep 2024 03:13:06 +0000] [/wp-content/cache/minify/ffd7d.js] [-] wp-content/plugins/cookie-law-info/legacy/public/js/cookie-law-info-public.js
wp-content/plugins/ermispettacoli/public/js/ermispettacoli-public.js
[Sun, 15 Sep 2024 03:13:07 +0000] [/wp-content/cache/minify/dd690.js] [-] wp-includes/js/dist/vendor/wp-polyfill-inert.min.js
wp-includes/js/dist/vendor/regenerator-runtime.min.js
wp-includes/js/dist/vendor/wp-polyfill.min.js
wp-includes/js/dist/hooks.min.js
wp-includes/js/dist/i18n.min.js
[Sun, 15 Sep 2024 03:13:07 +0000] [/wp-content/cache/minify/b68ea.js] [-] wp-content/plugins/contact-form-7/includes/js/index.js
[Mon, 16 Sep 2024 08:49:11 +0000] [/wp-content/cache/minify/f6500.css] [https://www.erminevo.it/] wp-content/themes/ErmiTheme/style.css
[Mon, 16 Sep 2024 08:49:12 +0000] [/wp-content/cache/minify/4c431.css] [https://www.erminevo.it/] wp-content/plugins/contact-form-7/includes/css/styles.css
[Mon, 16 Sep 2024 08:49:14 +0000] [/wp-content/cache/minify/300ec.css] [https://www.erminevo.it/] wp-includes/css/dashicons.min.css
[Mon, 16 Sep 2024 08:49:15 +0000] [/wp-content/cache/minify/818c0.js] [https://www.erminevo.it/] wp-includes/js/jquery/jquery.min.js
wp-includes/js/jquery/jquery-migrate.min.js
[Mon, 16 Sep 2024 08:49:16 +0000] [/wp-content/cache/minify/15a18.css] [https://www.erminevo.it/] wp-content/themes/ErmiTheme/css/hamburgers.min.css
[Mon, 16 Sep 2024 08:49:17 +0000] [/wp-content/cache/minify/69e6a.css] [https://www.erminevo.it/] wp-content/themes/ErmiTheme/lib/gutenberg/front-end.css
[Mon, 16 Sep 2024 08:49:17 +0000] [/wp-content/cache/minify/fdef4.css] [https://www.erminevo.it/] wp-content/plugins/cookie-law-info/legacy/public/css/cookie-law-info-gdpr.css
[Mon, 16 Sep 2024 08:49:17 +0000] [/wp-content/cache/minify/a5ff7.css] [https://www.erminevo.it/] wp-includes/css/dist/block-library/style.min.css
[Mon, 16 Sep 2024 08:49:17 +0000] [/wp-content/cache/minify/3888a.css] [https://www.erminevo.it/] wp-content/plugins/cookie-law-info/legacy/public/css/cookie-law-info-public.css
[Mon, 16 Sep 2024 08:49:17 +0000] [/wp-content/cache/minify/4e0b7.css] [https://www.erminevo.it/] wp-content/plugins/ermispettacoli/public/css/ermispettacoli-public.css
[Mon, 16 Sep 2024 08:49:17 +0000] [/wp-content/cache/minify/1d685.css] [https://www.erminevo.it/] wp-content/themes/ErmiTheme/css/flickity.min.css
[Mon, 16 Sep 2024 08:49:17 +0000] [/wp-content/cache/minify/d085d.css] [https://www.erminevo.it/] wp-content/plugins/wp-featherlight/css/wp-featherlight.min.css
[Tue, 17 Sep 2024 18:38:53 +0000] [/wp-content/cache/minify/818c0.js] [-] wp-includes/js/jquery/jquery.min.js
wp-includes/js/jquery/jquery-migrate.min.js
[Tue, 17 Sep 2024 18:38:54 +0000] [/wp-content/cache/minify/b68ea.js] [-] wp-content/plugins/contact-form-7/includes/js/index.js
[Tue, 17 Sep 2024 18:38:54 +0000] [/wp-content/cache/minify/1f540.js] [-] wp-content/plugins/contact-form-7/includes/swv/js/index.js
[Tue, 17 Sep 2024 18:38:54 +0000] [/wp-content/cache/minify/9ef10.js] [-] wp-content/plugins/page-scroll-to-id/js/page-scroll-to-id.min.js
wp-includes/js/hoverIntent.min.js
wp-content/themes/genesis/lib/js/menu/superfish.min.js
wp-content/themes/genesis/lib/js/menu/superfish.args.min.js
wp-content/themes/genesis/lib/js/skip-links.min.js
wp-content/themes/ErmiTheme/js/flickity.pkgd.min.js
[Tue, 17 Sep 2024 18:38:54 +0000] [/wp-content/cache/minify/ffd7d.js] [-] wp-content/plugins/cookie-law-info/legacy/public/js/cookie-law-info-public.js
wp-content/plugins/ermispettacoli/public/js/ermispettacoli-public.js
[Tue, 17 Sep 2024 18:38:55 +0000] [/wp-content/cache/minify/a2afd.js] [-] wp-content/themes/genesis/lib/js/menu/responsive-menus.min.js
[Tue, 17 Sep 2024 18:38:55 +0000] [/wp-content/cache/minify/e8954.js] [-] wp-content/plugins/contact-form-7/modules/recaptcha/index.js
wp-content/plugins/wp-featherlight/js/wpFeatherlight.pkgd.min.js
[Tue, 17 Sep 2024 18:38:55 +0000] [/wp-content/cache/minify/dd690.js] [-] wp-includes/js/dist/vendor/wp-polyfill-inert.min.js
wp-includes/js/dist/vendor/regenerator-runtime.min.js
wp-includes/js/dist/vendor/wp-polyfill.min.js
wp-includes/js/dist/hooks.min.js
wp-includes/js/dist/i18n.min.js
[Wed, 18 Sep 2024 01:02:28 +0000] [/wp-content/cache/minify/3888a.css] [https://www.erminevo.it/] wp-content/plugins/cookie-law-info/legacy/public/css/cookie-law-info-public.css
[Wed, 18 Sep 2024 01:02:28 +0000] [/wp-content/cache/minify/a5ff7.css] [https://www.erminevo.it/] wp-includes/css/dist/block-library/style.min.css
[Wed, 18 Sep 2024 01:02:28 +0000] [/wp-content/cache/minify/69e6a.css] [https://www.erminevo.it/] wp-content/themes/ErmiTheme/lib/gutenberg/front-end.css
[Wed, 18 Sep 2024 01:02:28 +0000] [/wp-content/cache/minify/f6500.css] [https://www.erminevo.it/] wp-content/themes/ErmiTheme/style.css
[Wed, 18 Sep 2024 01:02:28 +0000] [/wp-content/cache/minify/4c431.css] [https://www.erminevo.it/] wp-content/plugins/contact-form-7/includes/css/styles.css
[Wed, 18 Sep 2024 01:02:28 +0000] [/wp-content/cache/minify/15a18.css] [https://www.erminevo.it/] wp-content/themes/ErmiTheme/css/hamburgers.min.css
[Wed, 18 Sep 2024 01:02:28 +0000] [/wp-content/cache/minify/4e0b7.css] [https://www.erminevo.it/] wp-content/plugins/ermispettacoli/public/css/ermispettacoli-public.css
[Wed, 18 Sep 2024 01:02:28 +0000] [/wp-content/cache/minify/fdef4.css] [https://www.erminevo.it/] wp-content/plugins/cookie-law-info/legacy/public/css/cookie-law-info-gdpr.css
[Wed, 18 Sep 2024 01:02:28 +0000] [/wp-content/cache/minify/d085d.css] [https://www.erminevo.it/] wp-content/plugins/wp-featherlight/css/wp-featherlight.min.css
[Wed, 18 Sep 2024 01:02:28 +0000] [/wp-content/cache/minify/300ec.css] [https://www.erminevo.it/] wp-includes/css/dashicons.min.css
[Wed, 18 Sep 2024 01:02:28 +0000] [/wp-content/cache/minify/1d685.css] [https://www.erminevo.it/] wp-content/themes/ErmiTheme/css/flickity.min.css
[Sat, 21 Sep 2024 01:43:57 +0000] [/wp-content/cache/minify/f6500.css] [https://www.erminevo.it/] wp-content/themes/ErmiTheme/style.css
[Sat, 21 Sep 2024 01:43:58 +0000] [/wp-content/cache/minify/300ec.css] [https://www.erminevo.it/] wp-includes/css/dashicons.min.css
[Sat, 21 Sep 2024 01:43:58 +0000] [/wp-content/cache/minify/4e0b7.css] [https://www.erminevo.it/] wp-content/plugins/ermispettacoli/public/css/ermispettacoli-public.css
[Sat, 21 Sep 2024 01:43:59 +0000] [/wp-content/cache/minify/ffd7d.js] [https://www.erminevo.it/] wp-content/plugins/cookie-law-info/legacy/public/js/cookie-law-info-public.js
wp-content/plugins/ermispettacoli/public/js/ermispettacoli-public.js
[Sat, 21 Sep 2024 01:43:59 +0000] [/wp-content/cache/minify/15a18.css] [https://www.erminevo.it/] wp-content/themes/ErmiTheme/css/hamburgers.min.css
[Sat, 21 Sep 2024 01:44:00 +0000] [/wp-content/cache/minify/818c0.js] [https://www.erminevo.it/] wp-includes/js/jquery/jquery.min.js
wp-includes/js/jquery/jquery-migrate.min.js
[Sat, 21 Sep 2024 01:44:00 +0000] [/wp-content/cache/minify/d085d.css] [https://www.erminevo.it/] wp-content/plugins/wp-featherlight/css/wp-featherlight.min.css
[Sat, 21 Sep 2024 01:44:02 +0000] [/wp-content/cache/minify/69e6a.css] [https://www.erminevo.it/] wp-content/themes/ErmiTheme/lib/gutenberg/front-end.css
[Sat, 21 Sep 2024 01:44:02 +0000] [/wp-content/cache/minify/1d685.css] [https://www.erminevo.it/] wp-content/themes/ErmiTheme/css/flickity.min.css
[Sat, 21 Sep 2024 01:44:02 +0000] [/wp-content/cache/minify/3888a.css] [https://www.erminevo.it/] wp-content/plugins/cookie-law-info/legacy/public/css/cookie-law-info-public.css
[Sat, 21 Sep 2024 01:44:02 +0000] [/wp-content/cache/minify/a5ff7.css] [https://www.erminevo.it/] wp-includes/css/dist/block-library/style.min.css
[Sat, 21 Sep 2024 01:44:02 +0000] [/wp-content/cache/minify/fdef4.css] [https://www.erminevo.it/] wp-content/plugins/cookie-law-info/legacy/public/css/cookie-law-info-gdpr.css
[Sat, 21 Sep 2024 01:44:02 +0000] [/wp-content/cache/minify/4c431.css] [https://www.erminevo.it/] wp-content/plugins/contact-form-7/includes/css/styles.css
[Sat, 21 Sep 2024 01:44:02 +0000] [/wp-content/cache/minify/1f540.js] [https://www.erminevo.it/] wp-content/plugins/contact-form-7/includes/swv/js/index.js
[Sat, 21 Sep 2024 01:44:02 +0000] [/wp-content/cache/minify/dd690.js] [https://www.erminevo.it/] wp-includes/js/dist/vendor/wp-polyfill-inert.min.js
wp-includes/js/dist/vendor/regenerator-runtime.min.js
wp-includes/js/dist/vendor/wp-polyfill.min.js
wp-includes/js/dist/hooks.min.js
wp-includes/js/dist/i18n.min.js
[Sat, 21 Sep 2024 01:44:02 +0000] [/wp-content/cache/minify/b68ea.js] [https://www.erminevo.it/] wp-content/plugins/contact-form-7/includes/js/index.js
[Sat, 21 Sep 2024 01:44:02 +0000] [/wp-content/cache/minify/e8954.js] [https://www.erminevo.it/] wp-content/plugins/contact-form-7/modules/recaptcha/index.js
wp-content/plugins/wp-featherlight/js/wpFeatherlight.pkgd.min.js
[Sat, 21 Sep 2024 01:44:02 +0000] [/wp-content/cache/minify/a2afd.js] [https://www.erminevo.it/] wp-content/themes/genesis/lib/js/menu/responsive-menus.min.js
[Sat, 21 Sep 2024 01:44:02 +0000] [/wp-content/cache/minify/9ef10.js] [https://www.erminevo.it/] wp-content/plugins/page-scroll-to-id/js/page-scroll-to-id.min.js
wp-includes/js/hoverIntent.min.js
wp-content/themes/genesis/lib/js/menu/superfish.min.js
wp-content/themes/genesis/lib/js/menu/superfish.args.min.js
wp-content/themes/genesis/lib/js/skip-links.min.js
wp-content/themes/ErmiTheme/js/flickity.pkgd.min.js
[Mon, 23 Sep 2024 01:44:57 +0000] [/wp-content/cache/minify/4c431.css] [https://www.erminevo.it/unora-di-tranquillita/] wp-content/plugins/contact-form-7/includes/css/styles.css
[Mon, 23 Sep 2024 01:44:57 +0000] [/wp-content/cache/minify/b68ea.js] [https://www.erminevo.it/unora-di-tranquillita/] wp-content/plugins/contact-form-7/includes/js/index.js
[Mon, 23 Sep 2024 01:44:58 +0000] [/wp-content/cache/minify/1f540.js] [https://www.erminevo.it/unora-di-tranquillita/] wp-content/plugins/contact-form-7/includes/swv/js/index.js
[Mon, 23 Sep 2024 01:44:59 +0000] [/wp-content/cache/minify/818c0.js] [https://www.erminevo.it/unora-di-tranquillita/] wp-includes/js/jquery/jquery.min.js
wp-includes/js/jquery/jquery-migrate.min.js
[Mon, 23 Sep 2024 01:44:59 +0000] [/wp-content/cache/minify/1d685.css] [https://www.erminevo.it/unora-di-tranquillita/] wp-content/themes/ErmiTheme/css/flickity.min.css
[Mon, 23 Sep 2024 01:45:00 +0000] [/wp-content/cache/minify/a2afd.js] [https://www.erminevo.it/unora-di-tranquillita/] wp-content/themes/genesis/lib/js/menu/responsive-menus.min.js
[Mon, 23 Sep 2024 01:45:01 +0000] [/wp-content/cache/minify/e8954.js] [https://www.erminevo.it/unora-di-tranquillita/] wp-content/plugins/contact-form-7/modules/recaptcha/index.js
wp-content/plugins/wp-featherlight/js/wpFeatherlight.pkgd.min.js
[Mon, 23 Sep 2024 07:04:50 +0000] [/wp-content/cache/minify/f6500.css] [https://www.erminevo.it/] wp-content/themes/ErmiTheme/style.css
[Mon, 23 Sep 2024 07:04:51 +0000] [/wp-content/cache/minify/a5ff7.css] [https://www.erminevo.it/] wp-includes/css/dist/block-library/style.min.css
[Mon, 23 Sep 2024 07:04:53 +0000] [/wp-content/cache/minify/ffd7d.js] [https://www.erminevo.it/] wp-content/plugins/cookie-law-info/legacy/public/js/cookie-law-info-public.js
wp-content/plugins/ermispettacoli/public/js/ermispettacoli-public.js
[Mon, 23 Sep 2024 07:04:57 +0000] [/wp-content/cache/minify/fdef4.css] [https://www.erminevo.it/] wp-content/plugins/cookie-law-info/legacy/public/css/cookie-law-info-gdpr.css
[Mon, 23 Sep 2024 07:04:57 +0000] [/wp-content/cache/minify/3888a.css] [https://www.erminevo.it/] wp-content/plugins/cookie-law-info/legacy/public/css/cookie-law-info-public.css
[Mon, 23 Sep 2024 07:04:57 +0000] [/wp-content/cache/minify/300ec.css] [https://www.erminevo.it/] wp-includes/css/dashicons.min.css
[Mon, 23 Sep 2024 07:04:57 +0000] [/wp-content/cache/minify/d085d.css] [https://www.erminevo.it/] wp-content/plugins/wp-featherlight/css/wp-featherlight.min.css
[Mon, 23 Sep 2024 07:04:57 +0000] [/wp-content/cache/minify/4e0b7.css] [https://www.erminevo.it/] wp-content/plugins/ermispettacoli/public/css/ermispettacoli-public.css
[Mon, 23 Sep 2024 07:04:57 +0000] [/wp-content/cache/minify/69e6a.css] [https://www.erminevo.it/] wp-content/themes/ErmiTheme/lib/gutenberg/front-end.css
[Mon, 23 Sep 2024 07:04:57 +0000] [/wp-content/cache/minify/15a18.css] [https://www.erminevo.it/] wp-content/themes/ErmiTheme/css/hamburgers.min.css
[Mon, 23 Sep 2024 16:08:36 +0000] [/wp-content/cache/minify/9ef10.js] [https://www.erminevo.it/] wp-content/plugins/page-scroll-to-id/js/page-scroll-to-id.min.js
wp-includes/js/hoverIntent.min.js
wp-content/themes/genesis/lib/js/menu/superfish.min.js
wp-content/themes/genesis/lib/js/menu/superfish.args.min.js
wp-content/themes/genesis/lib/js/skip-links.min.js
wp-content/themes/ErmiTheme/js/flickity.pkgd.min.js
[Mon, 23 Sep 2024 16:08:37 +0000] [/wp-content/cache/minify/dd690.js] [https://www.erminevo.it/] wp-includes/js/dist/vendor/wp-polyfill-inert.min.js
wp-includes/js/dist/vendor/regenerator-runtime.min.js
wp-includes/js/dist/vendor/wp-polyfill.min.js
wp-includes/js/dist/hooks.min.js
wp-includes/js/dist/i18n.min.js
[Tue, 24 Sep 2024 19:59:29 +0000] [/wp-content/cache/minify/f6500.css] [https://www.erminevo.it/] wp-content/themes/ErmiTheme/style.css
[Tue, 24 Sep 2024 19:59:31 +0000] [/wp-content/cache/minify/a5ff7.css] [https://www.erminevo.it/] wp-includes/css/dist/block-library/style.min.css
[Tue, 24 Sep 2024 19:59:32 +0000] [/wp-content/cache/minify/ffd7d.js] [https://www.erminevo.it/] wp-content/plugins/cookie-law-info/legacy/public/js/cookie-law-info-public.js
wp-content/plugins/ermispettacoli/public/js/ermispettacoli-public.js
[Tue, 24 Sep 2024 19:59:32 +0000] [/wp-content/cache/minify/69e6a.css] [https://www.erminevo.it/] wp-content/themes/ErmiTheme/lib/gutenberg/front-end.css
[Tue, 24 Sep 2024 19:59:33 +0000] [/wp-content/cache/minify/3888a.css] [https://www.erminevo.it/] wp-content/plugins/cookie-law-info/legacy/public/css/cookie-law-info-public.css
[Tue, 24 Sep 2024 19:59:33 +0000] [/wp-content/cache/minify/1d685.css] [https://www.erminevo.it/] wp-content/themes/ErmiTheme/css/flickity.min.css
[Tue, 24 Sep 2024 19:59:34 +0000] [/wp-content/cache/minify/15a18.css] [https://www.erminevo.it/] wp-content/themes/ErmiTheme/css/hamburgers.min.css
[Tue, 24 Sep 2024 19:59:35 +0000] [/wp-content/cache/minify/300ec.css] [https://www.erminevo.it/] wp-includes/css/dashicons.min.css
[Tue, 24 Sep 2024 19:59:35 +0000] [/wp-content/cache/minify/fdef4.css] [https://www.erminevo.it/] wp-content/plugins/cookie-law-info/legacy/public/css/cookie-law-info-gdpr.css
[Tue, 24 Sep 2024 19:59:35 +0000] [/wp-content/cache/minify/4c431.css] [https://www.erminevo.it/] wp-content/plugins/contact-form-7/includes/css/styles.css
[Tue, 24 Sep 2024 19:59:35 +0000] [/wp-content/cache/minify/4e0b7.css] [https://www.erminevo.it/] wp-content/plugins/ermispettacoli/public/css/ermispettacoli-public.css
[Tue, 24 Sep 2024 19:59:35 +0000] [/wp-content/cache/minify/818c0.js] [https://www.erminevo.it/] wp-includes/js/jquery/jquery.min.js
wp-includes/js/jquery/jquery-migrate.min.js
[Tue, 24 Sep 2024 19:59:35 +0000] [/wp-content/cache/minify/d085d.css] [https://www.erminevo.it/] wp-content/plugins/wp-featherlight/css/wp-featherlight.min.css
[Tue, 24 Sep 2024 19:59:35 +0000] [/wp-content/cache/minify/dd690.js] [https://www.erminevo.it/] wp-includes/js/dist/vendor/wp-polyfill-inert.min.js
wp-includes/js/dist/vendor/regenerator-runtime.min.js
wp-includes/js/dist/vendor/wp-polyfill.min.js
wp-includes/js/dist/hooks.min.js
wp-includes/js/dist/i18n.min.js
[Tue, 24 Sep 2024 19:59:35 +0000] [/wp-content/cache/minify/1f540.js] [https://www.erminevo.it/] wp-content/plugins/contact-form-7/includes/swv/js/index.js
[Tue, 24 Sep 2024 19:59:35 +0000] [/wp-content/cache/minify/9ef10.js] [https://www.erminevo.it/] wp-content/plugins/page-scroll-to-id/js/page-scroll-to-id.min.js
wp-includes/js/hoverIntent.min.js
wp-content/themes/genesis/lib/js/menu/superfish.min.js
wp-content/themes/genesis/lib/js/menu/superfish.args.min.js
wp-content/themes/genesis/lib/js/skip-links.min.js
wp-content/themes/ErmiTheme/js/flickity.pkgd.min.js
[Tue, 24 Sep 2024 19:59:35 +0000] [/wp-content/cache/minify/e8954.js] [https://www.erminevo.it/] wp-content/plugins/contact-form-7/modules/recaptcha/index.js
wp-content/plugins/wp-featherlight/js/wpFeatherlight.pkgd.min.js
[Tue, 24 Sep 2024 19:59:35 +0000] [/wp-content/cache/minify/a2afd.js] [https://www.erminevo.it/] wp-content/themes/genesis/lib/js/menu/responsive-menus.min.js
[Tue, 24 Sep 2024 19:59:35 +0000] [/wp-content/cache/minify/b68ea.js] [https://www.erminevo.it/] wp-content/plugins/contact-form-7/includes/js/index.js
[Wed, 25 Sep 2024 20:53:16 +0000] [/wp-content/cache/minify/e8954.js] [https://www.erminevo.it/comune-di-lumezzane/] wp-content/plugins/contact-form-7/modules/recaptcha/index.js
wp-content/plugins/wp-featherlight/js/wpFeatherlight.pkgd.min.js
[Thu, 26 Sep 2024 04:34:34 +0000] [/wp-content/cache/minify/dd690.js] [https://www.erminevo.it/] wp-includes/js/dist/vendor/wp-polyfill-inert.min.js
wp-includes/js/dist/vendor/regenerator-runtime.min.js
wp-includes/js/dist/vendor/wp-polyfill.min.js
wp-includes/js/dist/hooks.min.js
wp-includes/js/dist/i18n.min.js
[Thu, 26 Sep 2024 04:34:35 +0000] [/wp-content/cache/minify/b68ea.js] [https://www.erminevo.it/] wp-content/plugins/contact-form-7/includes/js/index.js
[Thu, 26 Sep 2024 04:34:35 +0000] [/wp-content/cache/minify/9ef10.js] [https://www.erminevo.it/] wp-content/plugins/page-scroll-to-id/js/page-scroll-to-id.min.js
wp-includes/js/hoverIntent.min.js
wp-content/themes/genesis/lib/js/menu/superfish.min.js
wp-content/themes/genesis/lib/js/menu/superfish.args.min.js
wp-content/themes/genesis/lib/js/skip-links.min.js
wp-content/themes/ErmiTheme/js/flickity.pkgd.min.js
[Thu, 26 Sep 2024 04:34:35 +0000] [/wp-content/cache/minify/a2afd.js] [https://www.erminevo.it/] wp-content/themes/genesis/lib/js/menu/responsive-menus.min.js
[Thu, 26 Sep 2024 04:34:35 +0000] [/wp-content/cache/minify/4c431.css] [https://www.erminevo.it/] wp-content/plugins/contact-form-7/includes/css/styles.css
[Thu, 26 Sep 2024 04:34:37 +0000] [/wp-content/cache/minify/f6500.css] [https://www.erminevo.it/] wp-content/themes/ErmiTheme/style.css
[Thu, 26 Sep 2024 04:34:38 +0000] [/wp-content/cache/minify/a5ff7.css] [https://www.erminevo.it/] wp-includes/css/dist/block-library/style.min.css
[Thu, 26 Sep 2024 04:34:39 +0000] [/wp-content/cache/minify/69e6a.css] [https://www.erminevo.it/] wp-content/themes/ErmiTheme/lib/gutenberg/front-end.css
[Thu, 26 Sep 2024 04:34:39 +0000] [/wp-content/cache/minify/f6500.css] [https://www.erminevo.it/] wp-content/themes/ErmiTheme/style.css
[Thu, 26 Sep 2024 04:34:39 +0000] [/wp-content/cache/minify/a5ff7.css] [https://www.erminevo.it/] wp-includes/css/dist/block-library/style.min.css
[Thu, 26 Sep 2024 04:34:39 +0000] [/wp-content/cache/minify/fdef4.css] [https://www.erminevo.it/] wp-content/plugins/cookie-law-info/legacy/public/css/cookie-law-info-gdpr.css
[Thu, 26 Sep 2024 04:34:39 +0000] [/wp-content/cache/minify/3888a.css] [https://www.erminevo.it/] wp-content/plugins/cookie-law-info/legacy/public/css/cookie-law-info-public.css
[Thu, 26 Sep 2024 04:34:39 +0000] [/wp-content/cache/minify/4e0b7.css] [https://www.erminevo.it/] wp-content/plugins/ermispettacoli/public/css/ermispettacoli-public.css
[Thu, 26 Sep 2024 04:34:39 +0000] [/wp-content/cache/minify/300ec.css] [https://www.erminevo.it/] wp-includes/css/dashicons.min.css
[Thu, 26 Sep 2024 04:34:40 +0000] [/wp-content/cache/minify/15a18.css] [https://www.erminevo.it/] wp-content/themes/ErmiTheme/css/hamburgers.min.css
[Thu, 26 Sep 2024 04:34:40 +0000] [/wp-content/cache/minify/d085d.css] [https://www.erminevo.it/] wp-content/plugins/wp-featherlight/css/wp-featherlight.min.css
[Thu, 26 Sep 2024 04:34:40 +0000] [/wp-content/cache/minify/818c0.js] [https://www.erminevo.it/] wp-includes/js/jquery/jquery.min.js
wp-includes/js/jquery/jquery-migrate.min.js
[Thu, 26 Sep 2024 04:34:40 +0000] [/wp-content/cache/minify/1d685.css] [https://www.erminevo.it/] wp-content/themes/ErmiTheme/css/flickity.min.css
[Thu, 26 Sep 2024 04:34:40 +0000] [/wp-content/cache/minify/ffd7d.js] [https://www.erminevo.it/] wp-content/plugins/cookie-law-info/legacy/public/js/cookie-law-info-public.js
wp-content/plugins/ermispettacoli/public/js/ermispettacoli-public.js
[Thu, 26 Sep 2024 04:34:40 +0000] [/wp-content/cache/minify/1f540.js] [https://www.erminevo.it/] wp-content/plugins/contact-form-7/includes/swv/js/index.js
[Mon, 30 Sep 2024 22:08:11 +0000] [/wp-content/cache/minify/3888a.css] [https://www.erminevo.it/unora-di-tranquillita/] wp-content/plugins/cookie-law-info/legacy/public/css/cookie-law-info-public.css
[Mon, 30 Sep 2024 22:08:11 +0000] [/wp-content/cache/minify/f6500.css] [https://www.erminevo.it/unora-di-tranquillita/] wp-content/themes/ErmiTheme/style.css
[Mon, 30 Sep 2024 22:08:12 +0000] [/wp-content/cache/minify/b68ea.js] [https://www.erminevo.it/unora-di-tranquillita/] wp-content/plugins/contact-form-7/includes/js/index.js
[Mon, 30 Sep 2024 22:08:12 +0000] [/wp-content/cache/minify/a5ff7.css] [https://www.erminevo.it/unora-di-tranquillita/] wp-includes/css/dist/block-library/style.min.css
[Mon, 30 Sep 2024 22:08:13 +0000] [/wp-content/cache/minify/300ec.css] [https://www.erminevo.it/unora-di-tranquillita/] wp-includes/css/dashicons.min.css
[Mon, 30 Sep 2024 22:08:13 +0000] [/wp-content/cache/minify/1d685.css] [https://www.erminevo.it/unora-di-tranquillita/] wp-content/themes/ErmiTheme/css/flickity.min.css
[Mon, 30 Sep 2024 22:08:13 +0000] [/wp-content/cache/minify/4e0b7.css] [https://www.erminevo.it/unora-di-tranquillita/] wp-content/plugins/ermispettacoli/public/css/ermispettacoli-public.css
[Mon, 30 Sep 2024 22:08:13 +0000] [/wp-content/cache/minify/d085d.css] [https://www.erminevo.it/unora-di-tranquillita/] wp-content/plugins/wp-featherlight/css/wp-featherlight.min.css
[Tue, 01 Oct 2024 10:44:58 +0000] [/wp-content/cache/minify/818c0.js] [https://www.erminevo.it/] wp-includes/js/jquery/jquery.min.js
wp-includes/js/jquery/jquery-migrate.min.js
[Tue, 01 Oct 2024 10:44:59 +0000] [/wp-content/cache/minify/ffd7d.js] [https://www.erminevo.it/] wp-content/plugins/cookie-law-info/legacy/public/js/cookie-law-info-public.js
wp-content/plugins/ermispettacoli/public/js/ermispettacoli-public.js
[Tue, 01 Oct 2024 10:44:59 +0000] [/wp-content/cache/minify/dd690.js] [https://www.erminevo.it/] wp-includes/js/dist/vendor/wp-polyfill-inert.min.js
wp-includes/js/dist/vendor/regenerator-runtime.min.js
wp-includes/js/dist/vendor/wp-polyfill.min.js
wp-includes/js/dist/hooks.min.js
wp-includes/js/dist/i18n.min.js
[Tue, 01 Oct 2024 10:45:00 +0000] [/wp-content/cache/minify/1f540.js] [https://www.erminevo.it/] wp-content/plugins/contact-form-7/includes/swv/js/index.js
[Tue, 01 Oct 2024 10:45:00 +0000] [/wp-content/cache/minify/9ef10.js] [https://www.erminevo.it/] wp-content/plugins/page-scroll-to-id/js/page-scroll-to-id.min.js
wp-includes/js/hoverIntent.min.js
wp-content/themes/genesis/lib/js/menu/superfish.min.js
wp-content/themes/genesis/lib/js/menu/superfish.args.min.js
wp-content/themes/genesis/lib/js/skip-links.min.js
wp-content/themes/ErmiTheme/js/flickity.pkgd.min.js
[Tue, 01 Oct 2024 10:45:01 +0000] [/wp-content/cache/minify/a2afd.js] [https://www.erminevo.it/] wp-content/themes/genesis/lib/js/menu/responsive-menus.min.js
[Tue, 01 Oct 2024 10:45:01 +0000] [/wp-content/cache/minify/e8954.js] [https://www.erminevo.it/] wp-content/plugins/contact-form-7/modules/recaptcha/index.js
wp-content/plugins/wp-featherlight/js/wpFeatherlight.pkgd.min.js
[Thu, 03 Oct 2024 10:31:35 +0000] [/wp-content/cache/minify/69e6a.css] [https://www.erminevo.it/limportanza-di-chiamarsi-ernest/] wp-content/themes/ErmiTheme/lib/gutenberg/front-end.css
[Thu, 03 Oct 2024 10:31:35 +0000] [/wp-content/cache/minify/4e0b7.css] [https://www.erminevo.it/limportanza-di-chiamarsi-ernest/] wp-content/plugins/ermispettacoli/public/css/ermispettacoli-public.css
[Thu, 03 Oct 2024 10:31:36 +0000] [/wp-content/cache/minify/818c0.js] [https://www.erminevo.it/limportanza-di-chiamarsi-ernest/] wp-includes/js/jquery/jquery.min.js
wp-includes/js/jquery/jquery-migrate.min.js
[Thu, 03 Oct 2024 10:31:36 +0000] [/wp-content/cache/minify/15a18.css] [https://www.erminevo.it/limportanza-di-chiamarsi-ernest/] wp-content/themes/ErmiTheme/css/hamburgers.min.css
[Thu, 03 Oct 2024 10:31:37 +0000] [/wp-content/cache/minify/1d685.css] [https://www.erminevo.it/limportanza-di-chiamarsi-ernest/] wp-content/themes/ErmiTheme/css/flickity.min.css
[Thu, 03 Oct 2024 10:31:37 +0000] [/wp-content/cache/minify/3888a.css] [https://www.erminevo.it/limportanza-di-chiamarsi-ernest/] wp-content/plugins/cookie-law-info/legacy/public/css/cookie-law-info-public.css
[Thu, 03 Oct 2024 10:31:39 +0000] [/wp-content/cache/minify/fdef4.css] [https://www.erminevo.it/limportanza-di-chiamarsi-ernest/] wp-content/plugins/cookie-law-info/legacy/public/css/cookie-law-info-gdpr.css
[Thu, 03 Oct 2024 10:31:39 +0000] [/wp-content/cache/minify/a5ff7.css] [https://www.erminevo.it/limportanza-di-chiamarsi-ernest/] wp-includes/css/dist/block-library/style.min.css
[Thu, 03 Oct 2024 10:31:40 +0000] [/wp-content/cache/minify/300ec.css] [https://www.erminevo.it/limportanza-di-chiamarsi-ernest/] wp-includes/css/dashicons.min.css
[Thu, 03 Oct 2024 10:31:40 +0000] [/wp-content/cache/minify/4c431.css] [https://www.erminevo.it/limportanza-di-chiamarsi-ernest/] wp-content/plugins/contact-form-7/includes/css/styles.css
[Thu, 03 Oct 2024 10:31:41 +0000] [/wp-content/cache/minify/1f540.js] [https://www.erminevo.it/limportanza-di-chiamarsi-ernest/] wp-content/plugins/contact-form-7/includes/swv/js/index.js
[Thu, 03 Oct 2024 10:31:42 +0000] [/wp-content/cache/minify/dd690.js] [https://www.erminevo.it/limportanza-di-chiamarsi-ernest/] wp-includes/js/dist/vendor/wp-polyfill-inert.min.js
wp-includes/js/dist/vendor/regenerator-runtime.min.js
wp-includes/js/dist/vendor/wp-polyfill.min.js
wp-includes/js/dist/hooks.min.js
wp-includes/js/dist/i18n.min.js
[Thu, 03 Oct 2024 10:31:42 +0000] [/wp-content/cache/minify/ffd7d.js] [https://www.erminevo.it/limportanza-di-chiamarsi-ernest/] wp-content/plugins/cookie-law-info/legacy/public/js/cookie-law-info-public.js
wp-content/plugins/ermispettacoli/public/js/ermispettacoli-public.js
[Thu, 03 Oct 2024 10:31:43 +0000] [/wp-content/cache/minify/d085d.css] [https://www.erminevo.it/limportanza-di-chiamarsi-ernest/] wp-content/plugins/wp-featherlight/css/wp-featherlight.min.css
[Thu, 03 Oct 2024 10:31:43 +0000] [/wp-content/cache/minify/b68ea.js] [https://www.erminevo.it/limportanza-di-chiamarsi-ernest/] wp-content/plugins/contact-form-7/includes/js/index.js
[Thu, 03 Oct 2024 10:31:44 +0000] [/wp-content/cache/minify/9ef10.js] [https://www.erminevo.it/limportanza-di-chiamarsi-ernest/] wp-content/plugins/page-scroll-to-id/js/page-scroll-to-id.min.js
wp-includes/js/hoverIntent.min.js
wp-content/themes/genesis/lib/js/menu/superfish.min.js
wp-content/themes/genesis/lib/js/menu/superfish.args.min.js
wp-content/themes/genesis/lib/js/skip-links.min.js
wp-content/themes/ErmiTheme/js/flickity.pkgd.min.js
[Thu, 03 Oct 2024 10:31:46 +0000] [/wp-content/cache/minify/a2afd.js] [https://www.erminevo.it/limportanza-di-chiamarsi-ernest/] wp-content/themes/genesis/lib/js/menu/responsive-menus.min.js
[Thu, 03 Oct 2024 10:31:46 +0000] [/wp-content/cache/minify/e8954.js] [https://www.erminevo.it/limportanza-di-chiamarsi-ernest/] wp-content/plugins/contact-form-7/modules/recaptcha/index.js
wp-content/plugins/wp-featherlight/js/wpFeatherlight.pkgd.min.js
[Fri, 04 Oct 2024 17:34:49 +0000] [/wp-content/cache/minify/15a18.css] [-] wp-content/themes/ErmiTheme/css/hamburgers.min.css
[Fri, 04 Oct 2024 17:34:49 +0000] [/wp-content/cache/minify/1d685.css] [-] wp-content/themes/ErmiTheme/css/flickity.min.css
[Fri, 04 Oct 2024 17:34:49 +0000] [/wp-content/cache/minify/4e0b7.css] [-] wp-content/plugins/ermispettacoli/public/css/ermispettacoli-public.css
[Fri, 04 Oct 2024 17:34:50 +0000] [/wp-content/cache/minify/818c0.js] [-] wp-includes/js/jquery/jquery.min.js
wp-includes/js/jquery/jquery-migrate.min.js
[Fri, 04 Oct 2024 17:34:50 +0000] [/wp-content/cache/minify/a5ff7.css] [-] wp-includes/css/dist/block-library/style.min.css
[Fri, 04 Oct 2024 17:34:51 +0000] [/wp-content/cache/minify/f6500.css] [-] wp-content/themes/ErmiTheme/style.css
[Fri, 04 Oct 2024 17:34:51 +0000] [/wp-content/cache/minify/fdef4.css] [-] wp-content/plugins/cookie-law-info/legacy/public/css/cookie-law-info-gdpr.css
[Fri, 04 Oct 2024 17:34:57 +0000] [/wp-content/cache/minify/3888a.css] [-] wp-content/plugins/cookie-law-info/legacy/public/css/cookie-law-info-public.css
[Fri, 04 Oct 2024 17:34:58 +0000] [/wp-content/cache/minify/d085d.css] [-] wp-content/plugins/wp-featherlight/css/wp-featherlight.min.css
[Fri, 04 Oct 2024 17:34:58 +0000] [/wp-content/cache/minify/dd690.js] [-] wp-includes/js/dist/vendor/wp-polyfill-inert.min.js
wp-includes/js/dist/vendor/regenerator-runtime.min.js
wp-includes/js/dist/vendor/wp-polyfill.min.js
wp-includes/js/dist/hooks.min.js
wp-includes/js/dist/i18n.min.js
[Fri, 04 Oct 2024 17:35:02 +0000] [/wp-content/cache/minify/300ec.css] [-] wp-includes/css/dashicons.min.css
[Fri, 04 Oct 2024 17:35:03 +0000] [/wp-content/cache/minify/1f540.js] [-] wp-content/plugins/contact-form-7/includes/swv/js/index.js
[Fri, 04 Oct 2024 17:35:03 +0000] [/wp-content/cache/minify/4c431.css] [-] wp-content/plugins/contact-form-7/includes/css/styles.css
[Fri, 04 Oct 2024 17:35:04 +0000] [/wp-content/cache/minify/69e6a.css] [-] wp-content/themes/ErmiTheme/lib/gutenberg/front-end.css
[Fri, 04 Oct 2024 17:35:04 +0000] [/wp-content/cache/minify/9ef10.js] [-] wp-content/plugins/page-scroll-to-id/js/page-scroll-to-id.min.js
wp-includes/js/hoverIntent.min.js
wp-content/themes/genesis/lib/js/menu/superfish.min.js
wp-content/themes/genesis/lib/js/menu/superfish.args.min.js
wp-content/themes/genesis/lib/js/skip-links.min.js
wp-content/themes/ErmiTheme/js/flickity.pkgd.min.js
[Fri, 04 Oct 2024 17:35:05 +0000] [/wp-content/cache/minify/a2afd.js] [-] wp-content/themes/genesis/lib/js/menu/responsive-menus.min.js
[Fri, 04 Oct 2024 17:35:05 +0000] [/wp-content/cache/minify/b68ea.js] [-] wp-content/plugins/contact-form-7/includes/js/index.js
[Fri, 04 Oct 2024 17:35:06 +0000] [/wp-content/cache/minify/e8954.js] [-] wp-content/plugins/contact-form-7/modules/recaptcha/index.js
wp-content/plugins/wp-featherlight/js/wpFeatherlight.pkgd.min.js
[Fri, 04 Oct 2024 17:35:06 +0000] [/wp-content/cache/minify/ffd7d.js] [-] wp-content/plugins/cookie-law-info/legacy/public/js/cookie-law-info-public.js
wp-content/plugins/ermispettacoli/public/js/ermispettacoli-public.js
[Sun, 06 Oct 2024 18:07:37 +0000] [/wp-content/cache/minify/4c431.css] [https://www.erminevo.it/] wp-content/plugins/contact-form-7/includes/css/styles.css
[Sun, 06 Oct 2024 18:07:38 +0000] [/wp-content/cache/minify/fdef4.css] [https://www.erminevo.it/] wp-content/plugins/cookie-law-info/legacy/public/css/cookie-law-info-gdpr.css
[Sun, 06 Oct 2024 18:07:39 +0000] [/wp-content/cache/minify/ffd7d.js] [https://www.erminevo.it/] wp-content/plugins/cookie-law-info/legacy/public/js/cookie-law-info-public.js
wp-content/plugins/ermispettacoli/public/js/ermispettacoli-public.js
[Sun, 06 Oct 2024 18:07:39 +0000] [/wp-content/cache/minify/69e6a.css] [https://www.erminevo.it/] wp-content/themes/ErmiTheme/lib/gutenberg/front-end.css
[Sun, 06 Oct 2024 18:07:39 +0000] [/wp-content/cache/minify/3888a.css] [https://www.erminevo.it/] wp-content/plugins/cookie-law-info/legacy/public/css/cookie-law-info-public.css
[Sun, 06 Oct 2024 18:07:41 +0000] [/wp-content/cache/minify/1f540.js] [https://www.erminevo.it/] wp-content/plugins/contact-form-7/includes/swv/js/index.js
[Sun, 06 Oct 2024 18:07:41 +0000] [/wp-content/cache/minify/818c0.js] [https://www.erminevo.it/] wp-includes/js/jquery/jquery.min.js
wp-includes/js/jquery/jquery-migrate.min.js
[Sun, 06 Oct 2024 18:07:41 +0000] [/wp-content/cache/minify/15a18.css] [https://www.erminevo.it/] wp-content/themes/ErmiTheme/css/hamburgers.min.css
[Sun, 06 Oct 2024 18:07:42 +0000] [/wp-content/cache/minify/dd690.js] [https://www.erminevo.it/] wp-includes/js/dist/vendor/wp-polyfill-inert.min.js
wp-includes/js/dist/vendor/regenerator-runtime.min.js
wp-includes/js/dist/vendor/wp-polyfill.min.js
wp-includes/js/dist/hooks.min.js
wp-includes/js/dist/i18n.min.js
[Sun, 06 Oct 2024 18:07:43 +0000] [/wp-content/cache/minify/9ef10.js] [https://www.erminevo.it/] wp-content/plugins/page-scroll-to-id/js/page-scroll-to-id.min.js
wp-includes/js/hoverIntent.min.js
wp-content/themes/genesis/lib/js/menu/superfish.min.js
wp-content/themes/genesis/lib/js/menu/superfish.args.min.js
wp-content/themes/genesis/lib/js/skip-links.min.js
wp-content/themes/ErmiTheme/js/flickity.pkgd.min.js
[Sun, 06 Oct 2024 18:07:44 +0000] [/wp-content/cache/minify/a2afd.js] [https://www.erminevo.it/] wp-content/themes/genesis/lib/js/menu/responsive-menus.min.js
[Sun, 06 Oct 2024 18:07:44 +0000] [/wp-content/cache/minify/e8954.js] [https://www.erminevo.it/] wp-content/plugins/contact-form-7/modules/recaptcha/index.js
wp-content/plugins/wp-featherlight/js/wpFeatherlight.pkgd.min.js
[Sun, 06 Oct 2024 19:00:48 +0000] [/wp-content/cache/minify/b68ea.js] [https://www.erminevo.it/] wp-content/plugins/contact-form-7/includes/js/index.js
[Sun, 06 Oct 2024 19:00:55 +0000] [/wp-content/cache/minify/f6500.css] [https://www.erminevo.it/] wp-content/themes/ErmiTheme/style.css
[Mon, 07 Oct 2024 10:27:47 +0000] [/wp-content/cache/minify/a5ff7.css] [https://www.erminevo.it/] wp-includes/css/dist/block-library/style.min.css
[Mon, 07 Oct 2024 10:27:47 +0000] [/wp-content/cache/minify/300ec.css] [https://www.erminevo.it/] wp-includes/css/dashicons.min.css
[Mon, 07 Oct 2024 10:27:48 +0000] [/wp-content/cache/minify/4e0b7.css] [https://www.erminevo.it/] wp-content/plugins/ermispettacoli/public/css/ermispettacoli-public.css
[Mon, 07 Oct 2024 10:27:48 +0000] [/wp-content/cache/minify/1d685.css] [https://www.erminevo.it/] wp-content/themes/ErmiTheme/css/flickity.min.css
[Mon, 07 Oct 2024 10:27:49 +0000] [/wp-content/cache/minify/d085d.css] [https://www.erminevo.it/] wp-content/plugins/wp-featherlight/css/wp-featherlight.min.css
[Thu, 10 Oct 2024 11:19:26 +0000] [/wp-content/cache/minify/a5ff7.css] [https://www.erminevo.it/] wp-includes/css/dist/block-library/style.min.css
[Thu, 10 Oct 2024 11:19:26 +0000] [/wp-content/cache/minify/f6500.css] [https://www.erminevo.it/] wp-content/themes/ErmiTheme/style.css
[Thu, 10 Oct 2024 11:19:28 +0000] [/wp-content/cache/minify/ffd7d.js] [https://www.erminevo.it/] wp-content/plugins/cookie-law-info/legacy/public/js/cookie-law-info-public.js
wp-content/plugins/ermispettacoli/public/js/ermispettacoli-public.js
[Thu, 10 Oct 2024 11:19:28 +0000] [/wp-content/cache/minify/fdef4.css] [https://www.erminevo.it/] wp-content/plugins/cookie-law-info/legacy/public/css/cookie-law-info-gdpr.css
[Thu, 10 Oct 2024 11:19:29 +0000] [/wp-content/cache/minify/818c0.js] [https://www.erminevo.it/] wp-includes/js/jquery/jquery.min.js
wp-includes/js/jquery/jquery-migrate.min.js
[Thu, 10 Oct 2024 11:19:29 +0000] [/wp-content/cache/minify/dd690.js] [https://www.erminevo.it/] wp-includes/js/dist/vendor/wp-polyfill-inert.min.js
wp-includes/js/dist/vendor/regenerator-runtime.min.js
wp-includes/js/dist/vendor/wp-polyfill.min.js
wp-includes/js/dist/hooks.min.js
wp-includes/js/dist/i18n.min.js
[Thu, 10 Oct 2024 11:19:29 +0000] [/wp-content/cache/minify/d085d.css] [https://www.erminevo.it/] wp-content/plugins/wp-featherlight/css/wp-featherlight.min.css
[Thu, 10 Oct 2024 11:19:29 +0000] [/wp-content/cache/minify/4c431.css] [https://www.erminevo.it/] wp-content/plugins/contact-form-7/includes/css/styles.css
[Thu, 10 Oct 2024 11:19:29 +0000] [/wp-content/cache/minify/3888a.css] [https://www.erminevo.it/] wp-content/plugins/cookie-law-info/legacy/public/css/cookie-law-info-public.css
[Thu, 10 Oct 2024 11:19:29 +0000] [/wp-content/cache/minify/300ec.css] [https://www.erminevo.it/] wp-includes/css/dashicons.min.css
[Thu, 10 Oct 2024 11:19:29 +0000] [/wp-content/cache/minify/1d685.css] [https://www.erminevo.it/] wp-content/themes/ErmiTheme/css/flickity.min.css
[Thu, 10 Oct 2024 11:19:29 +0000] [/wp-content/cache/minify/15a18.css] [https://www.erminevo.it/] wp-content/themes/ErmiTheme/css/hamburgers.min.css
[Thu, 10 Oct 2024 11:19:29 +0000] [/wp-content/cache/minify/69e6a.css] [https://www.erminevo.it/] wp-content/themes/ErmiTheme/lib/gutenberg/front-end.css
[Thu, 10 Oct 2024 11:19:29 +0000] [/wp-content/cache/minify/4e0b7.css] [https://www.erminevo.it/] wp-content/plugins/ermispettacoli/public/css/ermispettacoli-public.css
[Thu, 10 Oct 2024 11:19:30 +0000] [/wp-content/cache/minify/9ef10.js] [https://www.erminevo.it/] wp-content/plugins/page-scroll-to-id/js/page-scroll-to-id.min.js
wp-includes/js/hoverIntent.min.js
wp-content/themes/genesis/lib/js/menu/superfish.min.js
wp-content/themes/genesis/lib/js/menu/superfish.args.min.js
wp-content/themes/genesis/lib/js/skip-links.min.js
wp-content/themes/ErmiTheme/js/flickity.pkgd.min.js
[Thu, 10 Oct 2024 11:19:30 +0000] [/wp-content/cache/minify/a2afd.js] [https://www.erminevo.it/] wp-content/themes/genesis/lib/js/menu/responsive-menus.min.js
[Thu, 10 Oct 2024 11:19:30 +0000] [/wp-content/cache/minify/e8954.js] [https://www.erminevo.it/] wp-content/plugins/contact-form-7/modules/recaptcha/index.js
wp-content/plugins/wp-featherlight/js/wpFeatherlight.pkgd.min.js
[Thu, 10 Oct 2024 11:19:30 +0000] [/wp-content/cache/minify/1f540.js] [https://www.erminevo.it/] wp-content/plugins/contact-form-7/includes/swv/js/index.js
[Thu, 10 Oct 2024 11:19:30 +0000] [/wp-content/cache/minify/b68ea.js] [https://www.erminevo.it/] wp-content/plugins/contact-form-7/includes/js/index.js
[Fri, 11 Oct 2024 22:25:47 +0000] [/wp-content/cache/minify/f6500.css] [https://www.erminevo.it/unora-di-tranquillita/] wp-content/themes/ErmiTheme/style.css
[Fri, 11 Oct 2024 22:25:47 +0000] [/wp-content/cache/minify/4c431.css] [https://www.erminevo.it/unora-di-tranquillita/] wp-content/plugins/contact-form-7/includes/css/styles.css
[Fri, 11 Oct 2024 22:25:47 +0000] [/wp-content/cache/minify/dd690.js] [https://www.erminevo.it/unora-di-tranquillita/] wp-includes/js/dist/vendor/wp-polyfill-inert.min.js
wp-includes/js/dist/vendor/regenerator-runtime.min.js
wp-includes/js/dist/vendor/wp-polyfill.min.js
wp-includes/js/dist/hooks.min.js
wp-includes/js/dist/i18n.min.js
[Fri, 11 Oct 2024 22:25:47 +0000] [/wp-content/cache/minify/ffd7d.js] [https://www.erminevo.it/unora-di-tranquillita/] wp-content/plugins/cookie-law-info/legacy/public/js/cookie-law-info-public.js
wp-content/plugins/ermispettacoli/public/js/ermispettacoli-public.js
[Fri, 11 Oct 2024 22:25:47 +0000] [/wp-content/cache/minify/4e0b7.css] [https://www.erminevo.it/unora-di-tranquillita/] wp-content/plugins/ermispettacoli/public/css/ermispettacoli-public.css
[Fri, 11 Oct 2024 22:25:47 +0000] [/wp-content/cache/minify/818c0.js] [https://www.erminevo.it/unora-di-tranquillita/] wp-includes/js/jquery/jquery.min.js
wp-includes/js/jquery/jquery-migrate.min.js
[Fri, 11 Oct 2024 22:25:48 +0000] [/wp-content/cache/minify/1d685.css] [https://www.erminevo.it/unora-di-tranquillita/] wp-content/themes/ErmiTheme/css/flickity.min.css
[Fri, 11 Oct 2024 22:25:48 +0000] [/wp-content/cache/minify/a5ff7.css] [https://www.erminevo.it/unora-di-tranquillita/] wp-includes/css/dist/block-library/style.min.css
[Fri, 11 Oct 2024 22:25:48 +0000] [/wp-content/cache/minify/300ec.css] [https://www.erminevo.it/unora-di-tranquillita/] wp-includes/css/dashicons.min.css
[Fri, 11 Oct 2024 22:25:48 +0000] [/wp-content/cache/minify/69e6a.css] [https://www.erminevo.it/unora-di-tranquillita/] wp-content/themes/ErmiTheme/lib/gutenberg/front-end.css
[Fri, 11 Oct 2024 22:25:48 +0000] [/wp-content/cache/minify/15a18.css] [https://www.erminevo.it/unora-di-tranquillita/] wp-content/themes/ErmiTheme/css/hamburgers.min.css
[Fri, 11 Oct 2024 22:25:48 +0000] [/wp-content/cache/minify/3888a.css] [https://www.erminevo.it/unora-di-tranquillita/] wp-content/plugins/cookie-law-info/legacy/public/css/cookie-law-info-public.css
[Fri, 11 Oct 2024 22:25:48 +0000] [/wp-content/cache/minify/d085d.css] [https://www.erminevo.it/unora-di-tranquillita/] wp-content/plugins/wp-featherlight/css/wp-featherlight.min.css
[Fri, 11 Oct 2024 22:25:49 +0000] [/wp-content/cache/minify/1f540.js] [https://www.erminevo.it/unora-di-tranquillita/] wp-content/plugins/contact-form-7/includes/swv/js/index.js
[Fri, 11 Oct 2024 22:25:49 +0000] [/wp-content/cache/minify/fdef4.css] [https://www.erminevo.it/unora-di-tranquillita/] wp-content/plugins/cookie-law-info/legacy/public/css/cookie-law-info-gdpr.css
[Fri, 11 Oct 2024 22:25:49 +0000] [/wp-content/cache/minify/b68ea.js] [https://www.erminevo.it/unora-di-tranquillita/] wp-content/plugins/contact-form-7/includes/js/index.js
[Fri, 11 Oct 2024 22:25:50 +0000] [/wp-content/cache/minify/9ef10.js] [https://www.erminevo.it/unora-di-tranquillita/] wp-content/plugins/page-scroll-to-id/js/page-scroll-to-id.min.js
wp-includes/js/hoverIntent.min.js
wp-content/themes/genesis/lib/js/menu/superfish.min.js
wp-content/themes/genesis/lib/js/menu/superfish.args.min.js
wp-content/themes/genesis/lib/js/skip-links.min.js
wp-content/themes/ErmiTheme/js/flickity.pkgd.min.js
[Fri, 11 Oct 2024 22:25:50 +0000] [/wp-content/cache/minify/e8954.js] [https://www.erminevo.it/unora-di-tranquillita/] wp-content/plugins/contact-form-7/modules/recaptcha/index.js
wp-content/plugins/wp-featherlight/js/wpFeatherlight.pkgd.min.js
[Fri, 11 Oct 2024 22:25:50 +0000] [/wp-content/cache/minify/a2afd.js] [https://www.erminevo.it/unora-di-tranquillita/] wp-content/themes/genesis/lib/js/menu/responsive-menus.min.js
[Sun, 13 Oct 2024 20:37:52 +0000] [/wp-content/cache/minify/b68ea.js] [https://www.erminevo.it/dreamusical/] wp-content/plugins/contact-form-7/includes/js/index.js
[Sun, 13 Oct 2024 20:37:53 +0000] [/wp-content/cache/minify/4e0b7.css] [https://www.erminevo.it/dreamusical/] wp-content/plugins/ermispettacoli/public/css/ermispettacoli-public.css
[Sun, 13 Oct 2024 20:37:55 +0000] [/wp-content/cache/minify/300ec.css] [https://www.erminevo.it/dreamusical/] wp-includes/css/dashicons.min.css
[Sun, 13 Oct 2024 20:37:56 +0000] [/wp-content/cache/minify/d085d.css] [https://www.erminevo.it/dreamusical/] wp-content/plugins/wp-featherlight/css/wp-featherlight.min.css
[Sun, 13 Oct 2024 20:37:57 +0000] [/wp-content/cache/minify/a5ff7.css] [https://www.erminevo.it/dreamusical/] wp-includes/css/dist/block-library/style.min.css
[Sun, 13 Oct 2024 20:37:58 +0000] [/wp-content/cache/minify/e8954.js] [https://www.erminevo.it/dreamusical/] wp-content/plugins/contact-form-7/modules/recaptcha/index.js
wp-content/plugins/wp-featherlight/js/wpFeatherlight.pkgd.min.js
[Mon, 14 Oct 2024 00:42:39 +0000] [/wp-content/cache/minify/15a18.css] [https://www.erminevo.it/limportanza-di-chiamarsi-ernest/] wp-content/themes/ErmiTheme/css/hamburgers.min.css
[Mon, 14 Oct 2024 00:42:40 +0000] [/wp-content/cache/minify/fdef4.css] [https://www.erminevo.it/limportanza-di-chiamarsi-ernest/] wp-content/plugins/cookie-law-info/legacy/public/css/cookie-law-info-gdpr.css
[Mon, 14 Oct 2024 00:42:42 +0000] [/wp-content/cache/minify/1d685.css] [https://www.erminevo.it/limportanza-di-chiamarsi-ernest/] wp-content/themes/ErmiTheme/css/flickity.min.css
[Mon, 14 Oct 2024 00:42:43 +0000] [/wp-content/cache/minify/1f540.js] [https://www.erminevo.it/limportanza-di-chiamarsi-ernest/] wp-content/plugins/contact-form-7/includes/swv/js/index.js
[Mon, 14 Oct 2024 13:18:27 +0000] [/wp-content/cache/minify/f6500.css] [https://www.erminevo.it/] wp-content/themes/ErmiTheme/style.css
[Mon, 14 Oct 2024 13:18:29 +0000] [/wp-content/cache/minify/69e6a.css] [https://www.erminevo.it/] wp-content/themes/ErmiTheme/lib/gutenberg/front-end.css
[Mon, 14 Oct 2024 13:18:32 +0000] [/wp-content/cache/minify/4c431.css] [https://www.erminevo.it/] wp-content/plugins/contact-form-7/includes/css/styles.css
[Mon, 14 Oct 2024 13:18:32 +0000] [/wp-content/cache/minify/3888a.css] [https://www.erminevo.it/] wp-content/plugins/cookie-law-info/legacy/public/css/cookie-law-info-public.css
[Mon, 14 Oct 2024 13:18:33 +0000] [/wp-content/cache/minify/ffd7d.js] [https://www.erminevo.it/] wp-content/plugins/cookie-law-info/legacy/public/js/cookie-law-info-public.js
wp-content/plugins/ermispettacoli/public/js/ermispettacoli-public.js
[Mon, 14 Oct 2024 13:18:33 +0000] [/wp-content/cache/minify/9ef10.js] [https://www.erminevo.it/] wp-content/plugins/page-scroll-to-id/js/page-scroll-to-id.min.js
wp-includes/js/hoverIntent.min.js
wp-content/themes/genesis/lib/js/menu/superfish.min.js
wp-content/themes/genesis/lib/js/menu/superfish.args.min.js
wp-content/themes/genesis/lib/js/skip-links.min.js
wp-content/themes/ErmiTheme/js/flickity.pkgd.min.js
[Mon, 14 Oct 2024 13:18:33 +0000] [/wp-content/cache/minify/818c0.js] [https://www.erminevo.it/] wp-includes/js/jquery/jquery.min.js
wp-includes/js/jquery/jquery-migrate.min.js
[Mon, 14 Oct 2024 13:18:33 +0000] [/wp-content/cache/minify/dd690.js] [https://www.erminevo.it/] wp-includes/js/dist/vendor/wp-polyfill-inert.min.js
wp-includes/js/dist/vendor/regenerator-runtime.min.js
wp-includes/js/dist/vendor/wp-polyfill.min.js
wp-includes/js/dist/hooks.min.js
wp-includes/js/dist/i18n.min.js
[Mon, 14 Oct 2024 13:18:33 +0000] [/wp-content/cache/minify/a2afd.js] [https://www.erminevo.it/] wp-content/themes/genesis/lib/js/menu/responsive-menus.min.js
[Wed, 16 Oct 2024 23:12:45 +0000] [/wp-content/cache/minify/f6500.css] [https://www.erminevo.it/] wp-content/themes/ErmiTheme/style.css
[Wed, 16 Oct 2024 23:12:45 +0000] [/wp-content/cache/minify/3888a.css] [https://www.erminevo.it/] wp-content/plugins/cookie-law-info/legacy/public/css/cookie-law-info-public.css
[Wed, 16 Oct 2024 23:12:46 +0000] [/wp-content/cache/minify/4e0b7.css] [https://www.erminevo.it/] wp-content/plugins/ermispettacoli/public/css/ermispettacoli-public.css
[Wed, 16 Oct 2024 23:12:46 +0000] [/wp-content/cache/minify/300ec.css] [https://www.erminevo.it/] wp-includes/css/dashicons.min.css
[Wed, 16 Oct 2024 23:12:47 +0000] [/wp-content/cache/minify/a5ff7.css] [https://www.erminevo.it/] wp-includes/css/dist/block-library/style.min.css
[Wed, 16 Oct 2024 23:12:47 +0000] [/wp-content/cache/minify/818c0.js] [https://www.erminevo.it/] wp-includes/js/jquery/jquery.min.js
wp-includes/js/jquery/jquery-migrate.min.js
[Wed, 16 Oct 2024 23:12:48 +0000] [/wp-content/cache/minify/1d685.css] [https://www.erminevo.it/] wp-content/themes/ErmiTheme/css/flickity.min.css
[Wed, 16 Oct 2024 23:12:49 +0000] [/wp-content/cache/minify/4c431.css] [https://www.erminevo.it/] wp-content/plugins/contact-form-7/includes/css/styles.css
[Wed, 16 Oct 2024 23:12:49 +0000] [/wp-content/cache/minify/69e6a.css] [https://www.erminevo.it/] wp-content/themes/ErmiTheme/lib/gutenberg/front-end.css
[Wed, 16 Oct 2024 23:12:49 +0000] [/wp-content/cache/minify/d085d.css] [https://www.erminevo.it/] wp-content/plugins/wp-featherlight/css/wp-featherlight.min.css
[Wed, 16 Oct 2024 23:12:49 +0000] [/wp-content/cache/minify/fdef4.css] [https://www.erminevo.it/] wp-content/plugins/cookie-law-info/legacy/public/css/cookie-law-info-gdpr.css
[Wed, 16 Oct 2024 23:12:50 +0000] [/wp-content/cache/minify/15a18.css] [https://www.erminevo.it/] wp-content/themes/ErmiTheme/css/hamburgers.min.css
[Wed, 16 Oct 2024 23:12:50 +0000] [/wp-content/cache/minify/ffd7d.js] [https://www.erminevo.it/] wp-content/plugins/cookie-law-info/legacy/public/js/cookie-law-info-public.js
wp-content/plugins/ermispettacoli/public/js/ermispettacoli-public.js
[Wed, 16 Oct 2024 23:12:50 +0000] [/wp-content/cache/minify/dd690.js] [https://www.erminevo.it/] wp-includes/js/dist/vendor/wp-polyfill-inert.min.js
wp-includes/js/dist/vendor/regenerator-runtime.min.js
wp-includes/js/dist/vendor/wp-polyfill.min.js
wp-includes/js/dist/hooks.min.js
wp-includes/js/dist/i18n.min.js
[Wed, 16 Oct 2024 23:12:50 +0000] [/wp-content/cache/minify/1f540.js] [https://www.erminevo.it/] wp-content/plugins/contact-form-7/includes/swv/js/index.js
[Wed, 16 Oct 2024 23:12:50 +0000] [/wp-content/cache/minify/a2afd.js] [https://www.erminevo.it/] wp-content/themes/genesis/lib/js/menu/responsive-menus.min.js
[Wed, 16 Oct 2024 23:12:50 +0000] [/wp-content/cache/minify/9ef10.js] [https://www.erminevo.it/] wp-content/plugins/page-scroll-to-id/js/page-scroll-to-id.min.js
wp-includes/js/hoverIntent.min.js
wp-content/themes/genesis/lib/js/menu/superfish.min.js
wp-content/themes/genesis/lib/js/menu/superfish.args.min.js
wp-content/themes/genesis/lib/js/skip-links.min.js
wp-content/themes/ErmiTheme/js/flickity.pkgd.min.js
[Wed, 16 Oct 2024 23:12:50 +0000] [/wp-content/cache/minify/e8954.js] [https://www.erminevo.it/] wp-content/plugins/contact-form-7/modules/recaptcha/index.js
wp-content/plugins/wp-featherlight/js/wpFeatherlight.pkgd.min.js
[Wed, 16 Oct 2024 23:12:50 +0000] [/wp-content/cache/minify/b68ea.js] [https://www.erminevo.it/] wp-content/plugins/contact-form-7/includes/js/index.js
[Fri, 18 Oct 2024 21:37:28 +0000] [/wp-content/cache/minify/3888a.css] [https://www.erminevo.it/unora-di-tranquillita/] wp-content/plugins/cookie-law-info/legacy/public/css/cookie-law-info-public.css
[Fri, 18 Oct 2024 21:37:28 +0000] [/wp-content/cache/minify/f6500.css] [https://www.erminevo.it/unora-di-tranquillita/] wp-content/themes/ErmiTheme/style.css
[Fri, 18 Oct 2024 21:37:28 +0000] [/wp-content/cache/minify/4e0b7.css] [https://www.erminevo.it/unora-di-tranquillita/] wp-content/plugins/ermispettacoli/public/css/ermispettacoli-public.css
[Fri, 18 Oct 2024 21:37:29 +0000] [/wp-content/cache/minify/a5ff7.css] [https://www.erminevo.it/unora-di-tranquillita/] wp-includes/css/dist/block-library/style.min.css
[Fri, 18 Oct 2024 21:37:29 +0000] [/wp-content/cache/minify/15a18.css] [https://www.erminevo.it/unora-di-tranquillita/] wp-content/themes/ErmiTheme/css/hamburgers.min.css
[Fri, 18 Oct 2024 21:37:30 +0000] [/wp-content/cache/minify/ffd7d.js] [https://www.erminevo.it/unora-di-tranquillita/] wp-content/plugins/cookie-law-info/legacy/public/js/cookie-law-info-public.js
wp-content/plugins/ermispettacoli/public/js/ermispettacoli-public.js
[Fri, 18 Oct 2024 21:37:30 +0000] [/wp-content/cache/minify/d085d.css] [https://www.erminevo.it/unora-di-tranquillita/] wp-content/plugins/wp-featherlight/css/wp-featherlight.min.css
[Fri, 18 Oct 2024 21:37:31 +0000] [/wp-content/cache/minify/818c0.js] [https://www.erminevo.it/unora-di-tranquillita/] wp-includes/js/jquery/jquery.min.js
wp-includes/js/jquery/jquery-migrate.min.js
[Fri, 18 Oct 2024 21:37:32 +0000] [/wp-content/cache/minify/4c431.css] [https://www.erminevo.it/unora-di-tranquillita/] wp-content/plugins/contact-form-7/includes/css/styles.css
[Fri, 18 Oct 2024 21:37:32 +0000] [/wp-content/cache/minify/fdef4.css] [https://www.erminevo.it/unora-di-tranquillita/] wp-content/plugins/cookie-law-info/legacy/public/css/cookie-law-info-gdpr.css
[Fri, 18 Oct 2024 21:37:33 +0000] [/wp-content/cache/minify/dd690.js] [https://www.erminevo.it/unora-di-tranquillita/] wp-includes/js/dist/vendor/wp-polyfill-inert.min.js
wp-includes/js/dist/vendor/regenerator-runtime.min.js
wp-includes/js/dist/vendor/wp-polyfill.min.js
wp-includes/js/dist/hooks.min.js
wp-includes/js/dist/i18n.min.js
[Fri, 18 Oct 2024 21:37:34 +0000] [/wp-content/cache/minify/300ec.css] [https://www.erminevo.it/unora-di-tranquillita/] wp-includes/css/dashicons.min.css
[Fri, 18 Oct 2024 21:37:35 +0000] [/wp-content/cache/minify/1f540.js] [https://www.erminevo.it/unora-di-tranquillita/] wp-content/plugins/contact-form-7/includes/swv/js/index.js
[Fri, 18 Oct 2024 21:37:35 +0000] [/wp-content/cache/minify/69e6a.css] [https://www.erminevo.it/unora-di-tranquillita/] wp-content/themes/ErmiTheme/lib/gutenberg/front-end.css
[Fri, 18 Oct 2024 21:37:36 +0000] [/wp-content/cache/minify/b68ea.js] [https://www.erminevo.it/unora-di-tranquillita/] wp-content/plugins/contact-form-7/includes/js/index.js
[Fri, 18 Oct 2024 21:37:37 +0000] [/wp-content/cache/minify/9ef10.js] [https://www.erminevo.it/unora-di-tranquillita/] wp-content/plugins/page-scroll-to-id/js/page-scroll-to-id.min.js
wp-includes/js/hoverIntent.min.js
wp-content/themes/genesis/lib/js/menu/superfish.min.js
wp-content/themes/genesis/lib/js/menu/superfish.args.min.js
wp-content/themes/genesis/lib/js/skip-links.min.js
wp-content/themes/ErmiTheme/js/flickity.pkgd.min.js
[Fri, 18 Oct 2024 21:37:37 +0000] [/wp-content/cache/minify/a2afd.js] [https://www.erminevo.it/unora-di-tranquillita/] wp-content/themes/genesis/lib/js/menu/responsive-menus.min.js
[Fri, 18 Oct 2024 21:37:38 +0000] [/wp-content/cache/minify/e8954.js] [https://www.erminevo.it/unora-di-tranquillita/] wp-content/plugins/contact-form-7/modules/recaptcha/index.js
wp-content/plugins/wp-featherlight/js/wpFeatherlight.pkgd.min.js
[Mon, 21 Oct 2024 18:33:00 +0000] [/wp-content/cache/minify/300ec.css] [https://www.erminevo.it/] wp-includes/css/dashicons.min.css
[Mon, 21 Oct 2024 18:33:02 +0000] [/wp-content/cache/minify/818c0.js] [https://www.erminevo.it/] wp-includes/js/jquery/jquery.min.js
wp-includes/js/jquery/jquery-migrate.min.js
[Mon, 21 Oct 2024 18:33:02 +0000] [/wp-content/cache/minify/9ef10.js] [https://www.erminevo.it/] wp-content/plugins/page-scroll-to-id/js/page-scroll-to-id.min.js
wp-includes/js/hoverIntent.min.js
wp-content/themes/genesis/lib/js/menu/superfish.min.js
wp-content/themes/genesis/lib/js/menu/superfish.args.min.js
wp-content/themes/genesis/lib/js/skip-links.min.js
wp-content/themes/ErmiTheme/js/flickity.pkgd.min.js
[Mon, 21 Oct 2024 18:33:02 +0000] [/wp-content/cache/minify/dd690.js] [https://www.erminevo.it/] wp-includes/js/dist/vendor/wp-polyfill-inert.min.js
wp-includes/js/dist/vendor/regenerator-runtime.min.js
wp-includes/js/dist/vendor/wp-polyfill.min.js
wp-includes/js/dist/hooks.min.js
wp-includes/js/dist/i18n.min.js
[Mon, 21 Oct 2024 23:00:56 +0000] [/wp-content/cache/minify/15a18.css] [https://www.erminevo.it/] wp-content/themes/ErmiTheme/css/hamburgers.min.css
[Mon, 21 Oct 2024 23:00:56 +0000] [/wp-content/cache/minify/4c431.css] [https://www.erminevo.it/] wp-content/plugins/contact-form-7/includes/css/styles.css
[Mon, 21 Oct 2024 23:00:56 +0000] [/wp-content/cache/minify/f6500.css] [https://www.erminevo.it/] wp-content/themes/ErmiTheme/style.css
[Mon, 21 Oct 2024 23:00:56 +0000] [/wp-content/cache/minify/d085d.css] [https://www.erminevo.it/] wp-content/plugins/wp-featherlight/css/wp-featherlight.min.css
[Mon, 21 Oct 2024 23:00:56 +0000] [/wp-content/cache/minify/3888a.css] [https://www.erminevo.it/] wp-content/plugins/cookie-law-info/legacy/public/css/cookie-law-info-public.css
[Mon, 21 Oct 2024 23:00:56 +0000] [/wp-content/cache/minify/4e0b7.css] [https://www.erminevo.it/] wp-content/plugins/ermispettacoli/public/css/ermispettacoli-public.css
[Mon, 21 Oct 2024 23:00:56 +0000] [/wp-content/cache/minify/a5ff7.css] [https://www.erminevo.it/] wp-includes/css/dist/block-library/style.min.css
[Mon, 21 Oct 2024 23:00:56 +0000] [/wp-content/cache/minify/fdef4.css] [https://www.erminevo.it/] wp-content/plugins/cookie-law-info/legacy/public/css/cookie-law-info-gdpr.css
[Mon, 21 Oct 2024 23:00:57 +0000] [/wp-content/cache/minify/e8954.js] [https://www.erminevo.it/] wp-content/plugins/contact-form-7/modules/recaptcha/index.js
wp-content/plugins/wp-featherlight/js/wpFeatherlight.pkgd.min.js
[Mon, 21 Oct 2024 23:00:57 +0000] [/wp-content/cache/minify/a2afd.js] [https://www.erminevo.it/] wp-content/themes/genesis/lib/js/menu/responsive-menus.min.js
[Mon, 21 Oct 2024 23:00:57 +0000] [/wp-content/cache/minify/b68ea.js] [https://www.erminevo.it/] wp-content/plugins/contact-form-7/includes/js/index.js
[Mon, 21 Oct 2024 23:00:57 +0000] [/wp-content/cache/minify/69e6a.css] [https://www.erminevo.it/] wp-content/themes/ErmiTheme/lib/gutenberg/front-end.css
[Mon, 21 Oct 2024 23:00:57 +0000] [/wp-content/cache/minify/1d685.css] [https://www.erminevo.it/] wp-content/themes/ErmiTheme/css/flickity.min.css
[Mon, 21 Oct 2024 23:00:57 +0000] [/wp-content/cache/minify/ffd7d.js] [https://www.erminevo.it/] wp-content/plugins/cookie-law-info/legacy/public/js/cookie-law-info-public.js
wp-content/plugins/ermispettacoli/public/js/ermispettacoli-public.js
[Mon, 21 Oct 2024 23:00:57 +0000] [/wp-content/cache/minify/1f540.js] [https://www.erminevo.it/] wp-content/plugins/contact-form-7/includes/swv/js/index.js
[Thu, 24 Oct 2024 10:08:47 +0000] [/wp-content/cache/minify/f6500.css] [https://www.erminevo.it/?fbclid=IwZXh0bgNhZW0CMTEAAR2l6jAThTvE9pWaP0fNgy4St67OPi58CjAmjo1RVzJ5HBkqmryNuF6zBEo_aem_fOWsQB-ylkvBP2PMREmLVg] wp-content/themes/ErmiTheme/style.css
[Thu, 24 Oct 2024 10:08:47 +0000] [/wp-content/cache/minify/3888a.css] [https://www.erminevo.it/?fbclid=IwZXh0bgNhZW0CMTEAAR2l6jAThTvE9pWaP0fNgy4St67OPi58CjAmjo1RVzJ5HBkqmryNuF6zBEo_aem_fOWsQB-ylkvBP2PMREmLVg] wp-content/plugins/cookie-law-info/legacy/public/css/cookie-law-info-public.css
[Thu, 24 Oct 2024 10:08:47 +0000] [/wp-content/cache/minify/fdef4.css] [https://www.erminevo.it/?fbclid=IwZXh0bgNhZW0CMTEAAR2l6jAThTvE9pWaP0fNgy4St67OPi58CjAmjo1RVzJ5HBkqmryNuF6zBEo_aem_fOWsQB-ylkvBP2PMREmLVg] wp-content/plugins/cookie-law-info/legacy/public/css/cookie-law-info-gdpr.css
[Thu, 24 Oct 2024 10:08:47 +0000] [/wp-content/cache/minify/4c431.css] [https://www.erminevo.it/?fbclid=IwZXh0bgNhZW0CMTEAAR2l6jAThTvE9pWaP0fNgy4St67OPi58CjAmjo1RVzJ5HBkqmryNuF6zBEo_aem_fOWsQB-ylkvBP2PMREmLVg] wp-content/plugins/contact-form-7/includes/css/styles.css
[Thu, 24 Oct 2024 10:08:47 +0000] [/wp-content/cache/minify/300ec.css] [https://www.erminevo.it/?fbclid=IwZXh0bgNhZW0CMTEAAR2l6jAThTvE9pWaP0fNgy4St67OPi58CjAmjo1RVzJ5HBkqmryNuF6zBEo_aem_fOWsQB-ylkvBP2PMREmLVg] wp-includes/css/dashicons.min.css
[Thu, 24 Oct 2024 10:08:48 +0000] [/wp-content/cache/minify/1d685.css] [https://www.erminevo.it/?fbclid=IwZXh0bgNhZW0CMTEAAR2l6jAThTvE9pWaP0fNgy4St67OPi58CjAmjo1RVzJ5HBkqmryNuF6zBEo_aem_fOWsQB-ylkvBP2PMREmLVg] wp-content/themes/ErmiTheme/css/flickity.min.css
[Thu, 24 Oct 2024 10:08:48 +0000] [/wp-content/cache/minify/a5ff7.css] [https://www.erminevo.it/?fbclid=IwZXh0bgNhZW0CMTEAAR2l6jAThTvE9pWaP0fNgy4St67OPi58CjAmjo1RVzJ5HBkqmryNuF6zBEo_aem_fOWsQB-ylkvBP2PMREmLVg] wp-includes/css/dist/block-library/style.min.css
[Thu, 24 Oct 2024 10:08:48 +0000] [/wp-content/cache/minify/4e0b7.css] [https://www.erminevo.it/?fbclid=IwZXh0bgNhZW0CMTEAAR2l6jAThTvE9pWaP0fNgy4St67OPi58CjAmjo1RVzJ5HBkqmryNuF6zBEo_aem_fOWsQB-ylkvBP2PMREmLVg] wp-content/plugins/ermispettacoli/public/css/ermispettacoli-public.css
[Thu, 24 Oct 2024 10:08:48 +0000] [/wp-content/cache/minify/69e6a.css] [https://www.erminevo.it/?fbclid=IwZXh0bgNhZW0CMTEAAR2l6jAThTvE9pWaP0fNgy4St67OPi58CjAmjo1RVzJ5HBkqmryNuF6zBEo_aem_fOWsQB-ylkvBP2PMREmLVg] wp-content/themes/ErmiTheme/lib/gutenberg/front-end.css
[Thu, 24 Oct 2024 10:08:48 +0000] [/wp-content/cache/minify/818c0.js] [https://www.erminevo.it/?fbclid=IwZXh0bgNhZW0CMTEAAR2l6jAThTvE9pWaP0fNgy4St67OPi58CjAmjo1RVzJ5HBkqmryNuF6zBEo_aem_fOWsQB-ylkvBP2PMREmLVg] wp-includes/js/jquery/jquery.min.js
wp-includes/js/jquery/jquery-migrate.min.js
[Thu, 24 Oct 2024 10:08:48 +0000] [/wp-content/cache/minify/d085d.css] [https://www.erminevo.it/?fbclid=IwZXh0bgNhZW0CMTEAAR2l6jAThTvE9pWaP0fNgy4St67OPi58CjAmjo1RVzJ5HBkqmryNuF6zBEo_aem_fOWsQB-ylkvBP2PMREmLVg] wp-content/plugins/wp-featherlight/css/wp-featherlight.min.css
[Thu, 24 Oct 2024 10:08:48 +0000] [/wp-content/cache/minify/ffd7d.js] [https://www.erminevo.it/?fbclid=IwZXh0bgNhZW0CMTEAAR2l6jAThTvE9pWaP0fNgy4St67OPi58CjAmjo1RVzJ5HBkqmryNuF6zBEo_aem_fOWsQB-ylkvBP2PMREmLVg] wp-content/plugins/cookie-law-info/legacy/public/js/cookie-law-info-public.js
wp-content/plugins/ermispettacoli/public/js/ermispettacoli-public.js
[Thu, 24 Oct 2024 10:08:49 +0000] [/wp-content/cache/minify/dd690.js] [https://www.erminevo.it/?fbclid=IwZXh0bgNhZW0CMTEAAR2l6jAThTvE9pWaP0fNgy4St67OPi58CjAmjo1RVzJ5HBkqmryNuF6zBEo_aem_fOWsQB-ylkvBP2PMREmLVg] wp-includes/js/dist/vendor/wp-polyfill-inert.min.js
wp-includes/js/dist/vendor/regenerator-runtime.min.js
wp-includes/js/dist/vendor/wp-polyfill.min.js
wp-includes/js/dist/hooks.min.js
wp-includes/js/dist/i18n.min.js
[Thu, 24 Oct 2024 10:08:49 +0000] [/wp-content/cache/minify/1f540.js] [https://www.erminevo.it/?fbclid=IwZXh0bgNhZW0CMTEAAR2l6jAThTvE9pWaP0fNgy4St67OPi58CjAmjo1RVzJ5HBkqmryNuF6zBEo_aem_fOWsQB-ylkvBP2PMREmLVg] wp-content/plugins/contact-form-7/includes/swv/js/index.js
[Thu, 24 Oct 2024 10:08:49 +0000] [/wp-content/cache/minify/b68ea.js] [https://www.erminevo.it/?fbclid=IwZXh0bgNhZW0CMTEAAR2l6jAThTvE9pWaP0fNgy4St67OPi58CjAmjo1RVzJ5HBkqmryNuF6zBEo_aem_fOWsQB-ylkvBP2PMREmLVg] wp-content/plugins/contact-form-7/includes/js/index.js
[Thu, 24 Oct 2024 10:08:49 +0000] [/wp-content/cache/minify/9ef10.js] [https://www.erminevo.it/?fbclid=IwZXh0bgNhZW0CMTEAAR2l6jAThTvE9pWaP0fNgy4St67OPi58CjAmjo1RVzJ5HBkqmryNuF6zBEo_aem_fOWsQB-ylkvBP2PMREmLVg] wp-content/plugins/page-scroll-to-id/js/page-scroll-to-id.min.js
wp-includes/js/hoverIntent.min.js
wp-content/themes/genesis/lib/js/menu/superfish.min.js
wp-content/themes/genesis/lib/js/menu/superfish.args.min.js
wp-content/themes/genesis/lib/js/skip-links.min.js
wp-content/themes/ErmiTheme/js/flickity.pkgd.min.js
[Thu, 24 Oct 2024 10:08:49 +0000] [/wp-content/cache/minify/a2afd.js] [https://www.erminevo.it/?fbclid=IwZXh0bgNhZW0CMTEAAR2l6jAThTvE9pWaP0fNgy4St67OPi58CjAmjo1RVzJ5HBkqmryNuF6zBEo_aem_fOWsQB-ylkvBP2PMREmLVg] wp-content/themes/genesis/lib/js/menu/responsive-menus.min.js
[Thu, 24 Oct 2024 10:08:49 +0000] [/wp-content/cache/minify/e8954.js] [https://www.erminevo.it/?fbclid=IwZXh0bgNhZW0CMTEAAR2l6jAThTvE9pWaP0fNgy4St67OPi58CjAmjo1RVzJ5HBkqmryNuF6zBEo_aem_fOWsQB-ylkvBP2PMREmLVg] wp-content/plugins/contact-form-7/modules/recaptcha/index.js
wp-content/plugins/wp-featherlight/js/wpFeatherlight.pkgd.min.js
[Thu, 24 Oct 2024 10:08:50 +0000] [/wp-content/cache/minify/15a18.css] [https://www.erminevo.it/?fbclid=IwZXh0bgNhZW0CMTEAAR2l6jAThTvE9pWaP0fNgy4St67OPi58CjAmjo1RVzJ5HBkqmryNuF6zBEo_aem_fOWsQB-ylkvBP2PMREmLVg] wp-content/themes/ErmiTheme/css/hamburgers.min.css
[Sat, 26 Oct 2024 11:44:38 +0000] [/wp-content/cache/minify/4e0b7.css] [https://www.erminevo.it/unora-di-tranquillita/] wp-content/plugins/ermispettacoli/public/css/ermispettacoli-public.css
[Sat, 26 Oct 2024 11:44:38 +0000] [/wp-content/cache/minify/818c0.js] [https://www.erminevo.it/unora-di-tranquillita/] wp-includes/js/jquery/jquery.min.js
wp-includes/js/jquery/jquery-migrate.min.js
[Sat, 26 Oct 2024 11:44:39 +0000] [/wp-content/cache/minify/ffd7d.js] [https://www.erminevo.it/unora-di-tranquillita/] wp-content/plugins/cookie-law-info/legacy/public/js/cookie-law-info-public.js
wp-content/plugins/ermispettacoli/public/js/ermispettacoli-public.js
[Sat, 26 Oct 2024 11:44:39 +0000] [/wp-content/cache/minify/3888a.css] [https://www.erminevo.it/unora-di-tranquillita/] wp-content/plugins/cookie-law-info/legacy/public/css/cookie-law-info-public.css
[Sat, 26 Oct 2024 11:44:39 +0000] [/wp-content/cache/minify/a5ff7.css] [https://www.erminevo.it/unora-di-tranquillita/] wp-includes/css/dist/block-library/style.min.css
[Sat, 26 Oct 2024 11:44:39 +0000] [/wp-content/cache/minify/d085d.css] [https://www.erminevo.it/unora-di-tranquillita/] wp-content/plugins/wp-featherlight/css/wp-featherlight.min.css
[Sat, 26 Oct 2024 11:44:39 +0000] [/wp-content/cache/minify/69e6a.css] [https://www.erminevo.it/unora-di-tranquillita/] wp-content/themes/ErmiTheme/lib/gutenberg/front-end.css
[Sat, 26 Oct 2024 11:44:40 +0000] [/wp-content/cache/minify/1d685.css] [https://www.erminevo.it/unora-di-tranquillita/] wp-content/themes/ErmiTheme/css/flickity.min.css
[Sat, 26 Oct 2024 11:44:40 +0000] [/wp-content/cache/minify/f6500.css] [https://www.erminevo.it/unora-di-tranquillita/] wp-content/themes/ErmiTheme/style.css
[Sat, 26 Oct 2024 11:44:41 +0000] [/wp-content/cache/minify/1f540.js] [https://www.erminevo.it/unora-di-tranquillita/] wp-content/plugins/contact-form-7/includes/swv/js/index.js
[Sat, 26 Oct 2024 11:44:42 +0000] [/wp-content/cache/minify/9ef10.js] [https://www.erminevo.it/unora-di-tranquillita/] wp-content/plugins/page-scroll-to-id/js/page-scroll-to-id.min.js
wp-includes/js/hoverIntent.min.js
wp-content/themes/genesis/lib/js/menu/superfish.min.js
wp-content/themes/genesis/lib/js/menu/superfish.args.min.js
wp-content/themes/genesis/lib/js/skip-links.min.js
wp-content/themes/ErmiTheme/js/flickity.pkgd.min.js
[Sat, 26 Oct 2024 11:44:42 +0000] [/wp-content/cache/minify/e8954.js] [https://www.erminevo.it/unora-di-tranquillita/] wp-content/plugins/contact-form-7/modules/recaptcha/index.js
wp-content/plugins/wp-featherlight/js/wpFeatherlight.pkgd.min.js
[Sat, 26 Oct 2024 20:48:13 +0000] [/wp-content/cache/minify/15a18.css] [https://www.erminevo.it/?fbclid=IwZXh0bgNhZW0CMTEAAR1_1TcbZfvpUHOjD1f-xL259oLYe8uMaGz8wcQL7PCSrcwPT_uttsrh89E_aem_nE8I1TXKg8FWoR9Tfat5Cw] wp-content/themes/ErmiTheme/css/hamburgers.min.css
[Sat, 26 Oct 2024 20:48:13 +0000] [/wp-content/cache/minify/4c431.css] [https://www.erminevo.it/?fbclid=IwZXh0bgNhZW0CMTEAAR1_1TcbZfvpUHOjD1f-xL259oLYe8uMaGz8wcQL7PCSrcwPT_uttsrh89E_aem_nE8I1TXKg8FWoR9Tfat5Cw] wp-content/plugins/contact-form-7/includes/css/styles.css
[Sat, 26 Oct 2024 20:48:13 +0000] [/wp-content/cache/minify/300ec.css] [https://www.erminevo.it/?fbclid=IwZXh0bgNhZW0CMTEAAR1_1TcbZfvpUHOjD1f-xL259oLYe8uMaGz8wcQL7PCSrcwPT_uttsrh89E_aem_nE8I1TXKg8FWoR9Tfat5Cw] wp-includes/css/dashicons.min.css
[Sat, 26 Oct 2024 20:48:13 +0000] [/wp-content/cache/minify/fdef4.css] [https://www.erminevo.it/?fbclid=IwZXh0bgNhZW0CMTEAAR1_1TcbZfvpUHOjD1f-xL259oLYe8uMaGz8wcQL7PCSrcwPT_uttsrh89E_aem_nE8I1TXKg8FWoR9Tfat5Cw] wp-content/plugins/cookie-law-info/legacy/public/css/cookie-law-info-gdpr.css
[Sat, 26 Oct 2024 20:48:13 +0000] [/wp-content/cache/minify/dd690.js] [https://www.erminevo.it/?fbclid=IwZXh0bgNhZW0CMTEAAR1_1TcbZfvpUHOjD1f-xL259oLYe8uMaGz8wcQL7PCSrcwPT_uttsrh89E_aem_nE8I1TXKg8FWoR9Tfat5Cw] wp-includes/js/dist/vendor/wp-polyfill-inert.min.js
wp-includes/js/dist/vendor/regenerator-runtime.min.js
wp-includes/js/dist/vendor/wp-polyfill.min.js
wp-includes/js/dist/hooks.min.js
wp-includes/js/dist/i18n.min.js
[Sat, 26 Oct 2024 20:48:13 +0000] [/wp-content/cache/minify/b68ea.js] [https://www.erminevo.it/?fbclid=IwZXh0bgNhZW0CMTEAAR1_1TcbZfvpUHOjD1f-xL259oLYe8uMaGz8wcQL7PCSrcwPT_uttsrh89E_aem_nE8I1TXKg8FWoR9Tfat5Cw] wp-content/plugins/contact-form-7/includes/js/index.js
[Sat, 26 Oct 2024 20:48:13 +0000] [/wp-content/cache/minify/a2afd.js] [https://www.erminevo.it/?fbclid=IwZXh0bgNhZW0CMTEAAR1_1TcbZfvpUHOjD1f-xL259oLYe8uMaGz8wcQL7PCSrcwPT_uttsrh89E_aem_nE8I1TXKg8FWoR9Tfat5Cw] wp-content/themes/genesis/lib/js/menu/responsive-menus.min.js
[Sun, 27 Oct 2024 17:36:14 +0000] [/wp-content/cache/minify/f6500.css] [https://www.erminevo.it/] wp-content/themes/ErmiTheme/style.css
[Sun, 27 Oct 2024 17:36:16 +0000] [/wp-content/cache/minify/4e0b7.css] [https://www.erminevo.it/] wp-content/plugins/ermispettacoli/public/css/ermispettacoli-public.css
[Sun, 27 Oct 2024 17:36:16 +0000] [/wp-content/cache/minify/1d685.css] [https://www.erminevo.it/] wp-content/themes/ErmiTheme/css/flickity.min.css
[Sun, 27 Oct 2024 17:36:17 +0000] [/wp-content/cache/minify/d085d.css] [https://www.erminevo.it/] wp-content/plugins/wp-featherlight/css/wp-featherlight.min.css
[Sun, 27 Oct 2024 17:36:17 +0000] [/wp-content/cache/minify/e8954.js] [https://www.erminevo.it/] wp-content/plugins/contact-form-7/modules/recaptcha/index.js
wp-content/plugins/wp-featherlight/js/wpFeatherlight.pkgd.min.js
[Sun, 27 Oct 2024 17:36:18 +0000] [/wp-content/cache/minify/ffd7d.js] [https://www.erminevo.it/] wp-content/plugins/cookie-law-info/legacy/public/js/cookie-law-info-public.js
wp-content/plugins/ermispettacoli/public/js/ermispettacoli-public.js
[Sun, 27 Oct 2024 17:36:19 +0000] [/wp-content/cache/minify/69e6a.css] [https://www.erminevo.it/] wp-content/themes/ErmiTheme/lib/gutenberg/front-end.css
[Sun, 27 Oct 2024 17:36:19 +0000] [/wp-content/cache/minify/1f540.js] [https://www.erminevo.it/] wp-content/plugins/contact-form-7/includes/swv/js/index.js
[Sun, 27 Oct 2024 17:36:19 +0000] [/wp-content/cache/minify/3888a.css] [https://www.erminevo.it/] wp-content/plugins/cookie-law-info/legacy/public/css/cookie-law-info-public.css
[Sun, 27 Oct 2024 17:36:19 +0000] [/wp-content/cache/minify/a5ff7.css] [https://www.erminevo.it/] wp-includes/css/dist/block-library/style.min.css
[Sun, 27 Oct 2024 17:36:19 +0000] [/wp-content/cache/minify/818c0.js] [https://www.erminevo.it/] wp-includes/js/jquery/jquery.min.js
wp-includes/js/jquery/jquery-migrate.min.js
[Sun, 27 Oct 2024 17:36:19 +0000] [/wp-content/cache/minify/9ef10.js] [https://www.erminevo.it/] wp-content/plugins/page-scroll-to-id/js/page-scroll-to-id.min.js
wp-includes/js/hoverIntent.min.js
wp-content/themes/genesis/lib/js/menu/superfish.min.js
wp-content/themes/genesis/lib/js/menu/superfish.args.min.js
wp-content/themes/genesis/lib/js/skip-links.min.js
wp-content/themes/ErmiTheme/js/flickity.pkgd.min.js
[Tue, 29 Oct 2024 03:33:40 +0000] [/wp-content/cache/minify/a5ff7.css] [https://www.erminevo.it/unora-di-tranquillita/] wp-includes/css/dist/block-library/style.min.css
[Tue, 29 Oct 2024 03:33:40 +0000] [/wp-content/cache/minify/818c0.js] [https://www.erminevo.it/unora-di-tranquillita/] wp-includes/js/jquery/jquery.min.js
wp-includes/js/jquery/jquery-migrate.min.js
[Tue, 29 Oct 2024 03:33:42 +0000] [/wp-content/cache/minify/1f540.js] [https://www.erminevo.it/unora-di-tranquillita/] wp-content/plugins/contact-form-7/includes/swv/js/index.js
[Tue, 29 Oct 2024 03:33:42 +0000] [/wp-content/cache/minify/300ec.css] [https://www.erminevo.it/unora-di-tranquillita/] wp-includes/css/dashicons.min.css
[Tue, 29 Oct 2024 03:33:43 +0000] [/wp-content/cache/minify/4c431.css] [https://www.erminevo.it/unora-di-tranquillita/] wp-content/plugins/contact-form-7/includes/css/styles.css
[Tue, 29 Oct 2024 03:33:44 +0000] [/wp-content/cache/minify/15a18.css] [https://www.erminevo.it/unora-di-tranquillita/] wp-content/themes/ErmiTheme/css/hamburgers.min.css
[Tue, 29 Oct 2024 03:33:45 +0000] [/wp-content/cache/minify/dd690.js] [https://www.erminevo.it/unora-di-tranquillita/] wp-includes/js/dist/vendor/wp-polyfill-inert.min.js
wp-includes/js/dist/vendor/regenerator-runtime.min.js
wp-includes/js/dist/vendor/wp-polyfill.min.js
wp-includes/js/dist/hooks.min.js
wp-includes/js/dist/i18n.min.js
[Tue, 29 Oct 2024 03:33:45 +0000] [/wp-content/cache/minify/fdef4.css] [https://www.erminevo.it/unora-di-tranquillita/] wp-content/plugins/cookie-law-info/legacy/public/css/cookie-law-info-gdpr.css
[Tue, 29 Oct 2024 03:33:47 +0000] [/wp-content/cache/minify/4e0b7.css] [https://www.erminevo.it/unora-di-tranquillita/] wp-content/plugins/ermispettacoli/public/css/ermispettacoli-public.css
[Tue, 29 Oct 2024 03:33:48 +0000] [/wp-content/cache/minify/1d685.css] [https://www.erminevo.it/unora-di-tranquillita/] wp-content/themes/ErmiTheme/css/flickity.min.css
[Tue, 29 Oct 2024 03:33:49 +0000] [/wp-content/cache/minify/f6500.css] [https://www.erminevo.it/unora-di-tranquillita/] wp-content/themes/ErmiTheme/style.css
[Tue, 29 Oct 2024 03:33:50 +0000] [/wp-content/cache/minify/69e6a.css] [https://www.erminevo.it/unora-di-tranquillita/] wp-content/themes/ErmiTheme/lib/gutenberg/front-end.css
[Tue, 29 Oct 2024 03:33:51 +0000] [/wp-content/cache/minify/d085d.css] [https://www.erminevo.it/unora-di-tranquillita/] wp-content/plugins/wp-featherlight/css/wp-featherlight.min.css
[Tue, 29 Oct 2024 03:34:00 +0000] [/wp-content/cache/minify/a2afd.js] [https://www.erminevo.it/unora-di-tranquillita/] wp-content/themes/genesis/lib/js/menu/responsive-menus.min.js
[Tue, 29 Oct 2024 03:34:01 +0000] [/wp-content/cache/minify/e8954.js] [https://www.erminevo.it/unora-di-tranquillita/] wp-content/plugins/contact-form-7/modules/recaptcha/index.js
wp-content/plugins/wp-featherlight/js/wpFeatherlight.pkgd.min.js
[Wed, 30 Oct 2024 17:24:50 +0000] [/wp-content/cache/minify/f6500.css] [https://www.erminevo.it/] wp-content/themes/ErmiTheme/style.css
[Wed, 30 Oct 2024 17:24:51 +0000] [/wp-content/cache/minify/4c431.css] [https://www.erminevo.it/] wp-content/plugins/contact-form-7/includes/css/styles.css
[Wed, 30 Oct 2024 17:24:52 +0000] [/wp-content/cache/minify/1f540.js] [https://www.erminevo.it/] wp-content/plugins/contact-form-7/includes/swv/js/index.js
[Wed, 30 Oct 2024 17:24:53 +0000] [/wp-content/cache/minify/b68ea.js] [https://www.erminevo.it/] wp-content/plugins/contact-form-7/includes/js/index.js
[Wed, 30 Oct 2024 17:24:54 +0000] [/wp-content/cache/minify/9ef10.js] [https://www.erminevo.it/] wp-content/plugins/page-scroll-to-id/js/page-scroll-to-id.min.js
wp-includes/js/hoverIntent.min.js
wp-content/themes/genesis/lib/js/menu/superfish.min.js
wp-content/themes/genesis/lib/js/menu/superfish.args.min.js
wp-content/themes/genesis/lib/js/skip-links.min.js
wp-content/themes/ErmiTheme/js/flickity.pkgd.min.js
[Wed, 30 Oct 2024 17:24:55 +0000] [/wp-content/cache/minify/fdef4.css] [https://www.erminevo.it/] wp-content/plugins/cookie-law-info/legacy/public/css/cookie-law-info-gdpr.css
[Wed, 30 Oct 2024 17:24:55 +0000] [/wp-content/cache/minify/a2afd.js] [https://www.erminevo.it/] wp-content/themes/genesis/lib/js/menu/responsive-menus.min.js
[Wed, 30 Oct 2024 17:24:55 +0000] [/wp-content/cache/minify/1d685.css] [https://www.erminevo.it/] wp-content/themes/ErmiTheme/css/flickity.min.css
[Wed, 30 Oct 2024 17:24:55 +0000] [/wp-content/cache/minify/15a18.css] [https://www.erminevo.it/] wp-content/themes/ErmiTheme/css/hamburgers.min.css
[Wed, 30 Oct 2024 17:24:55 +0000] [/wp-content/cache/minify/300ec.css] [https://www.erminevo.it/] wp-includes/css/dashicons.min.css
[Wed, 30 Oct 2024 17:24:55 +0000] [/wp-content/cache/minify/a5ff7.css] [https://www.erminevo.it/] wp-includes/css/dist/block-library/style.min.css
[Wed, 30 Oct 2024 17:24:55 +0000] [/wp-content/cache/minify/d085d.css] [https://www.erminevo.it/] wp-content/plugins/wp-featherlight/css/wp-featherlight.min.css
[Wed, 30 Oct 2024 17:24:55 +0000] [/wp-content/cache/minify/4e0b7.css] [https://www.erminevo.it/] wp-content/plugins/ermispettacoli/public/css/ermispettacoli-public.css
[Wed, 30 Oct 2024 17:24:55 +0000] [/wp-content/cache/minify/e8954.js] [https://www.erminevo.it/] wp-content/plugins/contact-form-7/modules/recaptcha/index.js
wp-content/plugins/wp-featherlight/js/wpFeatherlight.pkgd.min.js
[Wed, 30 Oct 2024 17:24:56 +0000] [/wp-content/cache/minify/818c0.js] [https://www.erminevo.it/] wp-includes/js/jquery/jquery.min.js
wp-includes/js/jquery/jquery-migrate.min.js
[Wed, 30 Oct 2024 17:24:56 +0000] [/wp-content/cache/minify/69e6a.css] [https://www.erminevo.it/] wp-content/themes/ErmiTheme/lib/gutenberg/front-end.css
[Wed, 30 Oct 2024 17:24:56 +0000] [/wp-content/cache/minify/dd690.js] [https://www.erminevo.it/] wp-includes/js/dist/vendor/wp-polyfill-inert.min.js
wp-includes/js/dist/vendor/regenerator-runtime.min.js
wp-includes/js/dist/vendor/wp-polyfill.min.js
wp-includes/js/dist/hooks.min.js
wp-includes/js/dist/i18n.min.js
[Wed, 30 Oct 2024 17:24:56 +0000] [/wp-content/cache/minify/ffd7d.js] [https://www.erminevo.it/] wp-content/plugins/cookie-law-info/legacy/public/js/cookie-law-info-public.js
wp-content/plugins/ermispettacoli/public/js/ermispettacoli-public.js
[Wed, 30 Oct 2024 17:24:56 +0000] [/wp-content/cache/minify/3888a.css] [https://www.erminevo.it/] wp-content/plugins/cookie-law-info/legacy/public/css/cookie-law-info-public.css
[Mon, 04 Nov 2024 15:18:57 +0000] [/wp-content/cache/minify/f6500.css] [https://www.erminevo.it/] wp-content/themes/ErmiTheme/style.css
[Mon, 04 Nov 2024 15:18:57 +0000] [/wp-content/cache/minify/3888a.css] [https://www.erminevo.it/] wp-content/plugins/cookie-law-info/legacy/public/css/cookie-law-info-public.css
[Mon, 04 Nov 2024 15:18:57 +0000] [/wp-content/cache/minify/fdef4.css] [https://www.erminevo.it/] wp-content/plugins/cookie-law-info/legacy/public/css/cookie-law-info-gdpr.css
[Mon, 04 Nov 2024 15:18:57 +0000] [/wp-content/cache/minify/4e0b7.css] [https://www.erminevo.it/] wp-content/plugins/ermispettacoli/public/css/ermispettacoli-public.css
[Mon, 04 Nov 2024 15:18:57 +0000] [/wp-content/cache/minify/300ec.css] [https://www.erminevo.it/] wp-includes/css/dashicons.min.css
[Mon, 04 Nov 2024 15:18:58 +0000] [/wp-content/cache/minify/a5ff7.css] [https://www.erminevo.it/] wp-includes/css/dist/block-library/style.min.css
[Mon, 04 Nov 2024 15:18:58 +0000] [/wp-content/cache/minify/15a18.css] [https://www.erminevo.it/] wp-content/themes/ErmiTheme/css/hamburgers.min.css
[Mon, 04 Nov 2024 15:18:58 +0000] [/wp-content/cache/minify/69e6a.css] [https://www.erminevo.it/] wp-content/themes/ErmiTheme/lib/gutenberg/front-end.css
[Mon, 04 Nov 2024 15:18:58 +0000] [/wp-content/cache/minify/d085d.css] [https://www.erminevo.it/] wp-content/plugins/wp-featherlight/css/wp-featherlight.min.css
[Mon, 04 Nov 2024 15:18:58 +0000] [/wp-content/cache/minify/ffd7d.js] [https://www.erminevo.it/] wp-content/plugins/cookie-law-info/legacy/public/js/cookie-law-info-public.js
wp-content/plugins/ermispettacoli/public/js/ermispettacoli-public.js
[Mon, 04 Nov 2024 15:18:58 +0000] [/wp-content/cache/minify/dd690.js] [https://www.erminevo.it/] wp-includes/js/dist/vendor/wp-polyfill-inert.min.js
wp-includes/js/dist/vendor/regenerator-runtime.min.js
wp-includes/js/dist/vendor/wp-polyfill.min.js
wp-includes/js/dist/hooks.min.js
wp-includes/js/dist/i18n.min.js
[Mon, 04 Nov 2024 15:18:59 +0000] [/wp-content/cache/minify/1d685.css] [https://www.erminevo.it/] wp-content/themes/ErmiTheme/css/flickity.min.css
[Mon, 04 Nov 2024 15:18:59 +0000] [/wp-content/cache/minify/4c431.css] [https://www.erminevo.it/] wp-content/plugins/contact-form-7/includes/css/styles.css
[Mon, 04 Nov 2024 15:18:59 +0000] [/wp-content/cache/minify/b68ea.js] [https://www.erminevo.it/] wp-content/plugins/contact-form-7/includes/js/index.js
[Mon, 04 Nov 2024 15:18:59 +0000] [/wp-content/cache/minify/9ef10.js] [https://www.erminevo.it/] wp-content/plugins/page-scroll-to-id/js/page-scroll-to-id.min.js
wp-includes/js/hoverIntent.min.js
wp-content/themes/genesis/lib/js/menu/superfish.min.js
wp-content/themes/genesis/lib/js/menu/superfish.args.min.js
wp-content/themes/genesis/lib/js/skip-links.min.js
wp-content/themes/ErmiTheme/js/flickity.pkgd.min.js
[Mon, 04 Nov 2024 15:18:59 +0000] [/wp-content/cache/minify/a2afd.js] [https://www.erminevo.it/] wp-content/themes/genesis/lib/js/menu/responsive-menus.min.js
[Mon, 04 Nov 2024 15:18:59 +0000] [/wp-content/cache/minify/818c0.js] [https://www.erminevo.it/] wp-includes/js/jquery/jquery.min.js
wp-includes/js/jquery/jquery-migrate.min.js
[Mon, 04 Nov 2024 15:18:59 +0000] [/wp-content/cache/minify/e8954.js] [https://www.erminevo.it/] wp-content/plugins/contact-form-7/modules/recaptcha/index.js
wp-content/plugins/wp-featherlight/js/wpFeatherlight.pkgd.min.js
[Mon, 04 Nov 2024 15:18:59 +0000] [/wp-content/cache/minify/1f540.js] [https://www.erminevo.it/] wp-content/plugins/contact-form-7/includes/swv/js/index.js
[Wed, 06 Nov 2024 17:04:09 +0000] [/wp-content/cache/minify/f6500.css] [https://www.erminevo.it/] wp-content/themes/ErmiTheme/style.css
[Wed, 06 Nov 2024 17:04:09 +0000] [/wp-content/cache/minify/a5ff7.css] [https://www.erminevo.it/] wp-includes/css/dist/block-library/style.min.css
[Wed, 06 Nov 2024 17:04:10 +0000] [/wp-content/cache/minify/3888a.css] [https://www.erminevo.it/] wp-content/plugins/cookie-law-info/legacy/public/css/cookie-law-info-public.css
[Wed, 06 Nov 2024 17:04:10 +0000] [/wp-content/cache/minify/4e0b7.css] [https://www.erminevo.it/] wp-content/plugins/ermispettacoli/public/css/ermispettacoli-public.css
[Wed, 06 Nov 2024 17:04:12 +0000] [/wp-content/cache/minify/ffd7d.js] [https://www.erminevo.it/] wp-content/plugins/cookie-law-info/legacy/public/js/cookie-law-info-public.js
wp-content/plugins/ermispettacoli/public/js/ermispettacoli-public.js
[Wed, 06 Nov 2024 17:04:12 +0000] [/wp-content/cache/minify/818c0.js] [https://www.erminevo.it/] wp-includes/js/jquery/jquery.min.js
wp-includes/js/jquery/jquery-migrate.min.js
[Wed, 06 Nov 2024 17:04:13 +0000] [/wp-content/cache/minify/d085d.css] [https://www.erminevo.it/] wp-content/plugins/wp-featherlight/css/wp-featherlight.min.css
[Wed, 06 Nov 2024 17:04:14 +0000] [/wp-content/cache/minify/300ec.css] [https://www.erminevo.it/] wp-includes/css/dashicons.min.css
[Wed, 06 Nov 2024 17:04:14 +0000] [/wp-content/cache/minify/69e6a.css] [https://www.erminevo.it/] wp-content/themes/ErmiTheme/lib/gutenberg/front-end.css
[Wed, 06 Nov 2024 17:04:14 +0000] [/wp-content/cache/minify/4c431.css] [https://www.erminevo.it/] wp-content/plugins/contact-form-7/includes/css/styles.css
[Wed, 06 Nov 2024 17:04:14 +0000] [/wp-content/cache/minify/fdef4.css] [https://www.erminevo.it/] wp-content/plugins/cookie-law-info/legacy/public/css/cookie-law-info-gdpr.css
[Wed, 06 Nov 2024 17:04:14 +0000] [/wp-content/cache/minify/1d685.css] [https://www.erminevo.it/] wp-content/themes/ErmiTheme/css/flickity.min.css
[Wed, 06 Nov 2024 17:04:14 +0000] [/wp-content/cache/minify/15a18.css] [https://www.erminevo.it/] wp-content/themes/ErmiTheme/css/hamburgers.min.css
[Wed, 06 Nov 2024 17:04:14 +0000] [/wp-content/cache/minify/dd690.js] [https://www.erminevo.it/] wp-includes/js/dist/vendor/wp-polyfill-inert.min.js
wp-includes/js/dist/vendor/regenerator-runtime.min.js
wp-includes/js/dist/vendor/wp-polyfill.min.js
wp-includes/js/dist/hooks.min.js
wp-includes/js/dist/i18n.min.js
[Wed, 06 Nov 2024 17:04:14 +0000] [/wp-content/cache/minify/1f540.js] [https://www.erminevo.it/] wp-content/plugins/contact-form-7/includes/swv/js/index.js
[Wed, 06 Nov 2024 17:04:14 +0000] [/wp-content/cache/minify/9ef10.js] [https://www.erminevo.it/] wp-content/plugins/page-scroll-to-id/js/page-scroll-to-id.min.js
wp-includes/js/hoverIntent.min.js
wp-content/themes/genesis/lib/js/menu/superfish.min.js
wp-content/themes/genesis/lib/js/menu/superfish.args.min.js
wp-content/themes/genesis/lib/js/skip-links.min.js
wp-content/themes/ErmiTheme/js/flickity.pkgd.min.js
[Wed, 06 Nov 2024 17:04:14 +0000] [/wp-content/cache/minify/b68ea.js] [https://www.erminevo.it/] wp-content/plugins/contact-form-7/includes/js/index.js
[Wed, 06 Nov 2024 17:04:15 +0000] [/wp-content/cache/minify/a2afd.js] [https://www.erminevo.it/] wp-content/themes/genesis/lib/js/menu/responsive-menus.min.js
[Wed, 06 Nov 2024 17:04:15 +0000] [/wp-content/cache/minify/e8954.js] [https://www.erminevo.it/] wp-content/plugins/contact-form-7/modules/recaptcha/index.js
wp-content/plugins/wp-featherlight/js/wpFeatherlight.pkgd.min.js
[Sat, 09 Nov 2024 22:05:36 +0000] [/wp-content/cache/minify/f6500.css] [https://www.erminevo.it/] wp-content/themes/ErmiTheme/style.css
[Sat, 09 Nov 2024 22:05:36 +0000] [/wp-content/cache/minify/9ef10.js] [https://www.erminevo.it/] wp-content/plugins/page-scroll-to-id/js/page-scroll-to-id.min.js
wp-includes/js/hoverIntent.min.js
wp-content/themes/genesis/lib/js/menu/superfish.min.js
wp-content/themes/genesis/lib/js/menu/superfish.args.min.js
wp-content/themes/genesis/lib/js/skip-links.min.js
wp-content/themes/ErmiTheme/js/flickity.pkgd.min.js
[Sat, 09 Nov 2024 22:05:37 +0000] [/wp-content/cache/minify/a2afd.js] [https://www.erminevo.it/] wp-content/themes/genesis/lib/js/menu/responsive-menus.min.js
[Sat, 09 Nov 2024 22:05:37 +0000] [/wp-content/cache/minify/e8954.js] [https://www.erminevo.it/] wp-content/plugins/contact-form-7/modules/recaptcha/index.js
wp-content/plugins/wp-featherlight/js/wpFeatherlight.pkgd.min.js
[Sat, 09 Nov 2024 22:05:38 +0000] [/wp-content/cache/minify/4c431.css] [https://www.erminevo.it/] wp-content/plugins/contact-form-7/includes/css/styles.css
[Sat, 09 Nov 2024 22:05:38 +0000] [/wp-content/cache/minify/a5ff7.css] [https://www.erminevo.it/] wp-includes/css/dist/block-library/style.min.css
[Sat, 09 Nov 2024 22:05:39 +0000] [/wp-content/cache/minify/4e0b7.css] [https://www.erminevo.it/] wp-content/plugins/ermispettacoli/public/css/ermispettacoli-public.css
[Sat, 09 Nov 2024 22:05:39 +0000] [/wp-content/cache/minify/1d685.css] [https://www.erminevo.it/] wp-content/themes/ErmiTheme/css/flickity.min.css
[Sat, 09 Nov 2024 22:05:40 +0000] [/wp-content/cache/minify/300ec.css] [https://www.erminevo.it/] wp-includes/css/dashicons.min.css
[Sat, 09 Nov 2024 22:05:40 +0000] [/wp-content/cache/minify/d085d.css] [https://www.erminevo.it/] wp-content/plugins/wp-featherlight/css/wp-featherlight.min.css
[Sat, 09 Nov 2024 22:05:41 +0000] [/wp-content/cache/minify/dd690.js] [https://www.erminevo.it/] wp-includes/js/dist/vendor/wp-polyfill-inert.min.js
wp-includes/js/dist/vendor/regenerator-runtime.min.js
wp-includes/js/dist/vendor/wp-polyfill.min.js
wp-includes/js/dist/hooks.min.js
wp-includes/js/dist/i18n.min.js
[Sat, 09 Nov 2024 22:05:41 +0000] [/wp-content/cache/minify/3888a.css] [https://www.erminevo.it/] wp-content/plugins/cookie-law-info/legacy/public/css/cookie-law-info-public.css
[Sat, 09 Nov 2024 22:05:41 +0000] [/wp-content/cache/minify/fdef4.css] [https://www.erminevo.it/] wp-content/plugins/cookie-law-info/legacy/public/css/cookie-law-info-gdpr.css
[Sat, 09 Nov 2024 22:05:41 +0000] [/wp-content/cache/minify/ffd7d.js] [https://www.erminevo.it/] wp-content/plugins/cookie-law-info/legacy/public/js/cookie-law-info-public.js
wp-content/plugins/ermispettacoli/public/js/ermispettacoli-public.js
[Sat, 09 Nov 2024 22:05:41 +0000] [/wp-content/cache/minify/818c0.js] [https://www.erminevo.it/] wp-includes/js/jquery/jquery.min.js
wp-includes/js/jquery/jquery-migrate.min.js
[Sat, 09 Nov 2024 22:05:41 +0000] [/wp-content/cache/minify/69e6a.css] [https://www.erminevo.it/] wp-content/themes/ErmiTheme/lib/gutenberg/front-end.css
[Sat, 09 Nov 2024 22:05:41 +0000] [/wp-content/cache/minify/15a18.css] [https://www.erminevo.it/] wp-content/themes/ErmiTheme/css/hamburgers.min.css
[Sun, 10 Nov 2024 13:53:18 +0000] [/wp-content/cache/minify/b68ea.js] [https://www.erminevo.it/limportanza-di-chiamarsi-ernest/] wp-content/plugins/contact-form-7/includes/js/index.js
[Mon, 11 Nov 2024 23:07:05 +0000] [/wp-content/cache/minify/a5ff7.css] [https://www.erminevo.it/] wp-includes/css/dist/block-library/style.min.css
[Mon, 11 Nov 2024 23:07:05 +0000] [/wp-content/cache/minify/fdef4.css] [https://www.erminevo.it/] wp-content/plugins/cookie-law-info/legacy/public/css/cookie-law-info-gdpr.css
[Mon, 11 Nov 2024 23:07:06 +0000] [/wp-content/cache/minify/dd690.js] [https://www.erminevo.it/] wp-includes/js/dist/vendor/wp-polyfill-inert.min.js
wp-includes/js/dist/vendor/regenerator-runtime.min.js
wp-includes/js/dist/vendor/wp-polyfill.min.js
wp-includes/js/dist/hooks.min.js
wp-includes/js/dist/i18n.min.js
[Mon, 11 Nov 2024 23:07:06 +0000] [/wp-content/cache/minify/f6500.css] [https://www.erminevo.it/] wp-content/themes/ErmiTheme/style.css
[Mon, 11 Nov 2024 23:07:07 +0000] [/wp-content/cache/minify/4e0b7.css] [https://www.erminevo.it/] wp-content/plugins/ermispettacoli/public/css/ermispettacoli-public.css
[Mon, 11 Nov 2024 23:07:07 +0000] [/wp-content/cache/minify/1f540.js] [https://www.erminevo.it/] wp-content/plugins/contact-form-7/includes/swv/js/index.js
[Mon, 11 Nov 2024 23:07:08 +0000] [/wp-content/cache/minify/69e6a.css] [https://www.erminevo.it/] wp-content/themes/ErmiTheme/lib/gutenberg/front-end.css
[Mon, 11 Nov 2024 23:07:09 +0000] [/wp-content/cache/minify/d085d.css] [https://www.erminevo.it/] wp-content/plugins/wp-featherlight/css/wp-featherlight.min.css
[Mon, 11 Nov 2024 23:07:09 +0000] [/wp-content/cache/minify/1d685.css] [https://www.erminevo.it/] wp-content/themes/ErmiTheme/css/flickity.min.css
[Mon, 11 Nov 2024 23:07:10 +0000] [/wp-content/cache/minify/b68ea.js] [https://www.erminevo.it/] wp-content/plugins/contact-form-7/includes/js/index.js
[Mon, 11 Nov 2024 23:07:10 +0000] [/wp-content/cache/minify/9ef10.js] [https://www.erminevo.it/] wp-content/plugins/page-scroll-to-id/js/page-scroll-to-id.min.js
wp-includes/js/hoverIntent.min.js
wp-content/themes/genesis/lib/js/menu/superfish.min.js
wp-content/themes/genesis/lib/js/menu/superfish.args.min.js
wp-content/themes/genesis/lib/js/skip-links.min.js
wp-content/themes/ErmiTheme/js/flickity.pkgd.min.js
[Mon, 11 Nov 2024 23:07:10 +0000] [/wp-content/cache/minify/3888a.css] [https://www.erminevo.it/] wp-content/plugins/cookie-law-info/legacy/public/css/cookie-law-info-public.css
[Mon, 11 Nov 2024 23:07:10 +0000] [/wp-content/cache/minify/15a18.css] [https://www.erminevo.it/] wp-content/themes/ErmiTheme/css/hamburgers.min.css
[Mon, 11 Nov 2024 23:07:11 +0000] [/wp-content/cache/minify/300ec.css] [https://www.erminevo.it/] wp-includes/css/dashicons.min.css
[Mon, 11 Nov 2024 23:07:11 +0000] [/wp-content/cache/minify/4c431.css] [https://www.erminevo.it/] wp-content/plugins/contact-form-7/includes/css/styles.css
[Mon, 11 Nov 2024 23:07:11 +0000] [/wp-content/cache/minify/ffd7d.js] [https://www.erminevo.it/] wp-content/plugins/cookie-law-info/legacy/public/js/cookie-law-info-public.js
wp-content/plugins/ermispettacoli/public/js/ermispettacoli-public.js
[Mon, 11 Nov 2024 23:07:11 +0000] [/wp-content/cache/minify/818c0.js] [https://www.erminevo.it/] wp-includes/js/jquery/jquery.min.js
wp-includes/js/jquery/jquery-migrate.min.js
[Mon, 11 Nov 2024 23:07:11 +0000] [/wp-content/cache/minify/a2afd.js] [https://www.erminevo.it/] wp-content/themes/genesis/lib/js/menu/responsive-menus.min.js
[Mon, 11 Nov 2024 23:07:11 +0000] [/wp-content/cache/minify/e8954.js] [https://www.erminevo.it/] wp-content/plugins/contact-form-7/modules/recaptcha/index.js
wp-content/plugins/wp-featherlight/js/wpFeatherlight.pkgd.min.js
[Wed, 13 Nov 2024 16:46:46 +0000] [/wp-content/cache/minify/9ef10.js] [-] wp-content/plugins/page-scroll-to-id/js/page-scroll-to-id.min.js
wp-includes/js/hoverIntent.min.js
wp-content/themes/genesis/lib/js/menu/superfish.min.js
wp-content/themes/genesis/lib/js/menu/superfish.args.min.js
wp-content/themes/genesis/lib/js/skip-links.min.js
wp-content/themes/ErmiTheme/js/flickity.pkgd.min.js
[Wed, 13 Nov 2024 16:46:46 +0000] [/wp-content/cache/minify/b68ea.js] [-] wp-content/plugins/contact-form-7/includes/js/index.js
[Wed, 13 Nov 2024 16:46:46 +0000] [/wp-content/cache/minify/a2afd.js] [-] wp-content/themes/genesis/lib/js/menu/responsive-menus.min.js
[Wed, 13 Nov 2024 16:46:46 +0000] [/wp-content/cache/minify/e8954.js] [-] wp-content/plugins/contact-form-7/modules/recaptcha/index.js
wp-content/plugins/wp-featherlight/js/wpFeatherlight.pkgd.min.js
[Wed, 13 Nov 2024 16:46:47 +0000] [/wp-content/cache/minify/ffd7d.js] [-] wp-content/plugins/cookie-law-info/legacy/public/js/cookie-law-info-public.js
wp-content/plugins/ermispettacoli/public/js/ermispettacoli-public.js
[Wed, 13 Nov 2024 16:46:47 +0000] [/wp-content/cache/minify/818c0.js] [-] wp-includes/js/jquery/jquery.min.js
wp-includes/js/jquery/jquery-migrate.min.js
[Wed, 13 Nov 2024 16:46:47 +0000] [/wp-content/cache/minify/dd690.js] [-] wp-includes/js/dist/vendor/wp-polyfill-inert.min.js
wp-includes/js/dist/vendor/regenerator-runtime.min.js
wp-includes/js/dist/vendor/wp-polyfill.min.js
wp-includes/js/dist/hooks.min.js
wp-includes/js/dist/i18n.min.js
[Wed, 13 Nov 2024 16:46:47 +0000] [/wp-content/cache/minify/1f540.js] [-] wp-content/plugins/contact-form-7/includes/swv/js/index.js
[Thu, 14 Nov 2024 08:49:26 +0000] [/wp-content/cache/minify/f6500.css] [https://www.erminevo.it/category/spettacolo/] wp-content/themes/ErmiTheme/style.css
[Thu, 14 Nov 2024 08:49:30 +0000] [/wp-content/cache/minify/1d685.css] [https://www.erminevo.it/category/spettacolo/] wp-content/themes/ErmiTheme/css/flickity.min.css
[Thu, 14 Nov 2024 08:49:33 +0000] [/wp-content/cache/minify/300ec.css] [https://www.erminevo.it/category/spettacolo/] wp-includes/css/dashicons.min.css
[Thu, 14 Nov 2024 08:49:34 +0000] [/wp-content/cache/minify/d085d.css] [https://www.erminevo.it/category/spettacolo/] wp-content/plugins/wp-featherlight/css/wp-featherlight.min.css
[Thu, 14 Nov 2024 08:49:35 +0000] [/wp-content/cache/minify/69e6a.css] [https://www.erminevo.it/category/spettacolo/] wp-content/themes/ErmiTheme/lib/gutenberg/front-end.css
[Thu, 14 Nov 2024 09:17:48 +0000] [/wp-content/cache/minify/3888a.css] [https://www.erminevo.it/tag/gttempo/] wp-content/plugins/cookie-law-info/legacy/public/css/cookie-law-info-public.css
[Thu, 14 Nov 2024 09:17:50 +0000] [/wp-content/cache/minify/4c431.css] [https://www.erminevo.it/tag/gttempo/] wp-content/plugins/contact-form-7/includes/css/styles.css
[Thu, 14 Nov 2024 09:17:51 +0000] [/wp-content/cache/minify/15a18.css] [https://www.erminevo.it/tag/gttempo/] wp-content/themes/ErmiTheme/css/hamburgers.min.css
[Thu, 14 Nov 2024 09:17:53 +0000] [/wp-content/cache/minify/fdef4.css] [https://www.erminevo.it/tag/gttempo/] wp-content/plugins/cookie-law-info/legacy/public/css/cookie-law-info-gdpr.css
[Thu, 14 Nov 2024 09:17:54 +0000] [/wp-content/cache/minify/a5ff7.css] [https://www.erminevo.it/tag/gttempo/] wp-includes/css/dist/block-library/style.min.css
[Thu, 14 Nov 2024 09:17:55 +0000] [/wp-content/cache/minify/4e0b7.css] [https://www.erminevo.it/tag/gttempo/] wp-content/plugins/ermispettacoli/public/css/ermispettacoli-public.css
[Thu, 14 Nov 2024 18:00:44 +0000] [/wp-content/cache/minify/e8954.js] [https://www.erminevo.it/erminevo-in-concorso/] wp-content/plugins/contact-form-7/modules/recaptcha/index.js
wp-content/plugins/wp-featherlight/js/wpFeatherlight.pkgd.min.js
[Sat, 16 Nov 2024 04:35:26 +0000] [/wp-content/cache/minify/818c0.js] [https://www.erminevo.it/corpo-musicale-s-apollonio/] wp-includes/js/jquery/jquery.min.js
wp-includes/js/jquery/jquery-migrate.min.js
[Sat, 16 Nov 2024 04:35:26 +0000] [/wp-content/cache/minify/4c431.css] [https://www.erminevo.it/corpo-musicale-s-apollonio/] wp-content/plugins/contact-form-7/includes/css/styles.css
[Sat, 16 Nov 2024 04:35:27 +0000] [/wp-content/cache/minify/1f540.js] [https://www.erminevo.it/corpo-musicale-s-apollonio/] wp-content/plugins/contact-form-7/includes/swv/js/index.js
[Sat, 16 Nov 2024 04:35:28 +0000] [/wp-content/cache/minify/9ef10.js] [https://www.erminevo.it/corpo-musicale-s-apollonio/] wp-content/plugins/page-scroll-to-id/js/page-scroll-to-id.min.js
wp-includes/js/hoverIntent.min.js
wp-content/themes/genesis/lib/js/menu/superfish.min.js
wp-content/themes/genesis/lib/js/menu/superfish.args.min.js
wp-content/themes/genesis/lib/js/skip-links.min.js
wp-content/themes/ErmiTheme/js/flickity.pkgd.min.js
[Sat, 16 Nov 2024 20:33:33 +0000] [/wp-content/cache/minify/e8954.js] [-] wp-content/plugins/contact-form-7/modules/recaptcha/index.js
wp-content/plugins/wp-featherlight/js/wpFeatherlight.pkgd.min.js
[Sat, 16 Nov 2024 20:33:34 +0000] [/wp-content/cache/minify/a2afd.js] [-] wp-content/themes/genesis/lib/js/menu/responsive-menus.min.js
[Sat, 16 Nov 2024 20:33:34 +0000] [/wp-content/cache/minify/ffd7d.js] [-] wp-content/plugins/cookie-law-info/legacy/public/js/cookie-law-info-public.js
wp-content/plugins/ermispettacoli/public/js/ermispettacoli-public.js
[Sat, 16 Nov 2024 20:33:34 +0000] [/wp-content/cache/minify/dd690.js] [-] wp-includes/js/dist/vendor/wp-polyfill-inert.min.js
wp-includes/js/dist/vendor/regenerator-runtime.min.js
wp-includes/js/dist/vendor/wp-polyfill.min.js
wp-includes/js/dist/hooks.min.js
wp-includes/js/dist/i18n.min.js
[Sat, 16 Nov 2024 20:33:35 +0000] [/wp-content/cache/minify/b68ea.js] [-] wp-content/plugins/contact-form-7/includes/js/index.js
[Sat, 16 Nov 2024 22:33:23 +0000] [/wp-content/cache/minify/a5ff7.css] [https://www.erminevo.it/?fbclid=PAZXh0bgNhZW0CMTEAAaZcIUTCFVFTgZnugKRApLgr25xfXPt26loeeDGcRWPEoT98yWHJCAlxVso_aem_LYVG-rjDzKyrPDZi7qRRnA] wp-includes/css/dist/block-library/style.min.css
[Sat, 16 Nov 2024 22:33:25 +0000] [/wp-content/cache/minify/d085d.css] [https://www.erminevo.it/?fbclid=PAZXh0bgNhZW0CMTEAAaZcIUTCFVFTgZnugKRApLgr25xfXPt26loeeDGcRWPEoT98yWHJCAlxVso_aem_LYVG-rjDzKyrPDZi7qRRnA] wp-content/plugins/wp-featherlight/css/wp-featherlight.min.css
[Sat, 16 Nov 2024 22:33:26 +0000] [/wp-content/cache/minify/69e6a.css] [https://www.erminevo.it/?fbclid=PAZXh0bgNhZW0CMTEAAaZcIUTCFVFTgZnugKRApLgr25xfXPt26loeeDGcRWPEoT98yWHJCAlxVso_aem_LYVG-rjDzKyrPDZi7qRRnA] wp-content/themes/ErmiTheme/lib/gutenberg/front-end.css
[Sat, 16 Nov 2024 22:33:27 +0000] [/wp-content/cache/minify/4e0b7.css] [https://www.erminevo.it/?fbclid=PAZXh0bgNhZW0CMTEAAaZcIUTCFVFTgZnugKRApLgr25xfXPt26loeeDGcRWPEoT98yWHJCAlxVso_aem_LYVG-rjDzKyrPDZi7qRRnA] wp-content/plugins/ermispettacoli/public/css/ermispettacoli-public.css
[Sat, 16 Nov 2024 22:33:27 +0000] [/wp-content/cache/minify/f6500.css] [https://www.erminevo.it/?fbclid=PAZXh0bgNhZW0CMTEAAaZcIUTCFVFTgZnugKRApLgr25xfXPt26loeeDGcRWPEoT98yWHJCAlxVso_aem_LYVG-rjDzKyrPDZi7qRRnA] wp-content/themes/ErmiTheme/style.css
[Sat, 16 Nov 2024 22:33:27 +0000] [/wp-content/cache/minify/1d685.css] [https://www.erminevo.it/?fbclid=PAZXh0bgNhZW0CMTEAAaZcIUTCFVFTgZnugKRApLgr25xfXPt26loeeDGcRWPEoT98yWHJCAlxVso_aem_LYVG-rjDzKyrPDZi7qRRnA] wp-content/themes/ErmiTheme/css/flickity.min.css
[Sat, 16 Nov 2024 22:33:27 +0000] [/wp-content/cache/minify/300ec.css] [https://www.erminevo.it/?fbclid=PAZXh0bgNhZW0CMTEAAaZcIUTCFVFTgZnugKRApLgr25xfXPt26loeeDGcRWPEoT98yWHJCAlxVso_aem_LYVG-rjDzKyrPDZi7qRRnA] wp-includes/css/dashicons.min.css
[Sat, 16 Nov 2024 22:33:27 +0000] [/wp-content/cache/minify/3888a.css] [https://www.erminevo.it/?fbclid=PAZXh0bgNhZW0CMTEAAaZcIUTCFVFTgZnugKRApLgr25xfXPt26loeeDGcRWPEoT98yWHJCAlxVso_aem_LYVG-rjDzKyrPDZi7qRRnA] wp-content/plugins/cookie-law-info/legacy/public/css/cookie-law-info-public.css
[Sat, 16 Nov 2024 22:33:27 +0000] [/wp-content/cache/minify/15a18.css] [https://www.erminevo.it/?fbclid=PAZXh0bgNhZW0CMTEAAaZcIUTCFVFTgZnugKRApLgr25xfXPt26loeeDGcRWPEoT98yWHJCAlxVso_aem_LYVG-rjDzKyrPDZi7qRRnA] wp-content/themes/ErmiTheme/css/hamburgers.min.css
[Sat, 16 Nov 2024 22:33:27 +0000] [/wp-content/cache/minify/fdef4.css] [https://www.erminevo.it/?fbclid=PAZXh0bgNhZW0CMTEAAaZcIUTCFVFTgZnugKRApLgr25xfXPt26loeeDGcRWPEoT98yWHJCAlxVso_aem_LYVG-rjDzKyrPDZi7qRRnA] wp-content/plugins/cookie-law-info/legacy/public/css/cookie-law-info-gdpr.css
[Mon, 18 Nov 2024 09:34:26 +0000] [/wp-content/cache/minify/4c431.css] [https://www.erminevo.it/] wp-content/plugins/contact-form-7/includes/css/styles.css
[Mon, 18 Nov 2024 09:34:26 +0000] [/wp-content/cache/minify/1f540.js] [https://www.erminevo.it/] wp-content/plugins/contact-form-7/includes/swv/js/index.js
[Mon, 18 Nov 2024 09:34:26 +0000] [/wp-content/cache/minify/818c0.js] [https://www.erminevo.it/] wp-includes/js/jquery/jquery.min.js
wp-includes/js/jquery/jquery-migrate.min.js
[Mon, 18 Nov 2024 09:34:27 +0000] [/wp-content/cache/minify/9ef10.js] [https://www.erminevo.it/] wp-content/plugins/page-scroll-to-id/js/page-scroll-to-id.min.js
wp-includes/js/hoverIntent.min.js
wp-content/themes/genesis/lib/js/menu/superfish.min.js
wp-content/themes/genesis/lib/js/menu/superfish.args.min.js
wp-content/themes/genesis/lib/js/skip-links.min.js
wp-content/themes/ErmiTheme/js/flickity.pkgd.min.js
[Mon, 18 Nov 2024 17:22:10 +0000] [/wp-content/cache/minify/b68ea.js] [https://www.erminevo.it/] wp-content/plugins/contact-form-7/includes/js/index.js
[Mon, 18 Nov 2024 17:22:11 +0000] [/wp-content/cache/minify/f6500.css] [https://www.erminevo.it/] wp-content/themes/ErmiTheme/style.css
[Mon, 18 Nov 2024 17:22:12 +0000] [/wp-content/cache/minify/69e6a.css] [https://www.erminevo.it/] wp-content/themes/ErmiTheme/lib/gutenberg/front-end.css
[Mon, 18 Nov 2024 17:22:13 +0000] [/wp-content/cache/minify/15a18.css] [https://www.erminevo.it/] wp-content/themes/ErmiTheme/css/hamburgers.min.css
[Mon, 18 Nov 2024 17:22:14 +0000] [/wp-content/cache/minify/d085d.css] [https://www.erminevo.it/] wp-content/plugins/wp-featherlight/css/wp-featherlight.min.css
[Mon, 18 Nov 2024 17:22:14 +0000] [/wp-content/cache/minify/3888a.css] [https://www.erminevo.it/] wp-content/plugins/cookie-law-info/legacy/public/css/cookie-law-info-public.css
[Mon, 18 Nov 2024 17:22:14 +0000] [/wp-content/cache/minify/a5ff7.css] [https://www.erminevo.it/] wp-includes/css/dist/block-library/style.min.css
[Mon, 18 Nov 2024 17:22:14 +0000] [/wp-content/cache/minify/1d685.css] [https://www.erminevo.it/] wp-content/themes/ErmiTheme/css/flickity.min.css
[Mon, 18 Nov 2024 17:22:14 +0000] [/wp-content/cache/minify/e8954.js] [https://www.erminevo.it/] wp-content/plugins/contact-form-7/modules/recaptcha/index.js
wp-content/plugins/wp-featherlight/js/wpFeatherlight.pkgd.min.js
[Mon, 18 Nov 2024 17:22:14 +0000] [/wp-content/cache/minify/300ec.css] [https://www.erminevo.it/] wp-includes/css/dashicons.min.css
[Mon, 18 Nov 2024 17:22:14 +0000] [/wp-content/cache/minify/4e0b7.css] [https://www.erminevo.it/] wp-content/plugins/ermispettacoli/public/css/ermispettacoli-public.css
[Mon, 18 Nov 2024 17:22:14 +0000] [/wp-content/cache/minify/fdef4.css] [https://www.erminevo.it/] wp-content/plugins/cookie-law-info/legacy/public/css/cookie-law-info-gdpr.css
[Mon, 18 Nov 2024 17:22:15 +0000] [/wp-content/cache/minify/ffd7d.js] [https://www.erminevo.it/] wp-content/plugins/cookie-law-info/legacy/public/js/cookie-law-info-public.js
wp-content/plugins/ermispettacoli/public/js/ermispettacoli-public.js
[Mon, 18 Nov 2024 17:22:15 +0000] [/wp-content/cache/minify/dd690.js] [https://www.erminevo.it/] wp-includes/js/dist/vendor/wp-polyfill-inert.min.js
wp-includes/js/dist/vendor/regenerator-runtime.min.js
wp-includes/js/dist/vendor/wp-polyfill.min.js
wp-includes/js/dist/hooks.min.js
wp-includes/js/dist/i18n.min.js
[Mon, 18 Nov 2024 17:22:15 +0000] [/wp-content/cache/minify/a2afd.js] [https://www.erminevo.it/] wp-content/themes/genesis/lib/js/menu/responsive-menus.min.js
[Tue, 19 Nov 2024 18:59:31 +0000] [/wp-content/cache/minify/818c0.js] [-] wp-includes/js/jquery/jquery.min.js
wp-includes/js/jquery/jquery-migrate.min.js
[Tue, 19 Nov 2024 18:59:49 +0000] [/wp-content/cache/minify/1f540.js] [-] wp-content/plugins/contact-form-7/includes/swv/js/index.js
[Tue, 19 Nov 2024 18:59:50 +0000] [/wp-content/cache/minify/4c431.css] [-] wp-content/plugins/contact-form-7/includes/css/styles.css
[Tue, 19 Nov 2024 18:59:51 +0000] [/wp-content/cache/minify/9ef10.js] [-] wp-content/plugins/page-scroll-to-id/js/page-scroll-to-id.min.js
wp-includes/js/hoverIntent.min.js
wp-content/themes/genesis/lib/js/menu/superfish.min.js
wp-content/themes/genesis/lib/js/menu/superfish.args.min.js
wp-content/themes/genesis/lib/js/skip-links.min.js
wp-content/themes/ErmiTheme/js/flickity.pkgd.min.js
[Wed, 20 Nov 2024 16:32:08 +0000] [/wp-content/cache/minify/3888a.css] [https://www.erminevo.it/] wp-content/plugins/cookie-law-info/legacy/public/css/cookie-law-info-public.css
[Wed, 20 Nov 2024 16:32:10 +0000] [/wp-content/cache/minify/dd690.js] [https://www.erminevo.it/] wp-includes/js/dist/vendor/wp-polyfill-inert.min.js
wp-includes/js/dist/vendor/regenerator-runtime.min.js
wp-includes/js/dist/vendor/wp-polyfill.min.js
wp-includes/js/dist/hooks.min.js
wp-includes/js/dist/i18n.min.js
[Wed, 20 Nov 2024 16:32:11 +0000] [/wp-content/cache/minify/e8954.js] [https://www.erminevo.it/] wp-content/plugins/contact-form-7/modules/recaptcha/index.js
wp-content/plugins/wp-featherlight/js/wpFeatherlight.pkgd.min.js
[Wed, 20 Nov 2024 16:32:12 +0000] [/wp-content/cache/minify/a5ff7.css] [https://www.erminevo.it/] wp-includes/css/dist/block-library/style.min.css
[Wed, 20 Nov 2024 16:32:12 +0000] [/wp-content/cache/minify/ffd7d.js] [https://www.erminevo.it/] wp-content/plugins/cookie-law-info/legacy/public/js/cookie-law-info-public.js
wp-content/plugins/ermispettacoli/public/js/ermispettacoli-public.js
[Wed, 20 Nov 2024 16:32:12 +0000] [/wp-content/cache/minify/1d685.css] [https://www.erminevo.it/] wp-content/themes/ErmiTheme/css/flickity.min.css
[Wed, 20 Nov 2024 16:32:13 +0000] [/wp-content/cache/minify/15a18.css] [https://www.erminevo.it/] wp-content/themes/ErmiTheme/css/hamburgers.min.css
[Wed, 20 Nov 2024 16:32:13 +0000] [/wp-content/cache/minify/a2afd.js] [https://www.erminevo.it/] wp-content/themes/genesis/lib/js/menu/responsive-menus.min.js
[Wed, 20 Nov 2024 16:32:13 +0000] [/wp-content/cache/minify/fdef4.css] [https://www.erminevo.it/] wp-content/plugins/cookie-law-info/legacy/public/css/cookie-law-info-gdpr.css
[Wed, 20 Nov 2024 16:32:13 +0000] [/wp-content/cache/minify/d085d.css] [https://www.erminevo.it/] wp-content/plugins/wp-featherlight/css/wp-featherlight.min.css
[Wed, 20 Nov 2024 18:11:51 +0000] [/wp-content/cache/minify/4e0b7.css] [https://www.erminevo.it/] wp-content/plugins/ermispettacoli/public/css/ermispettacoli-public.css
[Wed, 20 Nov 2024 18:11:51 +0000] [/wp-content/cache/minify/69e6a.css] [https://www.erminevo.it/] wp-content/themes/ErmiTheme/lib/gutenberg/front-end.css
[Wed, 20 Nov 2024 18:11:52 +0000] [/wp-content/cache/minify/300ec.css] [https://www.erminevo.it/] wp-includes/css/dashicons.min.css
[Wed, 20 Nov 2024 18:11:54 +0000] [/wp-content/cache/minify/f6500.css] [https://www.erminevo.it/] wp-content/themes/ErmiTheme/style.css
[Wed, 20 Nov 2024 18:11:57 +0000] [/wp-content/cache/minify/b68ea.js] [https://www.erminevo.it/] wp-content/plugins/contact-form-7/includes/js/index.js
[Fri, 22 Nov 2024 03:55:00 +0000] [/wp-content/cache/minify/a5ff7.css] [https://www.erminevo.it/] wp-includes/css/dist/block-library/style.min.css
[Fri, 22 Nov 2024 03:55:01 +0000] [/wp-content/cache/minify/dd690.js] [https://www.erminevo.it/] wp-includes/js/dist/vendor/wp-polyfill-inert.min.js
wp-includes/js/dist/vendor/regenerator-runtime.min.js
wp-includes/js/dist/vendor/wp-polyfill.min.js
wp-includes/js/dist/hooks.min.js
wp-includes/js/dist/i18n.min.js
[Fri, 22 Nov 2024 03:55:01 +0000] [/wp-content/cache/minify/1d685.css] [https://www.erminevo.it/] wp-content/themes/ErmiTheme/css/flickity.min.css
[Fri, 22 Nov 2024 03:55:01 +0000] [/wp-content/cache/minify/d085d.css] [https://www.erminevo.it/] wp-content/plugins/wp-featherlight/css/wp-featherlight.min.css
[Fri, 22 Nov 2024 03:55:01 +0000] [/wp-content/cache/minify/ffd7d.js] [https://www.erminevo.it/] wp-content/plugins/cookie-law-info/legacy/public/js/cookie-law-info-public.js
wp-content/plugins/ermispettacoli/public/js/ermispettacoli-public.js
[Fri, 22 Nov 2024 03:55:01 +0000] [/wp-content/cache/minify/1f540.js] [https://www.erminevo.it/] wp-content/plugins/contact-form-7/includes/swv/js/index.js
[Fri, 22 Nov 2024 03:55:01 +0000] [/wp-content/cache/minify/4e0b7.css] [https://www.erminevo.it/] wp-content/plugins/ermispettacoli/public/css/ermispettacoli-public.css
[Fri, 22 Nov 2024 03:55:01 +0000] [/wp-content/cache/minify/b68ea.js] [https://www.erminevo.it/] wp-content/plugins/contact-form-7/includes/js/index.js
[Fri, 22 Nov 2024 03:55:02 +0000] [/wp-content/cache/minify/a2afd.js] [https://www.erminevo.it/] wp-content/themes/genesis/lib/js/menu/responsive-menus.min.js
[Fri, 22 Nov 2024 03:55:02 +0000] [/wp-content/cache/minify/e8954.js] [https://www.erminevo.it/] wp-content/plugins/contact-form-7/modules/recaptcha/index.js
wp-content/plugins/wp-featherlight/js/wpFeatherlight.pkgd.min.js
[Fri, 22 Nov 2024 13:31:29 +0000] [/wp-content/cache/minify/818c0.js] [https://www.erminevo.it/] wp-includes/js/jquery/jquery.min.js
wp-includes/js/jquery/jquery-migrate.min.js
[Sat, 23 Nov 2024 01:43:51 +0000] [/wp-content/cache/minify/fdef4.css] [https://www.erminevo.it/] wp-content/plugins/cookie-law-info/legacy/public/css/cookie-law-info-gdpr.css
[Sat, 23 Nov 2024 01:43:52 +0000] [/wp-content/cache/minify/3888a.css] [https://www.erminevo.it/] wp-content/plugins/cookie-law-info/legacy/public/css/cookie-law-info-public.css
[Sat, 23 Nov 2024 01:43:52 +0000] [/wp-content/cache/minify/4c431.css] [https://www.erminevo.it/] wp-content/plugins/contact-form-7/includes/css/styles.css
[Sat, 23 Nov 2024 01:43:53 +0000] [/wp-content/cache/minify/f6500.css] [https://www.erminevo.it/] wp-content/themes/ErmiTheme/style.css
[Sat, 23 Nov 2024 01:43:54 +0000] [/wp-content/cache/minify/15a18.css] [https://www.erminevo.it/] wp-content/themes/ErmiTheme/css/hamburgers.min.css
[Sat, 23 Nov 2024 01:43:55 +0000] [/wp-content/cache/minify/300ec.css] [https://www.erminevo.it/] wp-includes/css/dashicons.min.css
[Sat, 23 Nov 2024 01:43:55 +0000] [/wp-content/cache/minify/69e6a.css] [https://www.erminevo.it/] wp-content/themes/ErmiTheme/lib/gutenberg/front-end.css
[Sat, 23 Nov 2024 01:43:58 +0000] [/wp-content/cache/minify/9ef10.js] [https://www.erminevo.it/] wp-content/plugins/page-scroll-to-id/js/page-scroll-to-id.min.js
wp-includes/js/hoverIntent.min.js
wp-content/themes/genesis/lib/js/menu/superfish.min.js
wp-content/themes/genesis/lib/js/menu/superfish.args.min.js
wp-content/themes/genesis/lib/js/skip-links.min.js
wp-content/themes/ErmiTheme/js/flickity.pkgd.min.js
[Sun, 24 Nov 2024 17:09:38 +0000] [/wp-content/cache/minify/9ef10.js] [https://www.erminevo.it/] wp-content/plugins/page-scroll-to-id/js/page-scroll-to-id.min.js
wp-includes/js/hoverIntent.min.js
wp-content/themes/genesis/lib/js/menu/superfish.min.js
wp-content/themes/genesis/lib/js/menu/superfish.args.min.js
wp-content/themes/genesis/lib/js/skip-links.min.js
wp-content/themes/ErmiTheme/js/flickity.pkgd.min.js
[Sun, 24 Nov 2024 17:09:38 +0000] [/wp-content/cache/minify/69e6a.css] [https://www.erminevo.it/] wp-content/themes/ErmiTheme/lib/gutenberg/front-end.css
[Sun, 24 Nov 2024 17:09:39 +0000] [/wp-content/cache/minify/3888a.css] [https://www.erminevo.it/] wp-content/plugins/cookie-law-info/legacy/public/css/cookie-law-info-public.css
[Sun, 24 Nov 2024 17:09:39 +0000] [/wp-content/cache/minify/f6500.css] [https://www.erminevo.it/] wp-content/themes/ErmiTheme/style.css
[Mon, 25 Nov 2024 05:26:18 +0000] [/wp-content/cache/minify/d085d.css] [https://www.erminevo.it/labirinti-teatrali/] wp-content/plugins/wp-featherlight/css/wp-featherlight.min.css
[Mon, 25 Nov 2024 05:26:19 +0000] [/wp-content/cache/minify/4c431.css] [https://www.erminevo.it/labirinti-teatrali/] wp-content/plugins/contact-form-7/includes/css/styles.css
[Mon, 25 Nov 2024 05:26:20 +0000] [/wp-content/cache/minify/a5ff7.css] [https://www.erminevo.it/labirinti-teatrali/] wp-includes/css/dist/block-library/style.min.css
[Mon, 25 Nov 2024 05:26:20 +0000] [/wp-content/cache/minify/818c0.js] [https://www.erminevo.it/labirinti-teatrali/] wp-includes/js/jquery/jquery.min.js
wp-includes/js/jquery/jquery-migrate.min.js
[Mon, 25 Nov 2024 05:26:22 +0000] [/wp-content/cache/minify/300ec.css] [https://www.erminevo.it/labirinti-teatrali/] wp-includes/css/dashicons.min.css
[Mon, 25 Nov 2024 05:26:23 +0000] [/wp-content/cache/minify/fdef4.css] [https://www.erminevo.it/labirinti-teatrali/] wp-content/plugins/cookie-law-info/legacy/public/css/cookie-law-info-gdpr.css
[Mon, 25 Nov 2024 05:26:24 +0000] [/wp-content/cache/minify/1d685.css] [https://www.erminevo.it/labirinti-teatrali/] wp-content/themes/ErmiTheme/css/flickity.min.css
[Mon, 25 Nov 2024 05:26:26 +0000] [/wp-content/cache/minify/4e0b7.css] [https://www.erminevo.it/labirinti-teatrali/] wp-content/plugins/ermispettacoli/public/css/ermispettacoli-public.css
[Mon, 25 Nov 2024 05:26:29 +0000] [/wp-content/cache/minify/b68ea.js] [https://www.erminevo.it/labirinti-teatrali/] wp-content/plugins/contact-form-7/includes/js/index.js
[Mon, 25 Nov 2024 05:26:30 +0000] [/wp-content/cache/minify/a2afd.js] [https://www.erminevo.it/labirinti-teatrali/] wp-content/themes/genesis/lib/js/menu/responsive-menus.min.js
[Mon, 25 Nov 2024 06:04:05 +0000] [/wp-content/cache/minify/1f540.js] [https://www.erminevo.it/rientro-dalle-vacanze-con-restile/] wp-content/plugins/contact-form-7/includes/swv/js/index.js
[Mon, 25 Nov 2024 06:04:07 +0000] [/wp-content/cache/minify/69faf.js] [https://www.erminevo.it/rientro-dalle-vacanze-con-restile/] wp-includes/js/comment-reply.min.js
[Mon, 25 Nov 2024 07:47:37 +0000] [/wp-content/cache/minify/15a18.css] [https://www.erminevo.it/] wp-content/themes/ErmiTheme/css/hamburgers.min.css
[Mon, 25 Nov 2024 07:47:40 +0000] [/wp-content/cache/minify/ffd7d.js] [https://www.erminevo.it/] wp-content/plugins/cookie-law-info/legacy/public/js/cookie-law-info-public.js
wp-content/plugins/ermispettacoli/public/js/ermispettacoli-public.js
[Mon, 25 Nov 2024 19:38:30 +0000] [/wp-content/cache/minify/dd690.js] [https://www.erminevo.it/] wp-includes/js/dist/vendor/wp-polyfill-inert.min.js
wp-includes/js/dist/vendor/regenerator-runtime.min.js
wp-includes/js/dist/vendor/wp-polyfill.min.js
wp-includes/js/dist/hooks.min.js
wp-includes/js/dist/i18n.min.js
[Tue, 26 Nov 2024 12:32:08 +0000] [/wp-content/cache/minify/9ef10.js] [-] wp-content/plugins/page-scroll-to-id/js/page-scroll-to-id.min.js
wp-includes/js/hoverIntent.min.js
wp-content/themes/genesis/lib/js/menu/superfish.min.js
wp-content/themes/genesis/lib/js/menu/superfish.args.min.js
wp-content/themes/genesis/lib/js/skip-links.min.js
wp-content/themes/ErmiTheme/js/flickity.pkgd.min.js
[Tue, 26 Nov 2024 12:32:08 +0000] [/wp-content/cache/minify/e8954.js] [-] wp-content/plugins/contact-form-7/modules/recaptcha/index.js
wp-content/plugins/wp-featherlight/js/wpFeatherlight.pkgd.min.js
[Tue, 26 Nov 2024 12:35:16 +0000] [/wp-content/cache/minify/f6500.css] [https://www.erminevo.it/?fbclid=IwZXh0bgNhZW0CMTEAAR0tqWCTb7ink46fJAtUxEi4MdeftH3YVkCiqZ1a495v8rZHdBI3HRr6NE0_aem_SkfnscMyXSyidrFerV3srw] wp-content/themes/ErmiTheme/style.css
[Tue, 26 Nov 2024 12:35:17 +0000] [/wp-content/cache/minify/69e6a.css] [https://www.erminevo.it/?fbclid=IwZXh0bgNhZW0CMTEAAR0tqWCTb7ink46fJAtUxEi4MdeftH3YVkCiqZ1a495v8rZHdBI3HRr6NE0_aem_SkfnscMyXSyidrFerV3srw] wp-content/themes/ErmiTheme/lib/gutenberg/front-end.css
[Tue, 26 Nov 2024 12:35:17 +0000] [/wp-content/cache/minify/3888a.css] [https://www.erminevo.it/?fbclid=IwZXh0bgNhZW0CMTEAAR0tqWCTb7ink46fJAtUxEi4MdeftH3YVkCiqZ1a495v8rZHdBI3HRr6NE0_aem_SkfnscMyXSyidrFerV3srw] wp-content/plugins/cookie-law-info/legacy/public/css/cookie-law-info-public.css
[Tue, 26 Nov 2024 12:35:18 +0000] [/wp-content/cache/minify/9ef10.js] [https://www.erminevo.it/?fbclid=IwZXh0bgNhZW0CMTEAAR0tqWCTb7ink46fJAtUxEi4MdeftH3YVkCiqZ1a495v8rZHdBI3HRr6NE0_aem_SkfnscMyXSyidrFerV3srw] wp-content/plugins/page-scroll-to-id/js/page-scroll-to-id.min.js
wp-includes/js/hoverIntent.min.js
wp-content/themes/genesis/lib/js/menu/superfish.min.js
wp-content/themes/genesis/lib/js/menu/superfish.args.min.js
wp-content/themes/genesis/lib/js/skip-links.min.js
wp-content/themes/ErmiTheme/js/flickity.pkgd.min.js
[Tue, 26 Nov 2024 12:35:18 +0000] [/wp-content/cache/minify/e8954.js] [https://www.erminevo.it/?fbclid=IwZXh0bgNhZW0CMTEAAR0tqWCTb7ink46fJAtUxEi4MdeftH3YVkCiqZ1a495v8rZHdBI3HRr6NE0_aem_SkfnscMyXSyidrFerV3srw] wp-content/plugins/contact-form-7/modules/recaptcha/index.js
wp-content/plugins/wp-featherlight/js/wpFeatherlight.pkgd.min.js
[Tue, 26 Nov 2024 18:06:20 +0000] [/wp-content/cache/minify/4e0b7.css] [https://www.erminevo.it/comune-di-lumezzane/] wp-content/plugins/ermispettacoli/public/css/ermispettacoli-public.css
[Tue, 26 Nov 2024 18:06:21 +0000] [/wp-content/cache/minify/a5ff7.css] [https://www.erminevo.it/comune-di-lumezzane/] wp-includes/css/dist/block-library/style.min.css
[Tue, 26 Nov 2024 18:06:23 +0000] [/wp-content/cache/minify/ffd7d.js] [https://www.erminevo.it/comune-di-lumezzane/] wp-content/plugins/cookie-law-info/legacy/public/js/cookie-law-info-public.js
wp-content/plugins/ermispettacoli/public/js/ermispettacoli-public.js
[Tue, 26 Nov 2024 18:06:24 +0000] [/wp-content/cache/minify/b68ea.js] [https://www.erminevo.it/comune-di-lumezzane/] wp-content/plugins/contact-form-7/includes/js/index.js
[Tue, 26 Nov 2024 18:06:25 +0000] [/wp-content/cache/minify/1d685.css] [https://www.erminevo.it/comune-di-lumezzane/] wp-content/themes/ErmiTheme/css/flickity.min.css
[Tue, 26 Nov 2024 18:06:25 +0000] [/wp-content/cache/minify/4c431.css] [https://www.erminevo.it/comune-di-lumezzane/] wp-content/plugins/contact-form-7/includes/css/styles.css
[Tue, 26 Nov 2024 18:06:25 +0000] [/wp-content/cache/minify/300ec.css] [https://www.erminevo.it/comune-di-lumezzane/] wp-includes/css/dashicons.min.css
[Tue, 26 Nov 2024 18:06:26 +0000] [/wp-content/cache/minify/15a18.css] [https://www.erminevo.it/comune-di-lumezzane/] wp-content/themes/ErmiTheme/css/hamburgers.min.css
[Tue, 26 Nov 2024 18:06:26 +0000] [/wp-content/cache/minify/1f540.js] [https://www.erminevo.it/comune-di-lumezzane/] wp-content/plugins/contact-form-7/includes/swv/js/index.js
[Tue, 26 Nov 2024 18:06:26 +0000] [/wp-content/cache/minify/d085d.css] [https://www.erminevo.it/comune-di-lumezzane/] wp-content/plugins/wp-featherlight/css/wp-featherlight.min.css
[Tue, 26 Nov 2024 18:06:26 +0000] [/wp-content/cache/minify/fdef4.css] [https://www.erminevo.it/comune-di-lumezzane/] wp-content/plugins/cookie-law-info/legacy/public/css/cookie-law-info-gdpr.css
[Tue, 26 Nov 2024 18:06:26 +0000] [/wp-content/cache/minify/818c0.js] [https://www.erminevo.it/comune-di-lumezzane/] wp-includes/js/jquery/jquery.min.js
wp-includes/js/jquery/jquery-migrate.min.js
[Tue, 26 Nov 2024 18:06:26 +0000] [/wp-content/cache/minify/a2afd.js] [https://www.erminevo.it/comune-di-lumezzane/] wp-content/themes/genesis/lib/js/menu/responsive-menus.min.js
[Thu, 28 Nov 2024 14:18:29 +0000] [/wp-content/cache/minify/f6500.css] [https://www.erminevo.it/] wp-content/themes/ErmiTheme/style.css
[Thu, 28 Nov 2024 14:18:29 +0000] [/wp-content/cache/minify/3888a.css] [https://www.erminevo.it/] wp-content/plugins/cookie-law-info/legacy/public/css/cookie-law-info-public.css
[Thu, 28 Nov 2024 14:18:31 +0000] [/wp-content/cache/minify/dd690.js] [https://www.erminevo.it/] wp-includes/js/dist/vendor/wp-polyfill-inert.min.js
wp-includes/js/dist/vendor/regenerator-runtime.min.js
wp-includes/js/dist/vendor/wp-polyfill.min.js
wp-includes/js/dist/hooks.min.js
wp-includes/js/dist/i18n.min.js
[Thu, 28 Nov 2024 14:18:32 +0000] [/wp-content/cache/minify/69e6a.css] [https://www.erminevo.it/] wp-content/themes/ErmiTheme/lib/gutenberg/front-end.css
[Thu, 28 Nov 2024 14:18:32 +0000] [/wp-content/cache/minify/9ef10.js] [https://www.erminevo.it/] wp-content/plugins/page-scroll-to-id/js/page-scroll-to-id.min.js
wp-includes/js/hoverIntent.min.js
wp-content/themes/genesis/lib/js/menu/superfish.min.js
wp-content/themes/genesis/lib/js/menu/superfish.args.min.js
wp-content/themes/genesis/lib/js/skip-links.min.js
wp-content/themes/ErmiTheme/js/flickity.pkgd.min.js
[Thu, 28 Nov 2024 14:18:32 +0000] [/wp-content/cache/minify/e8954.js] [https://www.erminevo.it/] wp-content/plugins/contact-form-7/modules/recaptcha/index.js
wp-content/plugins/wp-featherlight/js/wpFeatherlight.pkgd.min.js
[Fri, 29 Nov 2024 06:33:28 +0000] [/wp-content/cache/minify/d085d.css] [-] wp-content/plugins/wp-featherlight/css/wp-featherlight.min.css
[Fri, 29 Nov 2024 06:33:34 +0000] [/wp-content/cache/minify/1d685.css] [-] wp-content/themes/ErmiTheme/css/flickity.min.css
[Fri, 29 Nov 2024 06:33:35 +0000] [/wp-content/cache/minify/15a18.css] [-] wp-content/themes/ErmiTheme/css/hamburgers.min.css
[Fri, 29 Nov 2024 06:33:35 +0000] [/wp-content/cache/minify/4e0b7.css] [-] wp-content/plugins/ermispettacoli/public/css/ermispettacoli-public.css
[Fri, 29 Nov 2024 06:33:36 +0000] [/wp-content/cache/minify/818c0.js] [-] wp-includes/js/jquery/jquery.min.js
wp-includes/js/jquery/jquery-migrate.min.js
[Fri, 29 Nov 2024 06:33:36 +0000] [/wp-content/cache/minify/a5ff7.css] [-] wp-includes/css/dist/block-library/style.min.css
[Fri, 29 Nov 2024 06:33:37 +0000] [/wp-content/cache/minify/fdef4.css] [-] wp-content/plugins/cookie-law-info/legacy/public/css/cookie-law-info-gdpr.css
[Fri, 29 Nov 2024 10:22:46 +0000] [/wp-content/cache/minify/4c431.css] [https://www.erminevo.it/unora-di-tranquillita/] wp-content/plugins/contact-form-7/includes/css/styles.css
[Fri, 29 Nov 2024 10:22:47 +0000] [/wp-content/cache/minify/ffd7d.js] [https://www.erminevo.it/unora-di-tranquillita/] wp-content/plugins/cookie-law-info/legacy/public/js/cookie-law-info-public.js
wp-content/plugins/ermispettacoli/public/js/ermispettacoli-public.js
[Fri, 29 Nov 2024 10:22:49 +0000] [/wp-content/cache/minify/a2afd.js] [https://www.erminevo.it/unora-di-tranquillita/] wp-content/themes/genesis/lib/js/menu/responsive-menus.min.js
[Fri, 29 Nov 2024 12:59:10 +0000] [/wp-content/cache/minify/300ec.css] [https://www.erminevo.it/?fbclid=IwZXh0bgNhZW0CMTEAAR2Po6jHfvFejsGoDFsDoWCejSnQHVb2LiQbTPr7iN3Wno3YY2KEZJKZlZA_aem_sblYwF6dLfDxGbhPVIE6lA] wp-includes/css/dashicons.min.css
[Fri, 29 Nov 2024 12:59:10 +0000] [/wp-content/cache/minify/1f540.js] [https://www.erminevo.it/?fbclid=IwZXh0bgNhZW0CMTEAAR2Po6jHfvFejsGoDFsDoWCejSnQHVb2LiQbTPr7iN3Wno3YY2KEZJKZlZA_aem_sblYwF6dLfDxGbhPVIE6lA] wp-content/plugins/contact-form-7/includes/swv/js/index.js
[Fri, 29 Nov 2024 12:59:11 +0000] [/wp-content/cache/minify/b68ea.js] [https://www.erminevo.it/?fbclid=IwZXh0bgNhZW0CMTEAAR2Po6jHfvFejsGoDFsDoWCejSnQHVb2LiQbTPr7iN3Wno3YY2KEZJKZlZA_aem_sblYwF6dLfDxGbhPVIE6lA] wp-content/plugins/contact-form-7/includes/js/index.js
[Sun, 01 Dec 2024 03:40:29 +0000] [/wp-content/cache/minify/f6500.css] [https://www.erminevo.it/] wp-content/themes/ErmiTheme/style.css
[Sun, 01 Dec 2024 03:40:29 +0000] [/wp-content/cache/minify/dd690.js] [https://www.erminevo.it/] wp-includes/js/dist/vendor/wp-polyfill-inert.min.js
wp-includes/js/dist/vendor/regenerator-runtime.min.js
wp-includes/js/dist/vendor/wp-polyfill.min.js
wp-includes/js/dist/hooks.min.js
wp-includes/js/dist/i18n.min.js
[Sun, 01 Dec 2024 03:40:30 +0000] [/wp-content/cache/minify/b68ea.js] [https://www.erminevo.it/] wp-content/plugins/contact-form-7/includes/js/index.js
[Sun, 01 Dec 2024 03:40:30 +0000] [/wp-content/cache/minify/9ef10.js] [https://www.erminevo.it/] wp-content/plugins/page-scroll-to-id/js/page-scroll-to-id.min.js
wp-includes/js/hoverIntent.min.js
wp-content/themes/genesis/lib/js/menu/superfish.min.js
wp-content/themes/genesis/lib/js/menu/superfish.args.min.js
wp-content/themes/genesis/lib/js/skip-links.min.js
wp-content/themes/ErmiTheme/js/flickity.pkgd.min.js
[Sun, 01 Dec 2024 03:40:30 +0000] [/wp-content/cache/minify/a2afd.js] [https://www.erminevo.it/] wp-content/themes/genesis/lib/js/menu/responsive-menus.min.js
[Sun, 01 Dec 2024 03:40:30 +0000] [/wp-content/cache/minify/e8954.js] [https://www.erminevo.it/] wp-content/plugins/contact-form-7/modules/recaptcha/index.js
wp-content/plugins/wp-featherlight/js/wpFeatherlight.pkgd.min.js
[Sun, 01 Dec 2024 03:40:30 +0000] [/wp-content/cache/minify/a5ff7.css] [https://www.erminevo.it/] wp-includes/css/dist/block-library/style.min.css
[Sun, 01 Dec 2024 03:40:31 +0000] [/wp-content/cache/minify/3888a.css] [https://www.erminevo.it/] wp-content/plugins/cookie-law-info/legacy/public/css/cookie-law-info-public.css
[Sun, 01 Dec 2024 03:40:32 +0000] [/wp-content/cache/minify/fdef4.css] [https://www.erminevo.it/] wp-content/plugins/cookie-law-info/legacy/public/css/cookie-law-info-gdpr.css
[Sun, 01 Dec 2024 03:40:32 +0000] [/wp-content/cache/minify/818c0.js] [https://www.erminevo.it/] wp-includes/js/jquery/jquery.min.js
wp-includes/js/jquery/jquery-migrate.min.js
[Sun, 01 Dec 2024 03:40:33 +0000] [/wp-content/cache/minify/d085d.css] [https://www.erminevo.it/] wp-content/plugins/wp-featherlight/css/wp-featherlight.min.css
[Sun, 01 Dec 2024 03:40:33 +0000] [/wp-content/cache/minify/69e6a.css] [https://www.erminevo.it/] wp-content/themes/ErmiTheme/lib/gutenberg/front-end.css
[Sun, 01 Dec 2024 03:40:33 +0000] [/wp-content/cache/minify/300ec.css] [https://www.erminevo.it/] wp-includes/css/dashicons.min.css
[Sun, 01 Dec 2024 03:40:34 +0000] [/wp-content/cache/minify/4c431.css] [https://www.erminevo.it/] wp-content/plugins/contact-form-7/includes/css/styles.css
[Sun, 01 Dec 2024 03:40:34 +0000] [/wp-content/cache/minify/4e0b7.css] [https://www.erminevo.it/] wp-content/plugins/ermispettacoli/public/css/ermispettacoli-public.css
[Sun, 01 Dec 2024 03:40:34 +0000] [/wp-content/cache/minify/1f540.js] [https://www.erminevo.it/] wp-content/plugins/contact-form-7/includes/swv/js/index.js
[Sun, 01 Dec 2024 03:40:34 +0000] [/wp-content/cache/minify/ffd7d.js] [https://www.erminevo.it/] wp-content/plugins/cookie-law-info/legacy/public/js/cookie-law-info-public.js
wp-content/plugins/ermispettacoli/public/js/ermispettacoli-public.js
[Sun, 01 Dec 2024 03:40:34 +0000] [/wp-content/cache/minify/15a18.css] [https://www.erminevo.it/] wp-content/themes/ErmiTheme/css/hamburgers.min.css
[Sun, 01 Dec 2024 03:40:34 +0000] [/wp-content/cache/minify/1d685.css] [https://www.erminevo.it/] wp-content/themes/ErmiTheme/css/flickity.min.css
[Tue, 03 Dec 2024 09:02:09 +0000] [/wp-content/cache/minify/4c431.css] [https://www.erminevo.it/] wp-content/plugins/contact-form-7/includes/css/styles.css
[Tue, 03 Dec 2024 09:02:09 +0000] [/wp-content/cache/minify/a5ff7.css] [https://www.erminevo.it/] wp-includes/css/dist/block-library/style.min.css
[Tue, 03 Dec 2024 09:02:09 +0000] [/wp-content/cache/minify/3888a.css] [https://www.erminevo.it/] wp-content/plugins/cookie-law-info/legacy/public/css/cookie-law-info-public.css
[Tue, 03 Dec 2024 09:02:10 +0000] [/wp-content/cache/minify/4e0b7.css] [https://www.erminevo.it/] wp-content/plugins/ermispettacoli/public/css/ermispettacoli-public.css
[Tue, 03 Dec 2024 09:02:10 +0000] [/wp-content/cache/minify/f6500.css] [https://www.erminevo.it/] wp-content/themes/ErmiTheme/style.css
[Tue, 03 Dec 2024 09:02:10 +0000] [/wp-content/cache/minify/fdef4.css] [https://www.erminevo.it/] wp-content/plugins/cookie-law-info/legacy/public/css/cookie-law-info-gdpr.css
[Tue, 03 Dec 2024 09:02:11 +0000] [/wp-content/cache/minify/300ec.css] [https://www.erminevo.it/] wp-includes/css/dashicons.min.css
[Tue, 03 Dec 2024 09:02:11 +0000] [/wp-content/cache/minify/1d685.css] [https://www.erminevo.it/] wp-content/themes/ErmiTheme/css/flickity.min.css
[Tue, 03 Dec 2024 09:02:11 +0000] [/wp-content/cache/minify/15a18.css] [https://www.erminevo.it/] wp-content/themes/ErmiTheme/css/hamburgers.min.css
[Tue, 03 Dec 2024 09:02:12 +0000] [/wp-content/cache/minify/69e6a.css] [https://www.erminevo.it/] wp-content/themes/ErmiTheme/lib/gutenberg/front-end.css
[Tue, 03 Dec 2024 09:02:13 +0000] [/wp-content/cache/minify/d085d.css] [https://www.erminevo.it/] wp-content/plugins/wp-featherlight/css/wp-featherlight.min.css
[Tue, 03 Dec 2024 09:02:13 +0000] [/wp-content/cache/minify/818c0.js] [https://www.erminevo.it/] wp-includes/js/jquery/jquery.min.js
wp-includes/js/jquery/jquery-migrate.min.js
[Tue, 03 Dec 2024 09:02:14 +0000] [/wp-content/cache/minify/ffd7d.js] [https://www.erminevo.it/] wp-content/plugins/cookie-law-info/legacy/public/js/cookie-law-info-public.js
wp-content/plugins/ermispettacoli/public/js/ermispettacoli-public.js
[Tue, 03 Dec 2024 09:02:14 +0000] [/wp-content/cache/minify/dd690.js] [https://www.erminevo.it/] wp-includes/js/dist/vendor/wp-polyfill-inert.min.js
wp-includes/js/dist/vendor/regenerator-runtime.min.js
wp-includes/js/dist/vendor/wp-polyfill.min.js
wp-includes/js/dist/hooks.min.js
wp-includes/js/dist/i18n.min.js
[Tue, 03 Dec 2024 09:02:14 +0000] [/wp-content/cache/minify/1f540.js] [https://www.erminevo.it/] wp-content/plugins/contact-form-7/includes/swv/js/index.js
[Tue, 03 Dec 2024 09:02:15 +0000] [/wp-content/cache/minify/b68ea.js] [https://www.erminevo.it/] wp-content/plugins/contact-form-7/includes/js/index.js
[Tue, 03 Dec 2024 09:02:16 +0000] [/wp-content/cache/minify/9ef10.js] [https://www.erminevo.it/] wp-content/plugins/page-scroll-to-id/js/page-scroll-to-id.min.js
wp-includes/js/hoverIntent.min.js
wp-content/themes/genesis/lib/js/menu/superfish.min.js
wp-content/themes/genesis/lib/js/menu/superfish.args.min.js
wp-content/themes/genesis/lib/js/skip-links.min.js
wp-content/themes/ErmiTheme/js/flickity.pkgd.min.js
[Tue, 03 Dec 2024 09:02:16 +0000] [/wp-content/cache/minify/a2afd.js] [https://www.erminevo.it/] wp-content/themes/genesis/lib/js/menu/responsive-menus.min.js
[Tue, 03 Dec 2024 09:02:16 +0000] [/wp-content/cache/minify/e8954.js] [https://www.erminevo.it/] wp-content/plugins/contact-form-7/modules/recaptcha/index.js
wp-content/plugins/wp-featherlight/js/wpFeatherlight.pkgd.min.js
[Wed, 04 Dec 2024 03:00:26 +0000] [/wp-content/cache/minify/69faf.js] [https://www.erminevo.it/rientro-dalle-vacanze-con-restile/] wp-includes/js/comment-reply.min.js
[Thu, 05 Dec 2024 05:01:43 +0000] [/wp-content/cache/minify/15a18.css] [-] wp-content/themes/ErmiTheme/css/hamburgers.min.css
[Thu, 05 Dec 2024 05:01:44 +0000] [/wp-content/cache/minify/1d685.css] [-] wp-content/themes/ErmiTheme/css/flickity.min.css
[Thu, 05 Dec 2024 05:01:44 +0000] [/wp-content/cache/minify/818c0.js] [-] wp-includes/js/jquery/jquery.min.js
wp-includes/js/jquery/jquery-migrate.min.js
[Thu, 05 Dec 2024 05:01:45 +0000] [/wp-content/cache/minify/4e0b7.css] [-] wp-content/plugins/ermispettacoli/public/css/ermispettacoli-public.css
[Thu, 05 Dec 2024 05:01:45 +0000] [/wp-content/cache/minify/a5ff7.css] [-] wp-includes/css/dist/block-library/style.min.css
[Thu, 05 Dec 2024 05:01:46 +0000] [/wp-content/cache/minify/fdef4.css] [-] wp-content/plugins/cookie-law-info/legacy/public/css/cookie-law-info-gdpr.css
[Thu, 05 Dec 2024 05:01:47 +0000] [/wp-content/cache/minify/f6500.css] [-] wp-content/themes/ErmiTheme/style.css
[Thu, 05 Dec 2024 05:01:50 +0000] [/wp-content/cache/minify/3888a.css] [-] wp-content/plugins/cookie-law-info/legacy/public/css/cookie-law-info-public.css
[Thu, 05 Dec 2024 05:01:50 +0000] [/wp-content/cache/minify/d085d.css] [-] wp-content/plugins/wp-featherlight/css/wp-featherlight.min.css
[Thu, 05 Dec 2024 05:01:51 +0000] [/wp-content/cache/minify/dd690.js] [-] wp-includes/js/dist/vendor/wp-polyfill-inert.min.js
wp-includes/js/dist/vendor/regenerator-runtime.min.js
wp-includes/js/dist/vendor/wp-polyfill.min.js
wp-includes/js/dist/hooks.min.js
wp-includes/js/dist/i18n.min.js
[Thu, 05 Dec 2024 05:01:58 +0000] [/wp-content/cache/minify/1f540.js] [-] wp-content/plugins/contact-form-7/includes/swv/js/index.js
[Thu, 05 Dec 2024 05:01:59 +0000] [/wp-content/cache/minify/300ec.css] [-] wp-includes/css/dashicons.min.css
[Thu, 05 Dec 2024 05:01:59 +0000] [/wp-content/cache/minify/4c431.css] [-] wp-content/plugins/contact-form-7/includes/css/styles.css
[Thu, 05 Dec 2024 05:01:59 +0000] [/wp-content/cache/minify/69e6a.css] [-] wp-content/themes/ErmiTheme/lib/gutenberg/front-end.css
[Thu, 05 Dec 2024 05:02:00 +0000] [/wp-content/cache/minify/a2afd.js] [-] wp-content/themes/genesis/lib/js/menu/responsive-menus.min.js
[Thu, 05 Dec 2024 05:02:00 +0000] [/wp-content/cache/minify/9ef10.js] [-] wp-content/plugins/page-scroll-to-id/js/page-scroll-to-id.min.js
wp-includes/js/hoverIntent.min.js
wp-content/themes/genesis/lib/js/menu/superfish.min.js
wp-content/themes/genesis/lib/js/menu/superfish.args.min.js
wp-content/themes/genesis/lib/js/skip-links.min.js
wp-content/themes/ErmiTheme/js/flickity.pkgd.min.js
[Thu, 05 Dec 2024 05:02:01 +0000] [/wp-content/cache/minify/b68ea.js] [-] wp-content/plugins/contact-form-7/includes/js/index.js
[Thu, 05 Dec 2024 05:02:01 +0000] [/wp-content/cache/minify/e8954.js] [-] wp-content/plugins/contact-form-7/modules/recaptcha/index.js
wp-content/plugins/wp-featherlight/js/wpFeatherlight.pkgd.min.js
[Thu, 05 Dec 2024 05:02:01 +0000] [/wp-content/cache/minify/ffd7d.js] [-] wp-content/plugins/cookie-law-info/legacy/public/js/cookie-law-info-public.js
wp-content/plugins/ermispettacoli/public/js/ermispettacoli-public.js
